customer_id,total_revenue,total_orders,total_units,average_order_value,first_purchase,last_purchase
12346,77183.6,1,74215,77183.6,2011-01-18T10:01:00Z,2011-01-18T10:01:00Z
12347,4310,7,2458,615.7142857142857,2010-12-07T14:57:00Z,2011-12-07T15:52:00Z
12348,1797.24,4,2341,449.31,2010-12-16T19:09:00Z,2011-09-25T13:13:00Z
12349,1757.55,1,631,1757.55,2011-11-21T09:51:00Z,2011-11-21T09:51:00Z
12350,334.4,1,197,334.4,2011-02-02T16:01:00Z,2011-02-02T16:01:00Z
12352,2506.04,8,536,313.255,2011-02-16T12:33:00Z,2011-11-03T14:37:00Z
12353,89,1,20,89,2011-05-19T17:47:00Z,2011-05-19T17:47:00Z
12354,1079.4,1,530,1079.4,2011-04-21T13:11:00Z,2011-04-21T13:11:00Z
12355,459.4,1,240,459.4,2011-05-09T13:49:00Z,2011-05-09T13:49:00Z
12356,2811.43,3,1591,937.1433333333333,2011-01-18T09:50:00Z,2011-11-17T08:40:00Z
12357,6207.67,1,2708,6207.67,2011-11-06T16:07:00Z,2011-11-06T16:07:00Z
12358,1168.0600000000002,2,248,584.0300000000001,2011-07-12T10:04:00Z,2011-12-08T10:26:00Z
12359,6310.03,4,1609,1577.5075,2011-01-12T12:43:00Z,2011-10-13T12:47:00Z
12360,2662.06,3,1165,887.3533333333334,2011-05-23T09:43:00Z,2011-10-18T15:22:00Z
12361,189.9,1,91,189.9,2011-02-25T13:51:00Z,2011-02-25T13:51:00Z
12362,5226.23,10,2229,522.6229999999999,2011-02-17T10:30:00Z,2011-12-06T15:40:00Z
12363,552,2,408,276,2011-04-11T13:29:00Z,2011-08-22T10:18:00Z
12364,1313.1,4,1506,328.275,2011-08-19T15:24:00Z,2011-12-02T10:22:00Z
12365,641.38,2,174,320.69,2011-02-21T13:51:00Z,2011-02-21T14:04:00Z
12367,168.9,1,173,168.9,2011-12-05T16:48:00Z,2011-12-05T16:48:00Z
12370,3541.94,4,2352,885.485,2010-12-14T12:58:00Z,2011-10-19T14:51:00Z
12371,1887.96,2,591,943.98,2011-10-11T10:43:00Z,2011-10-26T10:16:00Z
12372,1298.04,3,794,432.68,2011-02-16T12:46:00Z,2011-09-29T12:12:00Z
12373,364.6,1,197,364.6,2011-02-01T13:10:00Z,2011-02-01T13:10:00Z
12374,742.9300000000001,1,342,742.9300000000001,2011-11-14T15:37:00Z,2011-11-14T15:37:00Z
12375,457.5,2,178,228.75,2011-09-02T14:23:00Z,2011-11-29T10:36:00Z
12377,1628.12,2,944,814.06,2010-12-20T09:37:00Z,2011-01-28T15:45:00Z
12378,4008.62,1,2529,4008.62,2011-08-02T10:34:00Z,2011-08-02T10:34:00Z
12379,852.24,2,407,426.12,2011-06-22T16:32:00Z,2011-09-19T10:09:00Z
12380,2724.81,4,1127,681.2025,2011-06-07T09:49:00Z,2011-11-18T11:27:00Z
12381,1845.31,5,808,369.062,2011-08-12T09:57:00Z,2011-12-05T12:44:00Z
12383,1850.56,5,1532,370.11199999999997,2010-12-22T14:28:00Z,2011-06-08T08:02:00Z
12384,585.27,2,126,292.635,2011-08-10T11:23:00Z,2011-11-11T08:39:00Z
12386,401.9,2,354,200.95,2010-12-08T09:53:00Z,2011-01-06T12:37:00Z
12388,2780.6600000000003,6,1462,463.4433333333334,2011-01-17T11:12:00Z,2011-11-24T12:30:00Z
12390,549.84,1,353,549.84,2011-09-21T09:33:00Z,2011-09-21T09:33:00Z
12391,439.66,1,293,439.66,2011-11-18T12:07:00Z,2011-11-18T12:07:00Z
12393,1582.6000000000001,4,816,395.65000000000003,2011-01-11T09:47:00Z,2011-09-28T15:41:00Z
12394,1272.48,2,819,636.24,2011-05-06T14:01:00Z,2011-10-07T08:08:00Z
12395,3018.63,12,2118,251.5525,2010-12-03T16:35:00Z,2011-11-20T15:21:00Z
12397,2409.9,2,1263,1204.95,2011-07-27T14:21:00Z,2011-11-04T09:52:00Z
12398,1635.66,1,1394,1635.66,2011-10-25T10:27:00Z,2011-10-25T10:27:00Z
12399,1108.65,4,1178,277.1625,2011-03-23T09:42:00Z,2011-08-12T13:15:00Z
12401,84.3,1,11,84.3,2011-02-09T13:50:00Z,2011-02-09T13:50:00Z
12402,225.6,1,94,225.6,2011-01-20T13:49:00Z,2011-01-20T13:49:00Z
12403,427.7,1,96,427.7,2011-10-21T10:51:00Z,2011-10-21T10:51:00Z
12405,1710.39,1,857,1710.39,2011-07-14T08:52:00Z,2011-07-14T08:52:00Z
12406,3415.3,2,1818,1707.65,2011-06-09T10:23:00Z,2011-11-17T19:22:00Z
12407,1708.12,5,1416,341.62399999999997,2011-03-20T13:21:00Z,2011-10-21T10:11:00Z
12408,2888.55,5,1409,577.71,2011-03-24T14:46:00Z,2011-11-07T12:27:00Z
12409,11072.67,3,5551,3690.89,2011-06-10T12:19:00Z,2011-09-22T10:38:00Z
12410,693.33,2,211,346.665,2011-02-04T10:38:00Z,2011-02-04T10:39:00Z
12412,1226.88,3,829,408.96000000000004,2011-06-23T13:51:00Z,2011-09-26T10:16:00Z
12413,758.1,3,286,252.70000000000002,2011-01-06T16:12:00Z,2011-10-04T09:00:00Z
12414,562.41,3,300,187.47,2011-02-02T14:51:00Z,2011-05-06T14:51:00Z
12415,124914.53,21,77670,5948.310952380953,2011-01-06T11:12:00Z,2011-11-15T14:22:00Z
12417,3649.1,9,1552,405.4555555555555,2010-12-17T11:51:00Z,2011-12-06T14:52:00Z
12418,668.58,1,407,668.58,2011-08-19T11:08:00Z,2011-08-19T11:08:00Z
12420,600.39,1,345,600.39,2011-10-07T08:55:00Z,2011-10-07T08:55:00Z
12421,807.04,4,484,201.76,2011-01-24T15:09:00Z,2011-11-24T09:07:00Z
12422,803.5600000000001,3,370,267.85333333333335,2011-01-19T09:13:00Z,2011-09-05T09:48:00Z
12423,1859.31,8,1339,232.41375,2010-12-21T10:54:00Z,2011-12-09T10:10:00Z
12424,1760.96,2,740,880.48,2011-06-30T12:06:00Z,2011-06-30T12:06:00Z
12425,777.2,1,496,777.2,2011-09-22T17:31:00Z,2011-09-22T17:31:00Z
12426,582.73,1,258,582.73,2011-05-29T12:26:00Z,2011-05-29T12:26:00Z
12427,825.8,3,533,275.26666666666665,2010-12-03T10:44:00Z,2011-11-18T08:56:00Z
12428,7956.46,9,3536,884.0511111111111,2011-03-01T09:33:00Z,2011-11-14T08:22:00Z
12429,3750.4,4,1557,937.6,2010-12-09T12:05:00Z,2011-11-30T17:22:00Z
12430,256.4,1,117,256.4,2011-10-27T15:09:00Z,2011-10-27T15:09:00Z
12431,6419.95,15,2908,427.99666666666667,2010-12-01T10:03:00Z,2011-11-04T11:55:00Z
12432,5059.32,5,1801,1011.8639999999999,2011-06-20T13:27:00Z,2011-10-28T11:43:00Z
12433,13375.87,7,11071,1910.8385714285716,2010-12-01T13:24:00Z,2011-12-09T10:02:00Z
12434,806.14,2,394,403.07,2011-03-24T13:05:00Z,2011-09-16T12:38:00Z
12435,7829.89,2,2055,3914.945,2011-03-17T07:40:00Z,2011-09-21T09:06:00Z
12436,509.01000000000005,1,211,509.01000000000005,2011-09-01T12:09:00Z,2011-09-01T12:09:00Z
12437,4951.41,18,2923,275.0783333333333,2011-01-12T14:13:00Z,2011-12-08T11:35:00Z
12438,2906.85,2,1180,1453.425,2011-07-22T13:29:00Z,2011-11-25T13:28:00Z
12441,173.55,1,121,173.55,2010-12-08T10:45:00Z,2010-12-08T10:45:00Z
12442,172.06,1,182,172.06,2011-12-06T14:22:00Z,2011-12-06T14:22:00Z
12444,5005.46,5,1155,1001.092,2011-06-21T14:00:00Z,2011-11-18T13:23:00Z
12445,133.4,1,62,133.4,2011-11-17T18:43:00Z,2011-11-17T18:43:00Z
12446,1002.3100000000001,1,352,1002.3100000000001,2011-10-13T12:50:00Z,2011-10-13T12:50:00Z
12447,476.49,1,190,476.49,2011-04-10T13:25:00Z,2011-04-10T13:25:00Z
12448,449.45,1,243,449.45,2011-10-26T13:46:00Z,2011-10-26T13:46:00Z
12449,4067.29,4,1553,1016.8225,2011-06-05T15:37:00Z,2011-11-17T13:46:00Z
12450,197.88,2,128,98.94,2011-06-19T14:36:00Z,2011-07-06T14:41:00Z
12451,9035.52,5,6575,1807.104,2011-01-19T09:05:00Z,2011-11-29T08:40:00Z
12452,430.57,2,185,215.285,2011-11-23T08:05:00Z,2011-11-23T10:28:00Z
12453,707.09,1,473,707.09,2011-07-28T14:08:00Z,2011-07-28T14:08:00Z
12454,3528.34,1,1006,3528.34,2011-10-14T17:13:00Z,2011-10-14T17:13:00Z
12455,2466.86,6,2089,411.1433333333334,2011-02-16T09:56:00Z,2011-09-27T15:31:00Z
12456,3181.04,3,1633,1060.3466666666666,2011-03-30T09:12:00Z,2011-10-26T14:41:00Z
12457,2363.23,7,844,337.6042857142857,2011-04-14T18:57:00Z,2011-10-04T13:13:00Z
12458,947.4,2,506,473.7,2011-02-28T10:55:00Z,2011-09-29T15:25:00Z
12461,826.88,2,287,413.44,2011-07-08T10:23:00Z,2011-09-06T16:57:00Z
12462,1189.59,2,536,594.795,2011-02-09T14:44:00Z,2011-11-21T09:11:00Z
12463,1344.78,4,776,336.195,2011-04-12T12:47:00Z,2011-10-17T13:44:00Z
12464,1212.05,8,112,151.50625,2011-02-03T13:30:00Z,2011-11-29T13:33:00Z
12465,742.1899999999999,2,479,371.09499999999997,2011-06-23T13:37:00Z,2011-11-22T16:34:00Z
12468,729.5400000000001,2,366,364.77000000000004,2011-01-27T13:29:00Z,2011-06-05T11:36:00Z
12471,19788.649999999998,30,8200,659.6216666666666,2010-12-10T09:35:00Z,2011-12-07T15:43:00Z
12472,6572.11,7,4148,938.8728571428571,2010-12-05T14:19:00Z,2011-11-07T14:01:00Z
12473,3928.05,5,2414,785.61,2011-06-01T10:15:00Z,2011-11-10T13:46:00Z
12474,7324.09,18,4833,406.8938888888889,2011-01-14T10:06:00Z,2011-11-22T14:39:00Z
12475,723.38,1,535,723.38,2011-10-17T10:10:00Z,2011-10-17T10:10:00Z
12476,6816.42,11,2408,619.6745454545454,2010-12-13T14:39:00Z,2011-11-24T12:40:00Z
12477,13219.74,6,3653,2203.29,2011-02-11T12:45:00Z,2011-11-17T09:51:00Z
12478,680.99,1,236,680.99,2011-12-06T09:56:00Z,2011-12-06T09:56:00Z
12479,527.2,1,385,527.2,2011-11-28T13:26:00Z,2011-11-28T13:26:00Z
12480,3281.63,4,1707,820.4075,2011-01-07T15:27:00Z,2011-11-11T14:52:00Z
12481,5579.82,10,3294,557.982,2010-12-09T10:13:00Z,2011-11-17T08:29:00Z
12483,2484.98,8,1110,310.6225,2011-01-04T14:20:00Z,2011-11-22T17:02:00Z
12484,4527.32,6,2187,754.5533333333333,2011-01-07T14:04:00Z,2011-11-07T11:37:00Z
12488,1298.66,3,529,432.8866666666667,2011-09-25T10:34:00Z,2011-11-30T08:50:00Z
12489,334.93,1,105,334.93,2011-01-07T13:13:00Z,2011-01-07T13:13:00Z
12490,5417.93,10,3064,541.793,2011-01-14T09:13:00Z,2011-12-04T16:07:00Z
12491,460.40000000000003,1,260,460.40000000000003,2011-11-01T12:18:00Z,2011-11-01T12:18:00Z
12492,263.21000000000004,2,192,131.60500000000002,2011-08-26T14:51:00Z,2011-10-07T15:15:00Z
12493,433.74,2,207,216.87,2011-05-26T14:53:00Z,2011-06-27T10:17:00Z
12494,1246.1000000000001,7,707,178.01428571428573,2010-12-09T11:31:00Z,2011-11-24T09:34:00Z
12497,1043.1,1,1236,1043.1,2011-09-19T12:29:00Z,2011-09-19T12:29:00Z
12498,403.70000000000005,3,159,134.5666666666667,2011-10-13T09:30:00Z,2011-11-18T12:53:00Z
12500,4257.82,11,2678,387.07454545454544,2011-01-10T09:48:00Z,2011-11-16T16:20:00Z
12501,2169.39,1,1783,2169.39,2011-01-07T12:28:00Z,2011-01-07T12:28:00Z
12502,3723.87,5,820,744.774,2011-02-03T10:41:00Z,2011-09-05T11:52:00Z
12504,482.04999999999995,2,90,241.02499999999998,2011-11-09T14:56:00Z,2011-11-21T16:02:00Z
12506,73.5,1,23,73.5,2011-04-21T08:54:00Z,2011-04-21T08:54:00Z
12507,1304.81,3,905,434.93666666666667,2011-02-14T09:24:00Z,2011-07-28T17:09:00Z
12508,397.88,2,271,198.94,2011-11-10T16:27:00Z,2011-11-13T15:37:00Z
12509,176.5,1,55,176.5,2011-02-28T14:45:00Z,2011-02-28T14:45:00Z
12510,982.5699999999999,2,353,491.28499999999997,2011-01-18T14:04:00Z,2011-07-20T10:15:00Z
12512,132.18,2,96,66.09,2011-10-04T14:53:00Z,2011-10-04T14:55:00Z
12513,612.29,1,462,612.29,2011-08-19T10:51:00Z,2011-08-19T10:51:00Z
12514,1017.68,1,440,1017.68,2011-03-17T16:38:00Z,2011-03-17T16:38:00Z
12515,383.7,1,131,383.7,2010-12-21T15:43:00Z,2010-12-21T15:43:00Z
12516,1312.06,2,875,656.03,2011-06-12T11:37:00Z,2011-09-23T09:13:00Z
12517,2481.6,5,1361,496.32,2011-06-02T15:13:00Z,2011-11-11T14:04:00Z
12518,2056.89,5,1318,411.378,2011-08-21T13:18:00Z,2011-12-09T10:13:00Z
12519,330.84,1,175,330.84,2011-10-07T09:26:00Z,2011-10-07T09:26:00Z
12520,2634.26,5,1439,526.8520000000001,2011-03-11T11:35:00Z,2011-09-21T15:23:00Z
12521,599.68,1,309,599.68,2011-07-20T10:51:00Z,2011-07-20T10:51:00Z
12522,192.72,2,194,96.36,2011-10-19T14:41:00Z,2011-10-31T15:30:00Z
12523,1789.77,11,865,162.70636363636365,2011-01-12T09:43:00Z,2011-11-20T12:55:00Z
12524,4485.72,8,3699,560.715,2011-01-10T10:35:00Z,2011-11-30T15:31:00Z
12526,1316.66,3,632,438.8866666666667,2011-09-06T14:19:00Z,2011-12-09T12:09:00Z
12527,348.71000000000004,3,234,116.23666666666668,2011-01-18T12:05:00Z,2011-09-19T11:55:00Z
12528,1933.48,6,756,322.24666666666667,2011-01-31T09:05:00Z,2011-11-30T14:40:00Z
12530,1662.28,4,913,415.57,2011-01-07T10:04:00Z,2011-10-11T12:34:00Z
12531,125.22,1,45,125.22,2011-11-25T11:12:00Z,2011-11-25T11:12:00Z
12532,349.83000000000004,1,153,349.83000000000004,2011-11-09T13:47:00Z,2011-11-09T13:47:00Z
12534,1089.18,1,651,1089.18,2011-08-01T10:26:00Z,2011-08-01T10:26:00Z
12535,716.35,2,219,358.175,2011-06-06T12:47:00Z,2011-09-09T08:48:00Z
12536,12601.83,3,2803,4200.61,2011-10-11T14:52:00Z,2011-10-27T14:20:00Z
12538,363.95,1,191,363.95,2011-11-10T17:16:00Z,2011-11-10T17:16:00Z
12539,5568.35,4,2067,1392.0875,2011-01-10T09:11:00Z,2011-11-17T13:30:00Z
12540,13400.24,17,6685,788.2494117647059,2010-12-13T09:39:00Z,2011-11-20T11:31:00Z
12541,981.18,3,680,327.06,2011-03-04T09:32:00Z,2011-11-10T10:40:00Z
12544,372.7,1,136,372.7,2011-11-03T16:15:00Z,2011-11-03T16:15:00Z
12545,1000.39,2,523,500.195,2011-03-25T12:04:00Z,2011-09-25T13:39:00Z
12546,1161.5,2,633,580.75,2011-09-23T09:44:00Z,2011-10-24T12:09:00Z
12547,207.79999999999998,2,134,103.89999999999999,2011-03-04T12:46:00Z,2011-05-26T12:38:00Z
12548,95.19999999999999,1,49,95.19999999999999,2011-06-26T15:35:00Z,2011-06-26T15:35:00Z
12550,964.83,1,569,964.83,2011-09-21T14:35:00Z,2011-09-21T14:35:00Z
12551,168,1,100,168,2010-12-17T11:23:00Z,2010-12-17T11:23:00Z
12552,437.82,2,88,218.91,2011-10-31T12:11:00Z,2011-11-01T10:02:00Z
12553,3692.28,10,1965,369.228,2011-01-14T10:42:00Z,2011-12-01T16:38:00Z
12556,599.56,2,355,299.78,2011-07-11T13:35:00Z,2011-10-20T13:06:00Z
12557,11990.960000000001,5,4384,2398.192,2010-12-03T12:20:00Z,2011-11-23T16:59:00Z
12558,269.96,1,196,269.96,2011-12-02T10:41:00Z,2011-12-02T10:41:00Z
12559,561.71,2,283,280.855,2011-01-24T10:12:00Z,2011-02-02T09:49:00Z
12560,2134.01,3,1110,711.3366666666667,2011-07-19T15:55:00Z,2011-12-04T13:54:00Z
12561,238.85,1,177,238.85,2011-02-10T11:39:00Z,2011-02-10T11:39:00Z
12562,3781.7400000000002,7,1779,540.2485714285715,2011-05-25T12:44:00Z,2011-12-01T17:20:00Z
12564,456.9,1,133,456.9,2011-03-23T14:55:00Z,2011-03-23T14:55:00Z
12565,145.92,1,80,145.92,2011-02-24T10:34:00Z,2011-02-24T10:34:00Z
12566,351.65,1,265,351.65,2011-09-14T14:30:00Z,2011-09-14T14:30:00Z
12567,9401.28,10,4305,940.128,2010-12-05T11:57:00Z,2011-11-17T11:02:00Z
12569,4124.69,32,1801,128.8965625,2011-04-01T13:47:00Z,2011-12-07T16:24:00Z
12571,519.61,2,523,259.805,2011-08-10T12:35:00Z,2011-10-31T10:19:00Z
12572,1020.42,2,452,510.21,2011-10-19T08:20:00Z,2011-12-01T09:20:00Z
12573,160.54,1,84,160.54,2011-04-26T15:52:00Z,2011-04-26T15:52:00Z
12574,218.45000000000002,1,61,218.45000000000002,2011-01-28T09:20:00Z,2011-01-28T09:20:00Z
12576,1315.83,5,967,263.166,2011-02-08T11:31:00Z,2011-11-04T10:11:00Z
12577,626.6,3,469,208.86666666666667,2010-12-15T16:21:00Z,2011-11-04T13:24:00Z
12578,2794.51,2,1196,1397.255,2011-01-13T15:34:00Z,2011-11-18T13:30:00Z
12579,440.42,1,285,440.42,2011-09-22T17:15:00Z,2011-09-22T17:15:00Z
12580,415.7,1,238,415.7,2011-04-07T10:24:00Z,2011-04-07T10:24:00Z
12581,197.71,1,161,197.71,2011-10-31T08:56:00Z,2011-10-31T08:56:00Z
12582,511.36,2,300,255.68,2011-02-24T11:42:00Z,2011-04-15T08:45:00Z
12583,7281.38,15,5060,485.42533333333336,2010-12-01T08:45:00Z,2011-12-07T08:07:00Z
12584,2338.15,9,416,259.7944444444445,2011-03-04T15:15:00Z,2011-12-06T09:35:00Z
12585,2040.1,2,1279,1020.05,2010-12-23T12:58:00Z,2011-04-19T13:39:00Z
12586,196.94000000000003,1,79,196.94000000000003,2011-11-22T16:24:00Z,2011-11-22T16:24:00Z
12587,144,1,51,144,2011-12-02T12:47:00Z,2011-12-02T12:47:00Z
12588,214.89999999999998,1,53,214.89999999999998,2011-10-31T15:01:00Z,2011-10-31T15:01:00Z
12589,646.68,2,306,323.34,2011-07-18T12:05:00Z,2011-11-11T10:19:00Z
12590,9864.26,2,4283,4932.13,2011-05-12T14:46:00Z,2011-05-12T14:52:00Z
12591,452.85,1,228,452.85,2011-01-26T14:35:00Z,2011-01-26T14:35:00Z
12592,437.6,2,290,218.8,2011-05-10T13:44:00Z,2011-09-08T15:04:00Z
12593,418.09999999999997,3,206,139.36666666666665,2011-05-05T09:29:00Z,2011-08-23T12:43:00Z
12594,3338.2200000000003,10,1777,333.822,2011-01-21T09:52:00Z,2011-11-02T12:20:00Z
12596,618.27,2,474,309.135,2011-04-11T13:22:00Z,2011-10-19T13:02:00Z
12597,3811.22,4,2236,952.805,2011-03-16T14:00:00Z,2011-11-20T13:33:00Z
12598,3023.08,8,1964,377.885,2011-02-28T11:58:00Z,2011-11-30T12:18:00Z
12599,1032.58,7,956,147.51142857142855,2011-02-08T13:28:00Z,2011-11-10T13:34:00Z
12600,2599.04,10,774,259.904,2010-12-03T12:57:00Z,2011-11-11T10:29:00Z
12601,577.0600000000001,5,245,115.412,2011-01-11T10:38:00Z,2011-06-03T10:17:00Z
12602,153.12,1,162,153.12,2011-10-12T11:22:00Z,2011-10-12T11:22:00Z
12603,739.1999999999999,1,64,739.1999999999999,2011-11-18T10:42:00Z,2011-11-18T10:42:00Z
12604,254.18,2,201,127.09,2011-03-23T12:06:00Z,2011-09-21T14:08:00Z
12607,1579.51,1,1228,1579.51,2011-10-10T16:06:00Z,2011-10-10T16:06:00Z
12609,1126.85,3,648,375.6166666666666,2011-01-25T15:13:00Z,2011-09-22T16:34:00Z
12610,2099.54,5,1049,419.908,2011-08-05T13:52:00Z,2011-11-17T09:34:00Z
12611,1193.32,1,846,1193.32,2011-10-18T13:12:00Z,2011-10-18T13:12:00Z
12612,704.0400000000001,1,262,704.0400000000001,2011-09-26T15:35:00Z,2011-09-26T15:35:00Z
12613,3344.38,5,1644,668.876,2011-03-22T15:42:00Z,2011-10-13T14:59:00Z
12614,315.6,1,76,315.6,2011-03-07T10:22:00Z,2011-03-07T10:22:00Z
12615,2291.19,4,1376,572.7975,2011-06-24T13:35:00Z,2011-12-07T15:02:00Z
12616,713.3,2,284,356.65,2011-02-15T14:17:00Z,2011-09-05T15:17:00Z
12617,352.98,1,210,352.98,2011-11-10T14:39:00Z,2011-11-10T14:39:00Z
12618,177.31,1,96,177.31,2011-11-18T11:10:00Z,2011-11-18T11:10:00Z
12619,3641.24,9,3378,404.5822222222222,2011-03-31T13:10:00Z,2011-11-23T14:52:00Z
12620,1339.41,3,1181,446.47,2011-05-19T12:10:00Z,2011-11-25T10:20:00Z
12621,13689.67,20,7440,684.4835,2010-12-09T10:16:00Z,2011-12-08T11:25:00Z
12622,180.1,1,69,180.1,2011-04-21T16:39:00Z,2011-04-21T16:39:00Z
12623,305.1,1,191,305.1,2011-03-08T13:50:00Z,2011-03-08T13:50:00Z
12624,641.13,2,355,320.565,2011-06-15T12:34:00Z,2011-08-25T15:04:00Z
12625,2683.82,2,1612,1341.91,2011-01-24T13:27:00Z,2011-05-12T09:54:00Z
12626,6620.48,9,3453,735.6088888888888,2011-01-17T11:01:00Z,2011-11-16T16:06:00Z
12627,4478.53,7,2752,639.79,2011-07-22T13:59:00Z,2011-11-29T12:07:00Z
12628,786.46,3,448,262.15333333333336,2011-10-06T09:28:00Z,2011-12-05T13:15:00Z
12630,1270.88,2,548,635.44,2011-10-27T10:41:00Z,2011-11-30T10:48:00Z
12631,640.5,1,236,640.5,2011-10-13T13:53:00Z,2011-10-13T13:53:00Z
12633,2163.98,4,1162,540.995,2011-02-25T08:44:00Z,2011-10-12T11:40:00Z
12635,1689.18,2,1172,844.59,2011-07-08T08:43:00Z,2011-09-11T11:04:00Z
12637,6002.9,8,2994,750.3625,2011-01-20T10:47:00Z,2011-10-03T13:46:00Z
12638,671.69,1,577,671.69,2011-11-06T13:11:00Z,2011-11-06T13:11:00Z
12639,486.1,1,201,486.1,2011-04-15T12:48:00Z,2011-04-15T12:48:00Z
12640,1174.58,3,311,391.52666666666664,2011-09-19T12:01:00Z,2011-11-16T11:52:00Z
12641,185.9,1,72,185.9,2011-08-16T13:26:00Z,2011-08-16T13:26:00Z
12642,1013.26,3,552,337.75333333333333,2011-08-24T09:23:00Z,2011-11-14T15:03:00Z
12643,3344.64,6,1808,557.4399999999999,2011-01-11T11:48:00Z,2011-08-03T12:56:00Z
12644,477.91,1,325,477.91,2011-08-02T10:33:00Z,2011-08-02T10:33:00Z
12645,1775.18,4,1084,443.795,2011-01-27T13:08:00Z,2011-11-06T12:38:00Z
12646,1346.97,2,897,673.485,2011-10-21T12:52:00Z,2011-12-05T10:14:00Z
12647,3722.82,12,1432,310.235,2010-12-05T14:02:00Z,2011-11-17T12:56:00Z
12648,318.05,1,160,318.05,2011-07-08T11:55:00Z,2011-07-08T11:55:00Z
12649,623.51,3,586,207.83666666666667,2011-05-11T14:37:00Z,2011-08-24T14:41:00Z
12650,314.44,1,254,314.44,2011-12-06T16:34:00Z,2011-12-06T16:34:00Z
12651,114,1,78,114,2011-01-09T12:46:00Z,2011-01-09T12:46:00Z
12652,919.98,1,505,919.98,2011-01-12T15:00:00Z,2011-01-12T15:00:00Z
12653,2209.85,2,919,1104.925,2011-02-16T10:53:00Z,2011-07-14T10:41:00Z
12654,601.98,5,264,120.396,2011-02-17T13:16:00Z,2011-11-29T10:10:00Z
12656,4051.17,5,1723,810.234,2011-04-20T09:20:00Z,2011-11-22T13:42:00Z
12657,1643.18,4,1044,410.795,2011-09-22T11:40:00Z,2011-11-28T15:47:00Z
12658,686.05,1,320,686.05,2011-11-21T10:22:00Z,2011-11-21T10:22:00Z
12659,91.68,1,105,91.68,2011-11-10T11:53:00Z,2011-11-10T11:53:00Z
12660,245.1,1,127,245.1,2011-11-28T13:26:00Z,2011-11-28T13:26:00Z
12662,3849.78,11,2058,349.98,2010-12-01T13:04:00Z,2011-12-09T11:59:00Z
12664,4881.88,9,1203,542.4311111111111,2011-01-21T11:42:00Z,2011-12-01T17:07:00Z
12665,63,1,37,63,2011-01-19T08:34:00Z,2011-01-19T08:34:00Z
12667,620.13,1,395,620.13,2011-10-12T17:00:00Z,2011-10-12T17:00:00Z
12668,3807.15,4,1634,951.7875,2010-12-19T12:46:00Z,2011-11-28T10:56:00Z
12669,2744.0299999999997,3,1115,914.6766666666666,2011-03-28T10:15:00Z,2011-07-12T09:54:00Z
12670,2996.05,5,1397,599.21,2011-04-21T10:16:00Z,2011-11-29T15:23:00Z
12672,225.9,1,78,225.9,2011-01-14T09:20:00Z,2011-01-14T09:20:00Z
12673,610.52,2,351,305.26,2011-01-17T11:46:00Z,2011-12-04T13:55:00Z
12674,1970.6,4,1133,492.65,2011-05-16T09:10:00Z,2011-11-01T12:12:00Z
12676,1331.39,6,670,221.89833333333334,2011-02-01T15:41:00Z,2011-11-15T12:25:00Z
12678,17628.46,12,10923,1469.0383333333332,2010-12-21T11:00:00Z,2011-10-28T13:04:00Z
12679,1113.02,4,554,278.255,2011-03-01T12:26:00Z,2011-10-12T12:30:00Z
12680,862.81,4,443,215.7025,2011-08-18T15:44:00Z,2011-12-09T12:50:00Z
12681,13787.54,22,7536,626.7063636363637,2010-12-07T10:08:00Z,2011-11-25T11:33:00Z
12682,12279.82,31,5555,396.1232258064516,2010-12-03T13:59:00Z,2011-12-06T10:00:00Z
12683,8476.57,15,4987,565.1046666666666,2010-12-09T10:37:00Z,2011-12-05T16:31:00Z
12684,2283.63,7,1985,326.23285714285714,2011-05-10T12:55:00Z,2011-12-02T09:53:00Z
12685,2863.08,6,1523,477.18,2011-09-07T10:28:00Z,2011-11-11T13:46:00Z
12686,89.14,1,107,89.14,2010-12-03T09:51:00Z,2010-12-03T09:51:00Z
12688,4873.81,1,3028,4873.81,2011-08-18T08:49:00Z,2011-08-18T08:49:00Z
12689,1247.61,2,628,623.805,2011-08-04T10:04:00Z,2011-11-14T08:31:00Z
12690,389.01,1,106,389.01,2011-05-18T09:09:00Z,2011-05-18T09:09:00Z
12691,1035.8,6,394,172.63333333333333,2010-12-17T14:46:00Z,2011-11-11T16:49:00Z
12693,855.91,4,255,213.9775,2011-01-24T12:58:00Z,2011-08-04T17:51:00Z
12694,869.67,2,509,434.835,2011-06-09T17:48:00Z,2011-09-30T13:06:00Z
12695,582.1,4,220,145.525,2011-05-13T13:15:00Z,2011-12-02T13:22:00Z
12697,957.59,3,508,319.19666666666666,2011-06-23T15:44:00Z,2011-11-11T08:47:00Z
12700,4939.99,4,2967,1234.9975,2011-05-08T16:10:00Z,2011-12-02T10:47:00Z
12701,797.71,2,678,398.855,2011-04-11T13:02:00Z,2011-09-21T10:47:00Z
12702,219,1,53,219,2011-11-20T10:36:00Z,2011-11-20T10:36:00Z
12703,283.55,1,164,283.55,2011-09-29T17:52:00Z,2011-09-29T17:52:00Z
12704,2340.84,8,1006,292.605,2011-06-23T10:20:00Z,2011-12-02T13:15:00Z
12705,6868.29,9,3997,763.1433333333333,2010-12-17T15:58:00Z,2011-11-24T13:17:00Z
12707,603.42,1,256,603.42,2011-02-21T08:38:00Z,2011-02-21T08:38:00Z
12708,2712.91,10,1307,271.291,2010-12-06T10:43:00Z,2011-11-10T09:52:00Z
12709,9706.52,15,3912,647.1013333333334,2010-12-08T09:49:00Z,2011-11-24T15:38:00Z
12710,1149.02,3,851,383.00666666666666,2011-05-22T14:05:00Z,2011-09-04T12:00:00Z
12712,4396.13,13,1062,338.1638461538462,2010-12-03T14:30:00Z,2011-11-11T08:19:00Z
12713,848.55,1,508,848.55,2011-12-09T12:16:00Z,2011-12-09T12:16:00Z
12714,4708.86,5,3069,941.7719999999999,2011-02-18T10:53:00Z,2011-11-30T15:43:00Z
12715,343.36,1,192,343.36,2011-08-25T15:22:00Z,2011-08-25T15:22:00Z
12716,1053.49,2,708,526.745,2011-07-29T13:28:00Z,2011-12-06T08:55:00Z
12717,1030.98,2,506,515.49,2011-04-08T10:32:00Z,2011-07-11T14:47:00Z
12718,238.25,1,203,238.25,2011-09-29T16:38:00Z,2011-09-29T16:38:00Z
12719,644.95,2,374,322.475,2011-10-05T14:50:00Z,2011-12-04T13:45:00Z
12720,5781.7300000000005,25,4672,231.2692,2010-12-05T15:21:00Z,2011-12-07T08:03:00Z
12721,2656.13,6,1959,442.68833333333333,2010-12-20T11:38:00Z,2011-11-08T12:13:00Z
12722,997.63,4,566,249.4075,2011-07-12T11:55:00Z,2011-09-15T14:50:00Z
12723,725.07,5,434,145.014,2011-10-05T15:52:00Z,2011-12-06T10:19:00Z
12724,1031.41,4,445,257.8525,2011-01-11T15:00:00Z,2011-12-04T16:02:00Z
12725,427.8,1,164,427.8,2010-12-03T15:45:00Z,2010-12-03T15:45:00Z
12726,2609.1,7,3143,372.7285714285714,2010-12-17T12:56:00Z,2011-11-11T13:35:00Z
12727,3980.7,7,2098,568.6714285714286,2011-01-23T15:17:00Z,2011-11-29T11:46:00Z
12728,836.33,4,419,209.0825,2011-01-11T13:31:00Z,2011-09-29T15:31:00Z
12729,453.01,1,233,453.01,2011-08-18T11:40:00Z,2011-08-18T11:40:00Z
12731,18895.91,12,8437,1574.6591666666666,2010-12-10T10:56:00Z,2011-11-16T11:59:00Z
12732,236.26000000000002,1,111,236.26000000000002,2011-06-13T11:33:00Z,2011-06-13T11:33:00Z
12733,383.95,1,137,383.95,2011-04-19T16:19:00Z,2011-04-19T16:19:00Z
12734,110.39999999999999,1,88,110.39999999999999,2010-12-22T12:47:00Z,2010-12-22T12:47:00Z
12735,779.5699999999999,2,368,389.78499999999997,2011-01-06T14:26:00Z,2011-01-28T13:37:00Z
12736,234,1,173,234,2011-01-11T07:57:00Z,2011-01-11T07:57:00Z
12738,155.35,1,148,155.35,2010-12-02T18:27:00Z,2010-12-02T18:27:00Z
12739,1013.04,2,486,506.52,2011-09-01T17:45:00Z,2011-09-22T13:00:00Z
12740,427.6,1,342,427.6,2011-10-07T10:44:00Z,2011-10-07T10:44:00Z
12743,540.13,2,315,270.065,2011-07-28T16:06:00Z,2011-07-28T16:21:00Z
12744,21279.29,7,5241,3039.8985714285714,2011-01-25T13:26:00Z,2011-10-19T11:18:00Z
12747,4196.01,11,1275,381.4554545454546,2010-12-05T15:38:00Z,2011-12-07T14:34:00Z
12748,33053.19,210,25288,157.39614285714288,2010-12-01T12:48:00Z,2011-12-09T12:20:00Z
12749,4090.88,5,1471,818.176,2011-05-10T15:25:00Z,2011-12-06T09:56:00Z
12750,275.88,1,137,275.88,2011-08-03T09:13:00Z,2011-08-03T09:13:00Z
12752,4366.78,1,2262,4366.78,2011-09-19T13:32:00Z,2011-09-19T13:32:00Z
12753,21429.39,6,11421,3571.565,2010-12-12T11:44:00Z,2011-11-17T10:52:00Z
12754,3010.74,3,6481,1003.5799999999999,2011-02-04T10:31:00Z,2011-04-18T09:00:00Z
12755,3811.95,2,1491,1905.975,2010-12-09T10:44:00Z,2011-03-04T12:42:00Z
12756,112.08,1,144,112.08,2011-09-14T09:31:00Z,2011-09-14T09:31:00Z
12757,7834.6500000000005,13,2395,602.6653846153847,2011-05-12T19:01:00Z,2011-11-24T12:30:00Z
12758,2791.59,2,2135,1395.795,2011-03-08T12:05:00Z,2011-08-15T10:22:00Z
12759,1531.44,3,902,510.48,2011-03-09T08:09:00Z,2011-10-18T14:49:00Z
12762,1898.52,2,1227,949.26,2011-11-14T14:23:00Z,2011-12-02T10:23:00Z
12763,494.08,2,316,247.04,2010-12-05T15:46:00Z,2011-07-24T14:12:00Z
12764,1693.88,1,386,1693.88,2011-01-27T10:19:00Z,2011-01-27T10:19:00Z
12766,6989.63,7,3646,998.5185714285715,2010-12-08T13:53:00Z,2011-12-06T08:46:00Z
12769,1143.6,1,356,1143.6,2011-04-15T10:25:00Z,2011-04-15T10:25:00Z
12770,1351.45,1,743,1351.45,2011-05-13T09:33:00Z,2011-05-13T09:33:00Z
12772,892.47,1,556,892.47,2011-10-11T09:19:00Z,2011-10-11T09:19:00Z
12775,1386.04,5,877,277.20799999999997,2011-02-01T13:45:00Z,2011-11-22T16:33:00Z
12778,822.23,6,825,137.03833333333333,2011-01-31T14:35:00Z,2011-11-20T11:30:00Z
12779,3981.36,8,2024,497.67,2010-12-03T13:40:00Z,2011-11-02T11:43:00Z
12781,826.74,2,671,413.37,2011-02-28T08:43:00Z,2011-10-07T10:37:00Z
12782,2330.92,5,1086,466.184,2010-12-17T11:30:00Z,2011-12-05T09:16:00Z
12783,2225.91,6,624,370.98499999999996,2011-09-25T15:35:00Z,2011-12-07T15:56:00Z
12784,532.82,2,280,266.41,2011-11-24T12:53:00Z,2011-11-30T15:38:00Z
12785,311.95,1,131,311.95,2010-12-10T13:48:00Z,2010-12-10T13:48:00Z
12787,463.66,3,261,154.55333333333334,2011-05-31T09:36:00Z,2011-11-30T08:44:00Z
12789,91.85,1,4,91.85,2011-10-05T13:34:00Z,2011-10-05T13:34:00Z
12790,324.92,1,166,324.92,2011-05-31T14:14:00Z,2011-05-31T14:14:00Z
12791,192.60000000000002,1,97,192.60000000000002,2010-12-01T11:27:00Z,2010-12-01T11:27:00Z
12792,400.53999999999996,1,217,400.53999999999996,2011-03-28T11:36:00Z,2011-03-28T11:36:00Z
12793,545.48,2,295,272.74,2010-12-03T15:14:00Z,2011-01-09T12:12:00Z
12794,860.41,2,592,430.205,2011-09-02T12:01:00Z,2011-10-17T14:54:00Z
12795,430.48,1,68,430.48,2011-11-21T10:27:00Z,2011-11-21T10:27:00Z
12797,254.03,1,118,254.03,2010-12-09T10:55:00Z,2010-12-09T10:55:00Z
12798,6977.04,3,5256,2325.68,2011-06-22T10:11:00Z,2011-11-29T15:52:00Z
12802,427.58,1,314,427.58,2011-06-06T09:36:00Z,2011-06-06T09:36:00Z
12808,483.65000000000003,3,188,161.21666666666667,2010-12-06T10:27:00Z,2011-11-03T10:05:00Z
12809,489.31,1,220,489.31,2011-06-15T10:51:00Z,2011-06-15T10:51:00Z
12811,514.85,3,230,171.61666666666667,2011-02-28T15:39:00Z,2011-03-24T09:42:00Z
12812,229.64000000000001,1,164,229.64000000000001,2011-10-26T09:54:00Z,2011-10-26T09:54:00Z
12814,125.92,1,49,125.92,2011-08-30T12:11:00Z,2011-08-30T12:11:00Z
12815,1063.46,2,379,531.73,2011-05-25T13:34:00Z,2011-07-15T10:21:00Z
12816,572.2,2,128,286.1,2011-06-16T13:24:00Z,2011-09-05T12:41:00Z
12817,166.04,1,53,166.04,2011-03-03T16:28:00Z,2011-03-03T16:28:00Z
12818,1542.0800000000002,1,929,1542.0800000000002,2011-03-23T12:06:00Z,2011-03-23T12:06:00Z
12820,942.34,4,722,235.585,2011-01-17T12:34:00Z,2011-12-06T15:12:00Z
12821,92.72,1,70,92.72,2011-05-09T15:51:00Z,2011-05-09T15:51:00Z
12822,948.88,2,550,474.44,2011-09-13T13:46:00Z,2011-09-30T10:04:00Z
12823,1759.5,5,230,351.9,2011-02-16T12:15:00Z,2011-09-26T07:35:00Z
12824,397.12,1,232,397.12,2011-10-11T12:49:00Z,2011-10-11T12:49:00Z
12826,1474.72,7,1058,210.67428571428573,2010-12-09T15:21:00Z,2011-12-07T10:25:00Z
12827,430.15000000000003,3,197,143.38333333333335,2011-10-26T15:44:00Z,2011-12-04T12:17:00Z
12828,1018.71,6,494,169.785,2011-08-01T16:16:00Z,2011-12-07T08:45:00Z
12829,293,2,376,146.5,2010-12-14T14:54:00Z,2011-01-07T11:13:00Z
12830,6814.64,6,9848,1135.7733333333333,2011-06-21T10:53:00Z,2011-11-02T11:54:00Z
12831,215.04999999999998,1,135,215.04999999999998,2011-03-22T13:02:00Z,2011-03-22T13:02:00Z
12832,383.03,2,195,191.515,2011-09-02T13:48:00Z,2011-11-07T13:30:00Z
12833,417.38,1,156,417.38,2011-07-17T13:46:00Z,2011-07-17T13:46:00Z
12834,312.38,1,110,312.38,2011-03-02T09:49:00Z,2011-03-02T09:49:00Z
12836,2610.36,4,1062,652.59,2011-02-01T11:19:00Z,2011-10-11T15:10:00Z
12837,134.1,1,24,134.1,2011-06-19T16:07:00Z,2011-06-19T16:07:00Z
12838,671.95,2,355,335.975,2010-12-01T11:57:00Z,2011-11-06T12:20:00Z
12839,5591.42,14,3807,399.38714285714286,2010-12-07T15:48:00Z,2011-12-07T12:33:00Z
12840,2726.77,4,1511,681.6925,2011-04-27T12:21:00Z,2011-07-19T09:29:00Z
12841,3991.58,25,2720,159.6632,2010-12-03T10:43:00Z,2011-12-05T11:13:00Z
12842,1118.99,2,547,559.495,2011-02-04T12:36:00Z,2011-09-30T15:33:00Z
12843,1702.26,8,781,212.7825,2011-03-20T14:38:00Z,2011-10-05T12:09:00Z
12844,325.96000000000004,2,125,162.98000000000002,2011-08-01T13:11:00Z,2011-11-10T13:31:00Z
12845,354.09,4,204,88.5225,2011-02-22T14:10:00Z,2011-03-17T13:34:00Z
12847,843.64,1,873,843.64,2011-11-17T13:16:00Z,2011-11-17T13:16:00Z
12849,1010.29,2,597,505.145,2011-03-16T12:26:00Z,2011-11-08T13:41:00Z
12851,131.81,1,106,131.81,2011-09-04T12:41:00Z,2011-09-04T12:41:00Z
12852,311.55,1,149,311.55,2011-02-18T08:47:00Z,2011-02-18T08:47:00Z
12853,1957.1000000000001,6,800,326.18333333333334,2011-01-28T10:28:00Z,2011-07-28T11:29:00Z
12854,1316.25,3,626,438.75,2011-01-25T13:35:00Z,2011-09-22T12:15:00Z
12855,38.1,1,30,38.1,2010-12-02T09:37:00Z,2010-12-02T09:37:00Z
12856,2170.78,6,1076,361.7966666666667,2011-10-07T12:38:00Z,2011-12-02T10:52:00Z
12857,1106.4,2,343,553.2,2011-02-10T12:32:00Z,2011-05-13T10:20:00Z
12863,521.2,1,188,521.2,2011-10-18T14:15:00Z,2011-10-18T14:15:00Z
12864,147.12,1,216,147.12,2011-07-24T13:03:00Z,2011-07-24T13:03:00Z
12865,1568.23,2,925,784.115,2011-08-08T10:11:00Z,2011-11-13T14:31:00Z
12866,559.12,1,171,559.12,2011-03-01T14:11:00Z,2011-03-01T14:11:00Z
12867,4009.34,7,4284,572.7628571428571,2010-12-14T16:39:00Z,2011-11-13T15:30:00Z
12868,1607.0600000000002,6,928,267.84333333333336,2010-12-01T12:50:00Z,2011-06-07T10:42:00Z
12871,380.64,2,200,190.32,2011-05-16T13:32:00Z,2011-09-16T15:07:00Z
12872,599.97,2,319,299.985,2010-12-09T14:44:00Z,2011-01-17T10:52:00Z
12873,374,1,128,374,2011-03-02T14:58:00Z,2011-03-02T14:58:00Z
12875,343.2300000000001,2,2019,171.61500000000004,2010-12-12T12:03:00Z,2011-07-19T15:30:00Z
12876,2218.02,2,1941,1109.01,2011-05-27T13:34:00Z,2011-10-13T12:26:00Z
12877,1535.77,12,1178,127.98083333333334,2010-12-16T12:23:00Z,2011-12-06T10:30:00Z
12878,854.99,2,547,427.495,2011-03-18T14:02:00Z,2011-04-17T13:07:00Z
12879,573.22,3,370,191.07333333333335,2011-09-09T12:11:00Z,2011-10-26T12:24:00Z
12881,298,1,21,298,2011-03-09T11:44:00Z,2011-03-09T11:44:00Z
12882,1463.04,2,246,731.52,2011-11-06T11:22:00Z,2011-11-30T16:18:00Z
12883,703.47,4,196,175.8675,2011-09-11T15:18:00Z,2011-11-15T09:32:00Z
12884,309.05,1,43,309.05,2011-09-12T13:10:00Z,2011-09-12T13:10:00Z
12885,1175.22,3,655,391.74,2011-08-08T11:45:00Z,2011-10-07T13:40:00Z
12886,1378.4,2,770,689.2,2011-05-04T11:21:00Z,2011-10-03T10:09:00Z
12888,354.12,2,76,177.06,2011-03-29T14:31:00Z,2011-05-09T16:02:00Z
12890,376.71999999999997,1,256,376.71999999999997,2011-11-15T17:26:00Z,2011-11-15T17:26:00Z
12891,331,3,950,110.33333333333333,2011-02-20T11:28:00Z,2011-06-07T12:31:00Z
12893,176.55,1,90,176.55,2011-11-09T12:34:00Z,2011-11-09T12:34:00Z
12895,372.8,2,210,186.4,2011-09-14T08:35:00Z,2011-10-28T13:51:00Z
12897,216.5,2,110,108.25,2011-02-11T11:40:00Z,2011-05-19T12:13:00Z
12901,17654.54,28,23075,630.5192857142857,2011-03-14T10:41:00Z,2011-12-01T10:07:00Z
12902,138.68,1,66,138.68,2011-03-20T12:06:00Z,2011-03-20T12:06:00Z
12904,496.06,2,294,248.03,2011-06-20T13:18:00Z,2011-11-21T14:34:00Z
12906,2919.81,5,1749,583.962,2011-09-22T15:03:00Z,2011-11-28T09:55:00Z
12908,750,2,1200,375,2011-01-31T12:37:00Z,2011-06-16T15:39:00Z
12909,2178.67,5,1280,435.73400000000004,2011-03-31T12:51:00Z,2011-10-31T12:43:00Z
12910,3075.04,8,1692,384.38,2011-04-12T10:01:00Z,2011-11-16T14:28:00Z
12912,1662.3,5,670,332.46,2011-10-30T11:35:00Z,2011-12-07T08:55:00Z
12913,2483.63,5,1419,496.726,2010-12-06T16:36:00Z,2011-12-05T12:11:00Z
12915,363.65,2,93,181.825,2010-12-02T12:33:00Z,2011-07-14T11:34:00Z
12916,2944.95,4,1083,736.2375,2011-01-23T10:43:00Z,2011-07-24T10:35:00Z
12917,594,1,120,594,2011-08-03T16:42:00Z,2011-08-03T16:42:00Z
12919,1335.19,6,673,222.53166666666667,2011-06-23T09:22:00Z,2011-12-01T13:47:00Z
12920,162.78,1,128,162.78,2011-11-22T15:05:00Z,2011-11-22T15:05:00Z
12921,16587.09,37,9526,448.29972972972973,2010-12-01T15:06:00Z,2011-11-30T16:22:00Z
12922,405.38,1,370,405.38,2011-07-01T15:35:00Z,2011-07-01T15:35:00Z
12923,172.82,1,68,172.82,2011-10-06T16:20:00Z,2011-10-06T16:20:00Z
12924,933.7,4,481,233.425,2011-01-16T11:49:00Z,2011-09-12T13:55:00Z
12925,694.05,2,541,347.025,2011-09-26T11:05:00Z,2011-12-05T11:11:00Z
12928,2062.7000000000003,5,1472,412.5400000000001,2010-12-15T15:45:00Z,2011-11-04T14:24:00Z
12929,117.85,1,37,117.85,2011-02-01T12:08:00Z,2011-02-01T12:08:00Z
12930,415.8,2,252,207.9,2011-06-21T13:25:00Z,2011-09-22T15:18:00Z
12931,42055.96,15,28004,2803.730666666667,2010-12-17T09:45:00Z,2011-11-18T12:39:00Z
12933,607.53,3,499,202.51,2011-03-01T11:30:00Z,2011-11-15T16:38:00Z
12935,2160.7,7,1853,308.6714285714285,2011-01-24T13:58:00Z,2011-12-07T17:25:00Z
12936,1063.9,4,559,265.975,2011-09-22T13:51:00Z,2011-11-22T17:32:00Z
12937,1504.27,4,1007,376.0675,2011-03-17T14:19:00Z,2011-11-24T15:05:00Z
12938,114.14,1,140,114.14,2011-11-14T11:21:00Z,2011-11-14T11:21:00Z
12939,11581.8,8,4876,1447.725,2011-01-09T11:20:00Z,2011-10-06T14:33:00Z
12940,899.6899999999999,2,404,449.84499999999997,2011-09-13T10:16:00Z,2011-10-16T12:09:00Z
12942,675.6,3,198,225.20000000000002,2010-12-09T09:34:00Z,2011-07-31T14:39:00Z
12944,604.51,2,289,302.255,2010-12-20T10:41:00Z,2011-11-04T11:04:00Z
12945,462.95,1,165,462.95,2011-02-24T14:15:00Z,2011-02-24T14:15:00Z
12947,1603.99,6,1165,267.33166666666665,2010-12-01T16:21:00Z,2011-07-19T10:06:00Z
12948,2064.95,7,1080,294.99285714285713,2011-03-20T10:17:00Z,2011-11-23T17:10:00Z
12949,4167.22,8,2381,520.9025,2011-04-01T13:20:00Z,2011-11-09T11:25:00Z
12950,1843,3,1380,614.3333333333334,2011-11-15T13:48:00Z,2011-12-07T13:17:00Z
12951,1064.07,6,503,177.345,2011-01-13T10:33:00Z,2011-12-01T12:14:00Z
12952,1387.79,4,653,346.9475,2011-09-22T16:37:00Z,2011-12-04T10:35:00Z
12953,329.85,1,84,329.85,2011-11-30T09:24:00Z,2011-11-30T09:24:00Z
12955,4757.16,11,3664,432.4690909090909,2011-03-17T09:03:00Z,2011-12-08T16:29:00Z
12956,108.07,1,34,108.07,2011-02-06T16:08:00Z,2011-02-06T16:08:00Z
12957,4017.54,8,2549,502.1925,2011-01-04T12:18:00Z,2011-11-30T09:53:00Z
12962,266.39,2,129,133.195,2011-08-18T13:38:00Z,2011-12-02T15:55:00Z
12963,1856.63,8,881,232.07875,2010-12-09T09:14:00Z,2011-12-01T12:55:00Z
12965,769.8100000000001,1,282,769.8100000000001,2011-09-11T15:31:00Z,2011-09-11T15:31:00Z
12966,160.18,1,75,160.18,2011-11-30T12:38:00Z,2011-11-30T12:38:00Z
12967,1660.9,2,438,830.45,2010-12-03T09:49:00Z,2010-12-16T19:10:00Z
12968,135.95,1,73,135.95,2011-08-19T15:44:00Z,2011-08-19T15:44:00Z
12970,405.46999999999997,4,268,101.36749999999999,2011-01-21T14:04:00Z,2011-12-02T14:30:00Z
12971,11189.91,86,9289,130.11523255813952,2010-12-02T16:42:00Z,2011-12-06T12:20:00Z
12974,144.8,1,24,144.8,2011-05-26T09:33:00Z,2011-05-26T09:33:00Z
12976,738.6,1,561,738.6,2011-05-12T09:55:00Z,2011-05-12T09:55:00Z
12977,39.24,1,12,39.24,2011-07-06T16:40:00Z,2011-07-06T16:40:00Z
12980,7374.9000000000005,9,886,819.4333333333334,2010-12-16T11:36:00Z,2011-07-05T09:34:00Z
12981,372.21999999999997,2,242,186.10999999999999,2011-07-29T14:14:00Z,2011-11-10T12:00:00Z
12982,390.54,1,288,390.54,2011-04-11T11:51:00Z,2011-04-11T11:51:00Z
12984,97.5,1,26,97.5,2011-11-21T12:37:00Z,2011-11-21T12:37:00Z
12985,1239.38,2,1533,619.69,2011-11-11T12:44:00Z,2011-12-09T10:46:00Z
12987,558.7,2,219,279.35,2011-05-26T12:00:00Z,2011-09-27T12:03:00Z
12988,505.82,1,126,505.82,2011-02-20T14:31:00Z,2011-02-20T14:31:00Z
12989,6924.11,15,2943,461.6073333333333,2010-12-10T13:24:00Z,2011-12-06T15:28:00Z
12990,409.5,3,200,136.5,2011-02-02T15:39:00Z,2011-11-08T13:01:00Z
12991,503.76,2,405,251.88,2011-08-19T14:39:00Z,2011-11-16T15:34:00Z
12993,414.76,4,240,103.69,2011-02-14T14:29:00Z,2011-11-16T15:49:00Z
12994,974.42,3,459,324.8066666666667,2011-03-16T08:31:00Z,2011-12-05T15:43:00Z
12995,211.32,1,108,211.32,2011-09-15T15:44:00Z,2011-09-15T15:44:00Z
12997,1226.89,4,664,306.7225,2011-01-26T15:49:00Z,2011-11-17T15:47:00Z
12999,455.88,3,342,151.96,2011-04-08T10:26:00Z,2011-05-27T13:24:00Z
13000,534.85,3,379,178.28333333333333,2010-12-10T10:26:00Z,2011-08-25T10:43:00Z
13001,9785.970000000001,13,5490,752.7669230769231,2011-01-17T12:45:00Z,2011-12-05T14:51:00Z
13002,120.94999999999999,1,73,120.94999999999999,2011-01-25T15:18:00Z,2011-01-25T15:18:00Z
13003,149.05,3,103,49.68333333333334,2011-05-09T08:23:00Z,2011-08-26T10:50:00Z
13004,5655.91,18,4822,314.21722222222223,2010-12-17T08:20:00Z,2011-11-28T11:27:00Z
13005,513.7,2,172,256.85,2011-04-07T13:32:00Z,2011-06-19T10:53:00Z
13006,81.57,1,55,81.57,2011-10-14T13:49:00Z,2011-10-14T13:49:00Z
13008,229.46999999999997,1,175,229.46999999999997,2011-01-20T14:24:00Z,2011-01-20T14:24:00Z
13011,50.550000000000004,1,13,50.550000000000004,2010-12-02T17:22:00Z,2010-12-02T17:22:00Z
13012,1646.8400000000001,8,820,205.85500000000002,2011-02-18T09:43:00Z,2011-11-30T13:05:00Z
13013,4810.9400000000005,13,2224,370.07230769230773,2010-12-03T12:28:00Z,2011-12-08T15:01:00Z
13014,3466.2799999999997,10,907,346.628,2011-03-03T18:28:00Z,2011-11-29T12:27:00Z
13015,3339.64,5,1609,667.928,2011-04-04T14:28:00Z,2011-10-17T13:19:00Z
13016,789.89,3,527,263.2966666666667,2011-08-08T15:00:00Z,2011-09-27T14:08:00Z
13017,204,1,48,204,2011-12-02T15:53:00Z,2011-12-02T15:53:00Z
13018,7277.7,28,5435,259.91785714285714,2011-02-17T11:05:00Z,2011-11-23T13:28:00Z
13021,2616.38,9,1352,290.7088888888889,2010-12-16T10:12:00Z,2011-12-05T16:37:00Z
13023,689.9,2,286,344.95,2011-08-02T09:34:00Z,2011-10-06T16:27:00Z
13026,975.36,5,1620,195.072,2011-03-09T11:35:00Z,2011-12-08T16:58:00Z
13027,6912,6,17280,1152,2010-12-20T12:45:00Z,2011-08-18T09:39:00Z
13028,661.3199999999999,2,798,330.65999999999997,2011-10-25T14:09:00Z,2011-11-17T11:10:00Z
13029,1247.5,3,134,415.8333333333333,2010-12-21T13:53:00Z,2011-11-09T09:13:00Z
13030,752.4399999999999,2,348,376.21999999999997,2010-12-06T14:31:00Z,2011-11-28T14:30:00Z
13032,1010.18,2,375,505.09,2011-09-13T16:40:00Z,2011-10-18T15:54:00Z
13033,190.55,1,83,190.55,2010-12-17T14:23:00Z,2010-12-17T14:23:00Z
13034,642.77,2,369,321.385,2010-12-05T14:52:00Z,2011-10-16T12:21:00Z
13035,921.88,2,644,460.94,2011-03-24T09:21:00Z,2011-09-27T08:57:00Z
13037,881.07,3,431,293.69,2011-03-28T15:42:00Z,2011-07-24T15:46:00Z
13038,908.46,3,360,302.82,2011-02-22T11:43:00Z,2011-09-20T14:37:00Z
13040,676.99,2,355,338.495,2011-11-06T13:53:00Z,2011-12-01T10:38:00Z
13043,516.42,1,254,516.42,2011-03-11T14:52:00Z,2011-03-11T14:52:00Z
13044,560.47,1,429,560.47,2011-02-21T15:20:00Z,2011-02-21T15:20:00Z
13045,305.28000000000003,1,221,305.28000000000003,2011-09-01T15:04:00Z,2011-09-01T15:04:00Z
13046,629.3100000000001,2,264,314.65500000000003,2011-03-18T15:43:00Z,2011-11-09T08:36:00Z
13047,3237.54,10,1391,323.754,2010-12-01T08:34:00Z,2011-11-08T12:06:00Z
13048,1819.41,4,1228,454.8525,2011-01-16T14:36:00Z,2011-11-25T13:23:00Z
13049,656.6800000000001,2,268,328.34000000000003,2011-01-25T16:33:00Z,2011-10-06T15:31:00Z
13050,5836.86,17,3748,343.3447058823529,2010-12-08T09:30:00Z,2011-11-25T09:18:00Z
13052,348.15000000000003,1,222,348.15000000000003,2011-05-11T14:12:00Z,2011-05-11T14:12:00Z
13055,1214.41,3,894,404.80333333333334,2011-05-10T08:58:00Z,2011-09-22T14:26:00Z
13058,271.40000000000003,3,52,90.46666666666668,2011-07-11T12:01:00Z,2011-11-15T12:43:00Z
13059,183.4,1,35,183.4,2011-04-04T10:40:00Z,2011-04-04T10:40:00Z
13060,307.53,1,123,307.53,2011-03-31T11:37:00Z,2011-03-31T11:37:00Z
13061,248.61,1,107,248.61,2011-09-28T16:04:00Z,2011-09-28T16:04:00Z
13062,346.98,1,343,346.98,2011-06-01T15:12:00Z,2011-06-01T15:12:00Z
13064,1105.59,4,514,276.3975,2011-01-16T13:41:00Z,2011-11-27T12:31:00Z
13065,205.86,1,74,205.86,2010-12-01T16:52:00Z,2010-12-01T16:52:00Z
13066,470.8,2,322,235.4,2011-11-07T17:06:00Z,2011-11-15T12:57:00Z
13067,115.46000000000001,1,32,115.46000000000001,2011-09-18T13:38:00Z,2011-09-18T13:38:00Z
13068,344,2,200,172,2011-01-24T08:20:00Z,2011-11-29T15:00:00Z
13069,4431.44,24,5873,184.64333333333332,2010-12-05T11:02:00Z,2011-12-09T08:39:00Z
13070,228.8,1,110,228.8,2011-05-31T13:45:00Z,2011-05-31T13:45:00Z
13072,177.15,1,69,177.15,2011-03-18T08:12:00Z,2011-03-18T08:12:00Z
13075,919.61,1,485,919.61,2011-08-02T10:19:00Z,2011-08-02T10:19:00Z
13077,728.02,4,862,182.005,2010-12-08T14:59:00Z,2011-12-08T19:24:00Z
13078,12627.94,26,5630,485.69,2010-12-08T09:07:00Z,2011-12-06T15:36:00Z
13079,220.10000000000002,5,62,44.02,2011-07-22T14:41:00Z,2011-12-05T16:53:00Z
13080,58.08,1,120,58.08,2011-06-13T14:59:00Z,2011-06-13T14:59:00Z
13081,28337.38,11,19160,2576.1254545454544,2010-12-03T17:20:00Z,2011-11-28T10:54:00Z
13082,3613.63,9,4324,401.51444444444445,2011-01-05T15:42:00Z,2011-08-05T16:16:00Z
13083,303.75,2,187,151.875,2011-09-25T10:46:00Z,2011-12-05T15:01:00Z
13085,416.08000000000004,2,216,208.04000000000002,2011-02-17T13:57:00Z,2011-07-05T12:11:00Z
13089,58762.08,97,31025,605.7946391752578,2010-12-05T10:27:00Z,2011-12-07T09:02:00Z
13090,8910.82,14,2263,636.4871428571429,2010-12-02T07:48:00Z,2011-12-01T12:39:00Z
13091,345.82,1,466,345.82,2011-11-11T15:54:00Z,2011-11-11T15:54:00Z
13092,477.83,5,279,95.566,2010-12-15T12:27:00Z,2011-09-30T11:18:00Z
13093,7832.47,8,3961,979.05875,2010-12-01T15:00:00Z,2011-03-09T12:14:00Z
13094,1927.3200000000002,12,1716,160.61,2010-12-06T10:34:00Z,2011-11-18T14:07:00Z
13095,74.39999999999999,1,144,74.39999999999999,2011-09-30T12:03:00Z,2011-09-30T12:03:00Z
13097,6003.22,10,2360,600.322,2010-12-14T15:13:00Z,2011-11-07T10:43:00Z
13098,28882.44,28,15968,1031.5157142857142,2011-01-26T13:46:00Z,2011-12-08T14:14:00Z
13099,207.35999999999999,1,288,207.35999999999999,2011-09-01T17:40:00Z,2011-09-01T17:40:00Z
13101,101.19,1,113,101.19,2011-04-19T14:37:00Z,2011-04-19T14:37:00Z
13102,6424.09,24,4204,267.67041666666665,2010-12-09T13:38:00Z,2011-12-08T12:52:00Z
13103,243.94,1,82,243.94,2011-10-31T09:38:00Z,2011-10-31T09:38:00Z
13104,1098.48,6,504,183.08,2010-12-20T11:58:00Z,2011-12-06T13:10:00Z
13106,76.5,1,18,76.5,2011-07-29T15:12:00Z,2011-07-29T15:12:00Z
13107,1531.62,4,1293,382.905,2011-01-10T12:28:00Z,2011-10-26T14:52:00Z
13108,350.06,1,298,350.06,2010-12-02T10:35:00Z,2010-12-02T10:35:00Z
13109,786.54,2,520,393.27,2011-07-05T14:56:00Z,2011-10-11T10:16:00Z
13110,1488.67,7,388,212.66714285714286,2011-02-01T15:24:00Z,2011-11-08T14:30:00Z
13113,12245.960000000001,24,3050,510.2483333333334,2010-12-08T13:21:00Z,2011-12-09T12:49:00Z
13115,2294.78,4,1567,573.695,2011-06-08T16:15:00Z,2011-11-28T12:38:00Z
13116,501.14,1,291,501.14,2011-07-24T14:33:00Z,2011-07-24T14:33:00Z
13117,984.91,8,945,123.11375,2010-12-02T13:11:00Z,2011-11-18T12:02:00Z
13118,1197.81,5,410,239.56199999999998,2011-02-24T12:32:00Z,2011-11-20T12:46:00Z
13120,30.599999999999998,1,12,30.599999999999998,2011-04-15T10:19:00Z,2011-04-15T10:19:00Z
13121,283.73,1,252,283.73,2011-03-15T16:47:00Z,2011-03-15T16:47:00Z
13122,922.39,2,585,461.195,2011-04-13T14:12:00Z,2011-09-06T15:53:00Z
13124,3756.33,3,2119,1252.11,2010-12-15T15:00:00Z,2011-09-11T12:45:00Z
13126,2099.64,8,2143,262.455,2010-12-08T11:42:00Z,2011-12-05T10:00:00Z
13127,259.17,1,127,259.17,2011-09-23T10:26:00Z,2011-09-23T10:26:00Z
13130,64,1,32,64,2011-09-06T15:30:00Z,2011-09-06T15:30:00Z
13131,1073.3,3,447,357.76666666666665,2011-06-05T10:54:00Z,2011-11-16T13:21:00Z
13132,77.3,1,20,77.3,2011-03-23T12:44:00Z,2011-03-23T12:44:00Z
13133,109.8,2,32,54.9,2011-02-08T15:48:00Z,2011-03-11T10:31:00Z
13134,1793.58,4,1059,448.395,2011-04-13T12:57:00Z,2011-09-15T10:35:00Z
13135,3096,1,4300,3096,2011-05-27T10:52:00Z,2011-05-27T10:52:00Z
13136,2607.61,5,1328,521.522,2011-05-11T12:47:00Z,2011-10-14T13:41:00Z
13137,3603.29,8,2204,450.41125,2011-02-04T11:54:00Z,2011-11-29T12:09:00Z
13138,962.39,6,473,160.39833333333334,2010-12-02T15:03:00Z,2011-11-17T16:51:00Z
13139,5064.94,7,2425,723.5628571428571,2011-03-25T11:57:00Z,2011-11-23T13:54:00Z
13140,422.47,3,185,140.82333333333335,2010-12-08T15:12:00Z,2011-08-23T15:33:00Z
13141,2388.75,5,1548,477.75,2011-01-28T13:04:00Z,2011-09-16T09:54:00Z
13142,307.09,1,258,307.09,2011-11-20T16:07:00Z,2011-11-20T16:07:00Z
13144,110.95,1,21,110.95,2011-01-11T11:15:00Z,2011-01-11T11:15:00Z
13145,618.52,4,145,154.63,2010-12-02T18:06:00Z,2011-10-31T12:45:00Z
13146,228.91,1,154,228.91,2011-11-13T15:29:00Z,2011-11-13T15:29:00Z
13147,712.8000000000001,4,144,178.20000000000002,2011-09-01T12:28:00Z,2011-11-29T13:59:00Z
13148,3683.26,12,1965,306.93833333333333,2010-12-10T13:06:00Z,2011-11-10T15:23:00Z
13149,1676.06,4,1280,419.015,2011-02-23T13:57:00Z,2011-11-25T13:09:00Z
13151,1257.8700000000001,1,363,1257.8700000000001,2011-02-17T12:29:00Z,2011-02-17T12:29:00Z
13153,486.22,1,418,486.22,2011-12-04T12:14:00Z,2011-12-04T12:14:00Z
13155,971.76,4,497,242.94,2010-12-06T12:44:00Z,2011-11-06T15:41:00Z
13157,1741.22,4,1439,435.305,2011-02-14T14:03:00Z,2011-10-21T13:50:00Z
13158,1201.06,4,784,300.265,2011-01-25T09:58:00Z,2011-09-06T11:58:00Z
13159,1429.35,4,1058,357.3375,2011-08-16T11:44:00Z,2011-12-01T11:20:00Z
13160,91.8,1,56,91.8,2011-11-17T13:07:00Z,2011-11-17T13:07:00Z
13161,112.75,1,29,112.75,2011-01-30T14:03:00Z,2011-01-30T14:03:00Z
13162,1688.29,4,1713,422.0725,2011-01-09T10:43:00Z,2011-08-09T15:59:00Z
13165,1021.48,2,1376,510.74,2010-12-23T14:06:00Z,2011-10-24T15:05:00Z
13166,417.2,1,216,417.2,2011-03-01T15:16:00Z,2011-03-01T15:16:00Z
13167,791.33,4,785,197.8325,2011-07-19T12:13:00Z,2011-11-21T12:24:00Z
13168,1299.59,4,670,324.8975,2011-01-25T13:55:00Z,2011-11-03T12:56:00Z
13169,712.88,2,272,356.44,2011-04-01T14:24:00Z,2011-10-07T12:11:00Z
13170,108.81,1,141,108.81,2011-11-13T12:19:00Z,2011-11-13T12:19:00Z
13171,468.40999999999997,3,229,156.13666666666666,2011-02-13T14:16:00Z,2011-11-18T10:27:00Z
13173,353.65,2,277,176.825,2010-12-07T14:30:00Z,2011-12-05T15:51:00Z
13174,2742.82,3,1352,914.2733333333334,2010-12-05T16:24:00Z,2011-11-23T14:35:00Z
13176,481.49,1,448,481.49,2011-10-24T15:43:00Z,2011-10-24T15:43:00Z
13177,282.45,1,91,282.45,2011-10-06T09:56:00Z,2011-10-06T09:56:00Z
13178,5725.47,11,3570,520.4972727272727,2010-12-14T12:22:00Z,2011-11-13T16:14:00Z
13182,121.18,1,201,121.18,2011-10-25T13:46:00Z,2011-10-25T13:46:00Z
13183,3957.78,9,2208,439.75333333333333,2011-01-09T10:50:00Z,2011-12-02T10:30:00Z
13184,1668.95,10,1662,166.895,2011-02-22T17:25:00Z,2011-11-25T12:02:00Z
13185,71.4,1,12,71.4,2011-03-17T11:56:00Z,2011-03-17T11:56:00Z
13186,1575.89,3,820,525.2966666666667,2011-08-03T09:09:00Z,2011-10-31T11:40:00Z
13187,236.02,1,95,236.02,2011-01-06T18:57:00Z,2011-01-06T18:57:00Z
13188,114.60000000000001,1,25,114.60000000000001,2011-11-28T15:28:00Z,2011-11-28T15:28:00Z
13189,260.68,2,842,130.34,2011-08-16T13:12:00Z,2011-11-21T10:39:00Z
13192,911.94,2,595,455.97,2011-05-18T14:57:00Z,2011-09-05T14:13:00Z
13193,112.08,1,46,112.08,2011-10-09T14:30:00Z,2011-10-09T14:30:00Z
13194,60.7,1,26,60.7,2011-07-27T09:01:00Z,2011-07-27T09:01:00Z
13196,1797.78,4,1224,449.445,2011-03-22T14:24:00Z,2011-11-28T13:54:00Z
13198,3401.2400000000002,6,2648,566.8733333333333,2010-12-13T09:29:00Z,2011-11-29T15:17:00Z
13199,9817.12,38,6176,258.34526315789475,2010-12-08T10:51:00Z,2011-12-06T12:30:00Z
13200,870.09,4,516,217.5225,2011-08-05T14:50:00Z,2011-11-20T15:35:00Z
13203,869.46,4,800,217.365,2011-04-11T14:40:00Z,2011-11-30T10:45:00Z
13207,250.26000000000002,2,130,125.13000000000001,2011-07-12T11:35:00Z,2011-11-24T14:52:00Z
13208,1217.65,6,803,202.9416666666667,2011-02-03T19:32:00Z,2011-10-12T09:54:00Z
13209,5891.61,8,4253,736.45125,2010-12-13T10:31:00Z,2011-11-09T13:54:00Z
13210,353.48,1,316,353.48,2011-09-07T08:18:00Z,2011-09-07T08:18:00Z
13211,1095.42,3,834,365.14000000000004,2010-12-13T16:17:00Z,2011-11-29T14:43:00Z
13212,786.83,3,309,262.2766666666667,2011-10-09T14:48:00Z,2011-11-20T12:40:00Z
13213,1520.58,5,1360,304.116,2011-05-24T12:22:00Z,2011-10-14T11:42:00Z
13216,333.74,1,297,333.74,2011-03-17T12:18:00Z,2011-03-17T12:18:00Z
13217,533.98,3,262,177.99333333333334,2011-07-06T12:08:00Z,2011-08-09T15:32:00Z
13218,62.63999999999999,1,88,62.63999999999999,2011-08-04T16:59:00Z,2011-08-04T16:59:00Z
13220,819.2900000000001,4,196,204.82250000000002,2011-04-17T10:59:00Z,2011-09-22T13:38:00Z
13221,847.41,2,244,423.705,2010-12-15T13:24:00Z,2011-04-13T16:58:00Z
13223,163.20000000000002,2,88,81.60000000000001,2011-04-21T15:16:00Z,2011-05-23T13:03:00Z
13224,2155.95,2,1518,1077.975,2011-07-11T14:10:00Z,2011-10-10T14:55:00Z
13225,6463.84,7,3416,923.4057142857143,2010-12-13T09:49:00Z,2011-12-06T13:29:00Z
13226,108.21,1,80,108.21,2011-03-11T14:35:00Z,2011-03-11T14:35:00Z
13227,257.7,1,99,257.7,2011-05-22T11:47:00Z,2011-05-22T11:47:00Z
13228,358,1,200,358,2011-09-19T14:28:00Z,2011-09-19T14:28:00Z
13229,160.95,1,63,160.95,2011-04-28T12:07:00Z,2011-04-28T12:07:00Z
13230,2755.63,14,1638,196.8307142857143,2010-12-09T19:28:00Z,2011-12-05T16:03:00Z
13232,1328.35,7,773,189.7642857142857,2011-04-10T13:48:00Z,2011-11-27T10:39:00Z
13233,605.12,2,1004,302.56,2011-01-07T14:49:00Z,2011-09-26T13:25:00Z
13235,1031.07,1,441,1031.07,2011-05-11T17:13:00Z,2011-05-11T17:13:00Z
13236,744.85,2,416,372.425,2011-08-25T08:58:00Z,2011-11-15T12:50:00Z
13238,700.73,4,298,175.1825,2010-12-14T14:37:00Z,2011-11-22T15:37:00Z
13239,329.56,1,363,329.56,2011-03-23T10:25:00Z,2011-03-23T10:25:00Z
13240,663.65,4,298,165.9125,2010-12-09T12:49:00Z,2011-09-04T14:08:00Z
13242,270.40000000000003,3,130,90.13333333333334,2011-05-10T12:26:00Z,2011-08-19T12:53:00Z
13243,585.12,1,232,585.12,2011-05-20T13:14:00Z,2011-05-20T13:14:00Z
13244,121.74,1,38,121.74,2011-09-08T11:46:00Z,2011-09-08T11:46:00Z
13245,430.5,1,125,430.5,2011-10-20T11:40:00Z,2011-10-20T11:40:00Z
13246,1961.52,6,1587,326.92,2011-01-13T13:36:00Z,2011-11-21T16:50:00Z
13247,501.12,4,328,125.28,2011-09-18T11:31:00Z,2011-11-22T10:59:00Z
13248,465.68,2,305,232.84,2011-06-03T13:05:00Z,2011-08-07T12:40:00Z
13249,711.41,3,546,237.13666666666666,2011-03-23T15:26:00Z,2011-09-08T13:26:00Z
13253,1030.4,2,1572,515.2,2011-01-04T15:43:00Z,2011-07-06T10:09:00Z
13255,399.51,2,177,199.755,2010-12-01T11:58:00Z,2011-11-30T13:14:00Z
13256,0,1,12540,0,2011-11-25T15:57:00Z,2011-11-25T15:57:00Z
13258,672.83,3,282,224.27666666666667,2011-05-18T13:11:00Z,2011-11-28T09:31:00Z
13259,283.18,1,126,283.18,2011-10-09T10:48:00Z,2011-10-09T10:48:00Z
13260,557.62,1,142,557.62,2011-10-09T13:21:00Z,2011-10-09T13:21:00Z
13261,944.1,2,210,472.05,2011-02-27T10:41:00Z,2011-03-16T12:22:00Z
13262,200.29,1,125,200.29,2011-03-21T15:06:00Z,2011-03-21T15:06:00Z
13263,7436.93,35,4768,212.48371428571429,2011-01-18T16:31:00Z,2011-12-08T13:59:00Z
13265,2092.66,5,1740,418.532,2011-03-11T09:54:00Z,2011-10-17T15:02:00Z
13266,3834.2599999999998,12,4428,319.52166666666665,2011-03-28T10:14:00Z,2011-11-28T14:39:00Z
13267,4521.49,19,1969,237.97315789473683,2010-12-08T09:20:00Z,2011-12-07T11:12:00Z
13268,3174.75,11,3624,288.6136363636364,2011-03-17T13:20:00Z,2011-11-22T11:51:00Z
13269,5343.28,15,3513,356.21866666666665,2010-12-05T11:51:00Z,2011-12-08T14:53:00Z
13270,590,1,200,590,2010-12-08T14:53:00Z,2010-12-08T14:53:00Z
13271,211.49,1,240,211.49,2011-11-02T14:31:00Z,2011-11-02T14:31:00Z
13272,276.56,2,96,138.28,2011-09-11T12:06:00Z,2011-11-08T14:00:00Z
13273,138.98,1,153,138.98,2011-08-18T14:02:00Z,2011-08-18T14:02:00Z
13276,590.9300000000001,2,161,295.46500000000003,2011-09-01T10:03:00Z,2011-10-07T12:44:00Z
13277,258.4,4,176,64.6,2011-07-29T10:06:00Z,2011-11-24T09:21:00Z
13278,542.73,1,537,542.73,2011-10-30T11:49:00Z,2011-10-30T11:49:00Z
13279,137.75,1,73,137.75,2011-09-22T17:24:00Z,2011-09-22T17:24:00Z
13280,798.46,3,518,266.15333333333336,2011-01-06T17:10:00Z,2011-08-09T13:14:00Z
13282,1132.14,3,307,377.38000000000005,2011-05-03T12:03:00Z,2011-11-21T15:33:00Z
13283,93.66,2,90,46.83,2011-06-07T12:39:00Z,2011-10-11T09:50:00Z
13284,201.19,1,91,201.19,2011-01-13T09:23:00Z,2011-01-13T09:23:00Z
13285,2709.12,4,2051,677.28,2011-02-22T17:13:00Z,2011-11-16T13:19:00Z
13291,361.11,1,233,361.11,2011-07-07T10:36:00Z,2011-07-07T10:36:00Z
13292,578.9399999999999,2,347,289.46999999999997,2011-02-28T15:00:00Z,2011-11-01T10:04:00Z
13294,873.74,2,453,436.87,2011-04-04T12:37:00Z,2011-06-03T08:54:00Z
13295,201.20000000000002,1,82,201.20000000000002,2010-12-15T11:21:00Z,2010-12-15T11:21:00Z
13296,87.4,1,78,87.4,2011-07-25T13:46:00Z,2011-07-25T13:46:00Z
13297,2089.85,4,963,522.4625,2011-10-03T15:08:00Z,2011-12-02T09:32:00Z
13298,360,1,96,360,2011-12-08T13:11:00Z,2011-12-08T13:11:00Z
13299,142.5,1,30,142.5,2011-03-16T12:55:00Z,2011-03-16T12:55:00Z
13300,371.89,1,203,371.89,2011-06-23T13:09:00Z,2011-06-23T13:09:00Z
13301,618.09,4,345,154.5225,2011-02-20T13:13:00Z,2011-08-28T11:25:00Z
13302,63.75,1,5,63.75,2011-07-07T17:56:00Z,2011-07-07T17:56:00Z
13304,300.42,1,238,300.42,2010-12-23T14:35:00Z,2010-12-23T14:35:00Z
13305,2000.86,10,1232,200.08599999999998,2010-12-02T12:10:00Z,2011-12-05T15:15:00Z
13307,15,1,4,15,2011-08-11T17:14:00Z,2011-08-11T17:14:00Z
13308,1385.51,3,843,461.83666666666664,2011-05-20T13:13:00Z,2011-11-17T09:31:00Z
13309,1456.79,5,1544,291.358,2011-02-04T12:29:00Z,2011-12-02T16:34:00Z
13310,1132.03,3,587,377.3433333333333,2011-01-19T14:50:00Z,2011-11-11T17:23:00Z
13311,598.57,2,305,299.285,2011-07-12T14:26:00Z,2011-12-05T12:55:00Z
13313,1555.32,5,851,311.06399999999996,2011-01-04T10:00:00Z,2011-11-17T16:48:00Z
13314,775.94,3,560,258.6466666666667,2011-09-27T10:20:00Z,2011-12-08T12:29:00Z
13316,5732.93,4,5508,1433.2325,2011-03-30T13:01:00Z,2011-11-02T13:40:00Z
13317,2273.68,6,1035,378.94666666666666,2010-12-16T09:22:00Z,2011-10-04T13:35:00Z
13318,640.76,3,304,213.58666666666667,2011-11-02T13:26:00Z,2011-12-08T18:51:00Z
13319,10845.550000000001,26,4724,417.1365384615385,2010-12-09T10:04:00Z,2011-12-04T13:34:00Z
13320,1532.2,4,1086,383.05,2011-05-10T10:29:00Z,2011-09-22T18:07:00Z
13321,567.36,2,372,283.68,2011-09-14T15:18:00Z,2011-09-28T15:24:00Z
13322,199.48000000000002,1,117,199.48000000000002,2011-11-22T14:21:00Z,2011-11-22T14:21:00Z
13323,787.85,5,175,157.57,2011-09-16T13:23:00Z,2011-12-06T17:12:00Z
13324,7121.95,10,5205,712.1949999999999,2010-12-14T09:50:00Z,2011-11-03T16:28:00Z
13325,675.3,1,240,675.3,2011-09-19T10:36:00Z,2011-09-19T10:36:00Z
13327,3627.77,8,1600,453.47125,2010-12-09T15:32:00Z,2011-11-01T10:21:00Z
13328,1308.48,1,680,1308.48,2011-01-27T15:22:00Z,2011-01-27T15:22:00Z
13329,789,2,463,394.5,2010-12-08T10:11:00Z,2011-11-08T10:29:00Z
13330,1140.93,3,751,380.31,2011-01-28T10:08:00Z,2011-09-08T12:27:00Z
13332,350.9,1,179,350.9,2011-11-25T13:30:00Z,2011-11-25T13:30:00Z
13334,3502.32,3,1764,1167.44,2011-02-07T11:42:00Z,2011-09-18T15:21:00Z
13336,795.12,1,559,795.12,2011-09-23T14:05:00Z,2011-09-23T14:05:00Z
13338,487.02000000000004,1,256,487.02000000000004,2011-07-05T09:06:00Z,2011-07-05T09:06:00Z
13339,860.12,1,326,860.12,2011-05-23T08:31:00Z,2011-05-23T08:31:00Z
13340,10736.48,7,5770,1533.782857142857,2011-03-08T11:39:00Z,2011-10-25T13:15:00Z
13341,775.85,1,301,775.85,2011-03-24T09:50:00Z,2011-03-24T09:50:00Z
13343,353.43,1,135,353.43,2011-06-15T12:24:00Z,2011-06-15T12:24:00Z
13344,2511.69,3,952,837.23,2011-03-07T10:28:00Z,2011-10-03T09:45:00Z
13345,389.5,1,141,389.5,2011-02-25T09:01:00Z,2011-02-25T09:01:00Z
13347,341.36,1,205,341.36,2011-09-30T13:28:00Z,2011-09-30T13:28:00Z
13348,233.76,1,136,233.76,2011-10-06T17:28:00Z,2011-10-06T17:28:00Z
13349,247.32,1,225,247.32,2011-11-29T08:07:00Z,2011-11-29T08:07:00Z
13350,979.12,2,287,489.56,2011-09-21T13:33:00Z,2011-11-23T16:33:00Z
13351,373.94,1,117,373.94,2011-10-04T12:55:00Z,2011-10-04T12:55:00Z
13352,397.97999999999996,1,321,397.97999999999996,2011-10-10T13:55:00Z,2011-10-10T13:55:00Z
13354,743.53,1,604,743.53,2011-09-29T13:17:00Z,2011-09-29T13:17:00Z
13355,674.7,1,314,674.7,2011-08-09T14:48:00Z,2011-08-09T14:48:00Z
13356,768.24,1,325,768.24,2011-09-20T14:33:00Z,2011-09-20T14:33:00Z
13357,609.4,1,321,609.4,2011-03-27T13:56:00Z,2011-03-27T13:56:00Z
13358,439.03000000000003,1,285,439.03000000000003,2011-03-16T11:52:00Z,2011-03-16T11:52:00Z
13359,439.56,1,161,439.56,2011-10-07T09:30:00Z,2011-10-07T09:30:00Z
13362,3090.7400000000002,4,1382,772.6850000000001,2011-02-25T11:33:00Z,2011-11-30T14:41:00Z
13363,992.5,2,710,496.25,2011-10-27T10:46:00Z,2011-11-22T12:40:00Z
13364,134.96,1,71,134.96,2011-09-29T18:13:00Z,2011-09-29T18:13:00Z
13365,2225.37,2,1247,1112.685,2011-05-06T12:00:00Z,2011-11-06T12:36:00Z
13366,56.160000000000004,1,144,56.160000000000004,2011-10-20T13:37:00Z,2011-10-20T13:37:00Z
13368,623.4,2,327,311.7,2011-01-06T12:32:00Z,2011-03-28T09:59:00Z
13369,308.28000000000003,1,149,308.28000000000003,2010-12-09T11:30:00Z,2010-12-09T11:30:00Z
13370,754.87,1,343,754.87,2010-12-03T10:26:00Z,2010-12-03T10:26:00Z
13372,378.64,1,159,378.64,2011-09-11T12:46:00Z,2011-09-11T12:46:00Z
13373,3312.25,3,1651,1104.0833333333333,2011-03-08T14:35:00Z,2011-10-10T10:51:00Z
13375,778.65,1,442,778.65,2011-09-12T10:19:00Z,2011-09-12T10:19:00Z
13376,1019.76,3,493,339.92,2011-04-19T13:03:00Z,2011-09-01T16:16:00Z
13379,572.56,3,601,190.85333333333332,2011-07-26T12:26:00Z,2011-11-13T13:45:00Z
13381,3639.31,6,2029,606.5516666666666,2011-02-14T10:10:00Z,2011-11-08T11:58:00Z
13382,222.99,1,131,222.99,2011-03-04T10:03:00Z,2011-03-04T10:03:00Z
13384,4151.93,7,2422,593.1328571428572,2011-06-14T12:47:00Z,2011-11-09T11:04:00Z
13385,534.57,1,281,534.57,2011-01-14T09:52:00Z,2011-01-14T09:52:00Z
13388,677.1,2,282,338.55,2011-07-31T12:52:00Z,2011-07-31T12:52:00Z
13389,797.96,3,429,265.9866666666667,2011-04-21T12:12:00Z,2011-11-28T14:01:00Z
13390,544.08,1,224,544.08,2011-09-26T08:38:00Z,2011-09-26T08:38:00Z
13391,59.8,1,4,59.8,2011-05-20T10:50:00Z,2011-05-20T10:50:00Z
13394,2520.02,8,2392,315.0025,2011-02-03T10:39:00Z,2011-12-08T11:36:00Z
13395,307.71999999999997,1,336,307.71999999999997,2011-06-07T15:04:00Z,2011-06-07T15:04:00Z
13396,1360.99,2,600,680.495,2011-01-24T13:37:00Z,2011-11-10T16:59:00Z
13397,1544.13,5,430,308.826,2011-01-04T13:50:00Z,2011-09-28T10:56:00Z
13398,457.34,1,281,457.34,2011-05-31T13:17:00Z,2011-05-31T13:17:00Z
13402,621.23,2,479,310.615,2010-12-02T17:12:00Z,2011-08-04T15:51:00Z
13403,75,1,44,75,2011-11-22T08:28:00Z,2011-11-22T08:28:00Z
13404,252.48999999999998,2,111,126.24499999999999,2011-05-11T11:57:00Z,2011-12-08T15:37:00Z
13405,572.451,3,165,190.817,2011-01-26T09:27:00Z,2011-09-26T17:01:00Z
13408,28117.04,62,16232,453.5006451612903,2010-12-01T10:39:00Z,2011-12-08T09:05:00Z
13410,1003.06,5,518,200.612,2011-02-21T14:38:00Z,2011-11-15T15:33:00Z
13411,213.55,1,72,213.55,2011-08-24T13:57:00Z,2011-08-24T13:57:00Z
13414,1390.5,3,1574,463.5,2011-02-16T12:13:00Z,2011-07-29T11:45:00Z
13416,712.5,2,142,356.25,2011-09-19T14:43:00Z,2011-10-27T08:56:00Z
13417,640.83,2,162,320.415,2011-05-18T16:26:00Z,2011-12-05T08:49:00Z
13418,6127.43,18,3918,340.4127777777778,2010-12-02T10:45:00Z,2011-11-28T10:23:00Z
13419,221.06,1,275,221.06,2011-10-07T12:49:00Z,2011-10-07T12:49:00Z
13420,159.85,2,101,79.925,2011-06-22T11:35:00Z,2011-07-13T08:48:00Z
13421,1833.71,2,1128,916.855,2011-02-22T15:46:00Z,2011-10-30T14:21:00Z
13422,2626.3,1,1326,2626.3,2011-10-06T13:42:00Z,2011-10-06T13:42:00Z
13425,1624.21,3,1123,541.4033333333333,2011-02-18T08:34:00Z,2011-08-23T17:13:00Z
13426,3641.32,10,2245,364.132,2010-12-15T12:43:00Z,2011-12-09T08:59:00Z
13427,582.6,3,545,194.20000000000002,2011-05-08T15:58:00Z,2011-11-20T13:02:00Z
13428,201.78,1,151,201.78,2011-11-29T14:20:00Z,2011-11-29T14:20:00Z
13429,1006.8,4,1390,251.7,2011-09-25T15:59:00Z,2011-11-29T09:10:00Z
13430,679.45,2,751,339.725,2011-09-14T14:26:00Z,2011-11-21T08:19:00Z
13431,1269.1,2,672,634.55,2011-09-12T11:25:00Z,2011-10-03T13:49:00Z
13434,534.24,2,300,267.12,2011-09-04T10:35:00Z,2011-09-26T14:30:00Z
13435,3809.89,7,2129,544.27,2011-06-03T17:07:00Z,2011-12-04T14:45:00Z
13436,196.89,1,76,196.89,2011-12-08T10:33:00Z,2011-12-08T10:33:00Z
13437,3408.06,7,1283,486.86571428571426,2011-06-02T14:30:00Z,2011-11-25T14:00:00Z
13439,283.71,1,242,283.71,2011-03-29T14:20:00Z,2011-03-29T14:20:00Z
13441,296.64,1,204,296.64,2011-09-09T09:38:00Z,2011-09-09T09:38:00Z
13447,1129.14,3,584,376.38000000000005,2011-11-04T10:10:00Z,2011-11-16T13:38:00Z
13448,3534.69,6,1648,589.115,2010-12-01T10:52:00Z,2011-11-23T12:33:00Z
13449,291.88,1,222,291.88,2011-11-16T08:28:00Z,2011-11-16T08:28:00Z
13450,2043.72,6,1982,340.62,2011-05-05T19:48:00Z,2011-11-13T11:54:00Z
13451,2898.2599999999998,5,2128,579.6519999999999,2011-01-09T15:35:00Z,2011-11-13T15:58:00Z
13452,590,2,2,295,2011-03-14T11:38:00Z,2011-03-25T14:19:00Z
13453,356.97999999999996,2,134,178.48999999999998,2011-02-23T09:44:00Z,2011-06-27T09:34:00Z
13455,1058.34,2,354,529.17,2010-12-08T13:11:00Z,2011-11-15T11:21:00Z
13456,1766.72,6,765,294.4533333333333,2011-05-16T15:34:00Z,2011-11-22T09:18:00Z
13458,9646.57,14,5508,689.0407142857142,2010-12-15T12:05:00Z,2011-12-02T15:29:00Z
13460,183.44,2,286,91.72,2011-10-21T09:50:00Z,2011-11-10T17:17:00Z
13461,1445,3,1170,481.6666666666667,2011-06-29T10:23:00Z,2011-11-01T09:01:00Z
13462,151.5,1,62,151.5,2011-04-01T11:20:00Z,2011-04-01T11:20:00Z
13464,674.68,1,403,674.68,2011-10-12T15:01:00Z,2011-10-12T15:01:00Z
13466,307.9,1,259,307.9,2011-06-08T16:39:00Z,2011-06-08T16:39:00Z
13467,1071.91,2,580,535.955,2011-11-03T16:56:00Z,2011-11-29T10:01:00Z
13468,5704.97,37,2589,154.1883783783784,2010-12-01T15:08:00Z,2011-12-08T10:39:00Z
13470,165,2,100,82.5,2011-08-16T17:06:00Z,2011-09-01T14:57:00Z
13471,2501.84,4,1583,625.46,2011-10-23T13:10:00Z,2011-12-08T15:44:00Z
13473,422.64,2,266,211.32,2011-01-11T08:45:00Z,2011-10-10T11:20:00Z
13474,226.84,1,129,226.84,2011-04-17T13:53:00Z,2011-04-17T13:53:00Z
13475,1431.78,4,1012,357.945,2011-02-14T12:36:00Z,2011-06-01T13:52:00Z
13476,1238.47,2,417,619.235,2011-03-03T14:43:00Z,2011-06-14T12:00:00Z
13477,1454.58,6,1021,242.42999999999998,2011-02-21T12:29:00Z,2011-11-02T12:04:00Z
13479,300.95,2,134,150.475,2011-04-19T11:27:00Z,2011-05-23T10:45:00Z
13481,1804.56,5,1142,360.912,2011-03-28T09:07:00Z,2011-10-25T09:07:00Z
13482,184.64,1,116,184.64,2011-04-21T17:03:00Z,2011-04-21T17:03:00Z
13483,140.34,1,160,140.34,2011-10-05T11:53:00Z,2011-10-05T11:53:00Z
13484,313.8,1,44,313.8,2011-04-12T16:30:00Z,2011-04-12T16:30:00Z
13485,454.24,1,277,454.24,2011-04-20T13:58:00Z,2011-04-20T13:58:00Z
13486,1122.41,3,669,374.1366666666667,2011-07-07T17:19:00Z,2011-09-22T13:13:00Z
13487,575.4,3,265,191.79999999999998,2010-12-21T14:54:00Z,2011-10-13T12:07:00Z
13488,8968.31,13,4518,689.87,2010-12-07T13:01:00Z,2011-11-22T14:41:00Z
13489,449.52,4,560,112.38,2011-02-18T10:42:00Z,2011-08-26T13:16:00Z
13491,1215.82,10,903,121.582,2010-12-02T14:30:00Z,2011-10-19T08:32:00Z
13492,1269.84,3,408,423.28,2011-05-09T10:06:00Z,2011-07-26T14:25:00Z
13493,618.63,2,380,309.315,2011-02-25T16:42:00Z,2011-03-09T15:35:00Z
13494,316.26000000000005,1,162,316.26000000000005,2011-02-01T11:58:00Z,2011-02-01T11:58:00Z
13495,2044.87,5,829,408.974,2010-12-06T15:14:00Z,2011-12-02T11:21:00Z
13496,653.33,2,341,326.665,2010-12-15T10:17:00Z,2011-11-29T10:58:00Z
13497,348.05,2,163,174.025,2010-12-06T11:37:00Z,2011-03-02T09:04:00Z
13499,1159.11,5,1365,231.82199999999997,2011-03-15T08:52:00Z,2011-11-22T11:21:00Z
13500,1166.77,3,609,388.92333333333335,2011-08-09T12:20:00Z,2011-11-16T15:35:00Z
13501,1340.32,1,560,1340.32,2011-02-24T18:59:00Z,2011-02-24T18:59:00Z
13502,292,3,264,97.33333333333333,2011-01-20T09:03:00Z,2011-11-23T10:39:00Z
13503,216.85,1,248,216.85,2011-09-29T13:23:00Z,2011-09-29T13:23:00Z
13504,295.93,1,178,295.93,2011-10-06T13:20:00Z,2011-10-06T13:20:00Z
13505,4393.63,4,2486,1098.4075,2011-04-21T12:07:00Z,2011-09-28T11:56:00Z
13506,458.52,2,324,229.26,2010-12-05T12:15:00Z,2011-01-27T13:53:00Z
13507,2479.16,4,1597,619.79,2011-07-17T11:50:00Z,2011-12-06T13:13:00Z
13508,110.97,1,24,110.97,2011-04-10T11:58:00Z,2011-04-10T11:58:00Z
13509,979.72,7,1106,139.96,2011-02-28T13:27:00Z,2011-12-01T10:10:00Z
13510,1791.56,4,1386,447.89,2011-06-09T09:32:00Z,2011-12-08T13:46:00Z
13512,251.21,1,143,251.21,2011-03-24T10:03:00Z,2011-03-24T10:03:00Z
13513,205.1,1,109,205.1,2011-08-05T11:50:00Z,2011-08-05T11:50:00Z
13514,152.20000000000002,1,40,152.20000000000002,2011-09-27T09:39:00Z,2011-09-27T09:39:00Z
13515,891.12,4,681,222.78,2011-04-06T10:33:00Z,2011-09-28T11:26:00Z
13516,1389.41,3,985,463.1366666666667,2011-04-15T11:06:00Z,2011-11-18T13:15:00Z
13517,2128.42,3,1369,709.4733333333334,2011-06-13T08:44:00Z,2011-10-11T11:43:00Z
13518,627.16,1,382,627.16,2011-09-15T10:29:00Z,2011-09-15T10:29:00Z
13519,122.75,1,23,122.75,2011-09-22T18:24:00Z,2011-09-22T18:24:00Z
13520,3624.35,6,1649,604.0583333333333,2010-12-03T10:36:00Z,2011-10-12T10:20:00Z
13521,1071.73,3,718,357.24333333333334,2011-11-29T15:09:00Z,2011-12-08T13:50:00Z
13522,125.80000000000001,1,44,125.80000000000001,2011-11-09T15:11:00Z,2011-11-09T15:11:00Z
13523,3964.88,5,1752,792.976,2010-12-08T14:22:00Z,2011-11-06T15:11:00Z
13524,680.1800000000001,5,324,136.036,2011-05-04T12:26:00Z,2011-10-30T12:34:00Z
13525,628.78,2,394,314.39,2011-04-05T15:36:00Z,2011-11-25T12:01:00Z
13527,2242.36,7,1683,320.33714285714285,2011-01-17T11:17:00Z,2011-11-06T12:04:00Z
13529,307.76,2,74,153.88,2011-05-19T11:50:00Z,2011-09-22T09:15:00Z
13531,483.8,2,174,241.9,2010-12-08T15:03:00Z,2011-05-18T16:56:00Z
13532,210.31,1,129,210.31,2011-11-06T12:25:00Z,2011-11-06T12:25:00Z
13533,269.09,3,202,89.69666666666666,2011-03-17T12:47:00Z,2011-06-10T11:54:00Z
13534,5870.08,25,2961,234.8032,2010-12-16T15:23:00Z,2011-12-07T14:52:00Z
13536,3444.39,7,2126,492.05571428571426,2011-09-25T13:30:00Z,2011-12-08T16:38:00Z
13538,1280.85,7,175,182.97857142857143,2011-01-28T10:40:00Z,2011-10-27T16:34:00Z
13539,631.34,3,320,210.4466666666667,2011-02-03T15:23:00Z,2011-09-15T10:18:00Z
13544,276.06,2,112,138.03,2011-04-13T12:09:00Z,2011-10-31T11:57:00Z
13546,621.09,3,357,207.03,2011-05-23T12:14:00Z,2011-11-27T14:50:00Z
13548,678.16,2,436,339.08,2011-04-10T11:35:00Z,2011-09-04T14:50:00Z
13549,918.2,7,458,131.17142857142858,2011-04-11T13:42:00Z,2011-11-14T09:20:00Z
13551,91.80000000000001,1,12,91.80000000000001,2011-01-24T14:46:00Z,2011-01-24T14:46:00Z
13552,3740.07,12,1417,311.6725,2011-01-28T10:10:00Z,2011-10-04T15:19:00Z
13555,4098.88,4,2636,1024.72,2011-05-22T11:06:00Z,2011-09-27T12:36:00Z
13557,584.06,2,546,292.03,2011-03-04T12:14:00Z,2011-11-11T15:24:00Z
13558,594.52,4,338,148.63,2011-10-02T13:01:00Z,2011-12-04T11:24:00Z
13560,171.42000000000002,1,63,171.42000000000002,2011-12-02T13:11:00Z,2011-12-02T13:11:00Z
13561,141.85999999999999,1,83,141.85999999999999,2011-05-08T12:39:00Z,2011-05-08T12:39:00Z
13562,1799.33,3,757,599.7766666666666,2011-04-08T12:42:00Z,2011-09-19T10:51:00Z
13563,777.53,2,209,388.765,2011-07-22T17:21:00Z,2011-09-16T14:45:00Z
13564,1724.67,3,636,574.89,2010-12-06T17:26:00Z,2011-07-18T14:33:00Z
13565,240.22,2,172,120.11,2011-01-09T14:28:00Z,2011-11-20T14:33:00Z
13566,856.84,2,567,428.42,2011-09-18T12:40:00Z,2011-10-30T11:59:00Z
13568,187.05,1,66,187.05,2011-06-19T14:42:00Z,2011-06-19T14:42:00Z
13569,338.62,2,156,169.31,2010-12-07T12:29:00Z,2011-11-22T13:07:00Z
13570,239.49,1,161,239.49,2011-04-10T13:36:00Z,2011-04-10T13:36:00Z
13571,2088.94,12,1757,174.07833333333335,2011-03-31T12:43:00Z,2011-11-27T10:47:00Z
13572,1384.25,1,534,1384.25,2011-05-18T11:59:00Z,2011-05-18T11:59:00Z
13573,290.25,2,302,145.125,2011-03-31T14:47:00Z,2011-10-20T14:33:00Z
13575,732.0699999999999,5,449,146.414,2011-06-16T14:24:00Z,2011-11-16T13:14:00Z
13576,6717.34,18,2646,373.18555555555554,2010-12-01T17:24:00Z,2011-11-29T15:34:00Z
13577,1687.6000000000001,4,791,421.90000000000003,2011-04-12T10:33:00Z,2011-11-14T15:19:00Z
13579,467.04,2,176,233.52,2010-12-05T16:10:00Z,2011-11-25T08:41:00Z
13581,118,1,30,118,2011-02-03T14:41:00Z,2011-02-03T14:41:00Z
13583,781.03,1,725,781.03,2011-07-07T10:40:00Z,2011-07-07T10:40:00Z
13584,142.4,1,37,142.4,2011-02-06T12:49:00Z,2011-02-06T12:49:00Z
13587,712.4,1,180,712.4,2011-10-07T12:31:00Z,2011-10-07T12:31:00Z
13588,2478.95,9,2606,275.43888888888887,2011-03-29T15:53:00Z,2011-11-24T10:42:00Z
13589,379.65,2,114,189.825,2011-06-13T12:44:00Z,2011-11-25T12:10:00Z
13590,1981.92,6,1848,330.32,2011-02-09T13:25:00Z,2011-11-28T12:54:00Z
13591,1117.13,3,485,372.3766666666667,2011-03-18T12:18:00Z,2011-10-06T12:26:00Z
13592,247.96,4,84,61.99,2011-03-20T14:01:00Z,2011-11-04T09:49:00Z
13593,2011.88,5,719,402.37600000000003,2011-01-07T16:32:00Z,2011-08-23T13:35:00Z
13594,396.97,1,359,396.97,2011-10-18T10:19:00Z,2011-10-18T10:19:00Z
13596,664.11,2,384,332.055,2011-11-27T11:57:00Z,2011-12-04T12:01:00Z
13598,160.04,1,52,160.04,2011-10-23T14:28:00Z,2011-10-23T14:28:00Z
13599,5149.92,21,3293,245.2342857142857,2010-12-08T10:11:00Z,2011-12-08T16:10:00Z
13600,219.52,1,324,219.52,2011-01-31T15:27:00Z,2011-01-31T15:27:00Z
13601,693.32,2,548,346.66,2011-05-12T16:52:00Z,2011-10-25T17:31:00Z
13602,428.89,1,267,428.89,2011-10-06T11:47:00Z,2011-10-06T11:47:00Z
13603,164.34,1,164,164.34,2011-11-13T15:57:00Z,2011-11-13T15:57:00Z
13606,276.75,3,276,92.25,2011-02-01T11:42:00Z,2011-11-10T17:46:00Z
13607,675.51,1,288,675.51,2011-10-30T16:17:00Z,2011-10-30T16:17:00Z
13610,1082.33,7,488,154.6185714285714,2011-02-27T14:44:00Z,2011-11-27T15:38:00Z
13611,1154.4,3,754,384.8,2010-12-15T10:31:00Z,2011-09-11T14:51:00Z
13614,1585.46,4,564,396.365,2011-01-13T12:37:00Z,2011-11-15T14:47:00Z
13615,417.69,1,189,417.69,2011-01-25T08:21:00Z,2011-01-25T08:21:00Z
13617,544.18,3,300,181.39333333333332,2011-06-12T12:55:00Z,2011-10-30T13:50:00Z
13618,177.34,1,246,177.34,2011-06-19T11:09:00Z,2011-06-19T11:09:00Z
13621,213.85,1,343,213.85,2011-08-15T08:26:00Z,2011-08-15T08:26:00Z
13623,727.74,5,286,145.548,2011-02-15T13:08:00Z,2011-11-09T12:00:00Z
13626,257.23,1,209,257.23,2011-04-01T10:05:00Z,2011-04-01T10:05:00Z
13627,1638.47,5,1269,327.694,2010-12-17T09:52:00Z,2011-10-11T14:20:00Z
13629,7792.36,11,4372,708.3963636363636,2011-01-05T12:09:00Z,2011-11-16T13:21:00Z
13630,2031.78,7,1391,290.2542857142857,2011-02-27T12:49:00Z,2011-12-04T15:16:00Z
13631,3070.42,11,467,279.1290909090909,2011-03-17T17:13:00Z,2011-09-01T09:57:00Z
13632,2118.93,5,1031,423.78599999999994,2011-04-10T15:07:00Z,2011-11-15T10:51:00Z
13634,1547.3600000000001,5,700,309.47200000000004,2011-01-16T15:30:00Z,2011-11-06T13:40:00Z
13635,1071.03,1,677,1071.03,2011-10-03T10:55:00Z,2011-10-03T10:55:00Z
13636,949.12,5,592,189.824,2011-02-27T14:29:00Z,2011-11-03T10:30:00Z
13637,804.3,3,405,268.09999999999997,2011-04-27T13:06:00Z,2011-10-18T13:32:00Z
13638,122.64,1,93,122.64,2011-11-24T10:38:00Z,2011-11-24T10:38:00Z
13639,1033.34,1,800,1033.34,2011-09-26T13:36:00Z,2011-09-26T13:36:00Z
13642,312.28000000000003,1,151,312.28000000000003,2011-05-08T12:34:00Z,2011-05-08T12:34:00Z
13643,519.44,3,273,173.14666666666668,2011-06-07T11:40:00Z,2011-11-08T15:37:00Z
13644,2624.26,4,2067,656.065,2011-08-26T11:53:00Z,2011-11-23T14:07:00Z
13645,252.1,1,158,252.1,2011-08-11T16:11:00Z,2011-08-11T16:11:00Z
13647,1648.1200000000001,4,887,412.03000000000003,2011-04-19T09:49:00Z,2011-11-30T12:00:00Z
13649,346.6,2,139,173.3,2010-12-08T14:46:00Z,2011-03-28T11:51:00Z
13650,1836.3400000000001,6,922,306.0566666666667,2011-03-17T12:37:00Z,2011-11-23T12:22:00Z
13651,94.2,2,33,47.1,2011-10-31T12:11:00Z,2011-11-04T14:59:00Z
13652,1095.08,3,578,365.02666666666664,2010-12-06T09:21:00Z,2011-10-25T08:51:00Z
13654,2707.33,6,2182,451.22166666666664,2011-03-11T12:54:00Z,2011-10-27T16:24:00Z
13655,932.97,2,605,466.485,2011-04-12T09:53:00Z,2011-08-17T14:25:00Z
13656,379.65,2,490,189.825,2011-01-06T15:42:00Z,2011-06-28T10:31:00Z
13657,382.14,2,209,191.07,2011-05-22T12:35:00Z,2011-11-29T12:32:00Z
13658,2639.17,5,1019,527.8340000000001,2011-05-19T17:15:00Z,2011-11-30T10:13:00Z
13659,1563,2,882,781.5,2011-01-23T12:08:00Z,2011-05-18T12:37:00Z
13662,881.26,3,533,293.75333333333333,2011-03-25T13:23:00Z,2011-09-15T12:04:00Z
13663,189.47,1,91,189.47,2011-06-13T15:44:00Z,2011-06-13T15:44:00Z
13666,84.65,3,41,28.21666666666667,2011-02-25T13:05:00Z,2011-10-10T15:39:00Z
13667,299.05,1,149,299.05,2011-07-13T15:42:00Z,2011-07-13T15:42:00Z
13668,6309.83,21,3722,300.46809523809526,2010-12-12T12:35:00Z,2011-12-07T12:11:00Z
13669,218.55,2,237,109.275,2011-07-13T11:44:00Z,2011-10-20T09:32:00Z
13670,349.7,1,282,349.7,2011-09-25T15:25:00Z,2011-09-25T15:25:00Z
13672,186.39000000000001,2,57,93.19500000000001,2011-01-11T13:54:00Z,2011-02-11T13:53:00Z
13673,387.44,2,114,193.72,2011-11-07T15:40:00Z,2011-11-21T12:11:00Z
13675,486.82000000000005,2,330,243.41000000000003,2011-02-28T12:14:00Z,2011-07-11T12:57:00Z
13678,232.6,1,924,232.6,2011-07-11T10:14:00Z,2011-07-11T10:14:00Z
13680,3719.12,4,1934,929.78,2011-01-04T14:12:00Z,2011-12-08T13:47:00Z
13681,827.83,4,360,206.9575,2011-07-07T15:21:00Z,2011-11-22T11:13:00Z
13682,59.5,1,10,59.5,2011-06-05T14:06:00Z,2011-06-05T14:06:00Z
13684,65.13,1,38,65.13,2011-02-27T10:13:00Z,2011-02-27T10:13:00Z
13685,3119.44,7,5056,445.63428571428574,2011-10-10T12:59:00Z,2011-12-07T11:41:00Z
13686,72,1,70,72,2011-06-10T09:10:00Z,2011-06-10T09:10:00Z
13689,910,1,512,910,2011-10-07T13:21:00Z,2011-10-07T13:21:00Z
13690,172.25,1,67,172.25,2011-10-11T15:03:00Z,2011-10-11T15:03:00Z
13692,1488.32,3,1226,496.1066666666666,2011-04-17T12:57:00Z,2011-11-15T11:17:00Z
13694,65039.62,50,63312,1300.7924,2010-12-01T12:12:00Z,2011-12-06T09:32:00Z
13695,2504.13,15,1603,166.942,2011-03-25T11:31:00Z,2011-11-08T14:26:00Z
13697,151.29999999999998,1,177,151.29999999999998,2011-11-01T09:14:00Z,2011-11-01T09:14:00Z
13699,308.58000000000004,1,66,308.58000000000004,2011-07-07T16:51:00Z,2011-07-07T16:51:00Z
13700,2248.63,10,2281,224.863,2011-01-16T13:18:00Z,2011-11-13T13:00:00Z
13703,99.5,1,10,99.5,2011-01-25T13:10:00Z,2011-01-25T13:10:00Z
13704,2308.06,9,1531,256.4511111111111,2011-09-12T14:40:00Z,2011-12-04T15:13:00Z
13705,711.86,3,363,237.28666666666666,2010-12-01T10:29:00Z,2011-12-02T12:32:00Z
13706,330.79,1,189,330.79,2011-02-10T09:21:00Z,2011-02-10T09:21:00Z
13707,806.41,2,351,403.205,2011-01-28T13:27:00Z,2011-03-17T18:03:00Z
13708,285.33,1,301,285.33,2011-03-13T13:46:00Z,2011-03-13T13:46:00Z
13709,6307.6500000000005,13,3508,485.2038461538462,2011-01-28T14:57:00Z,2011-12-06T10:28:00Z
13710,180.48,1,176,180.48,2011-11-08T08:16:00Z,2011-11-08T08:16:00Z
13711,252.06,2,140,126.03,2011-05-05T10:29:00Z,2011-05-05T10:31:00Z
13712,228.84,1,352,228.84,2011-04-07T12:33:00Z,2011-04-07T12:33:00Z
13715,1077.39,5,562,215.478,2010-12-02T08:52:00Z,2011-03-03T19:21:00Z
13716,138.28,1,138,138.28,2011-03-15T13:49:00Z,2011-03-15T13:49:00Z
13717,1445.01,6,1959,240.835,2011-02-14T13:21:00Z,2011-11-07T14:13:00Z
13718,306.55,2,173,153.275,2011-02-17T11:58:00Z,2011-04-07T13:24:00Z
13719,1041.68,5,609,208.336,2011-04-19T13:56:00Z,2011-11-24T15:26:00Z
13720,799.9,4,501,199.975,2011-03-30T09:17:00Z,2011-08-15T12:46:00Z
13721,524.14,1,316,524.14,2011-11-03T14:05:00Z,2011-11-03T14:05:00Z
13722,2375.41,3,1401,791.8033333333333,2011-03-02T11:43:00Z,2011-07-31T12:44:00Z
13723,199.85000000000002,1,43,199.85000000000002,2011-05-06T17:04:00Z,2011-05-06T17:04:00Z
13725,1980.56,8,806,247.57,2011-02-04T12:18:00Z,2011-10-21T10:03:00Z
13726,1079.66,2,1054,539.83,2011-08-31T11:06:00Z,2011-11-01T10:49:00Z
13727,333.48,2,162,166.74,2011-11-06T12:16:00Z,2011-11-11T09:46:00Z
13728,1016.14,6,458,169.35666666666665,2011-02-02T12:09:00Z,2011-11-03T10:49:00Z
13730,752.6,2,488,376.3,2011-07-01T12:47:00Z,2011-07-27T08:35:00Z
13731,610.59,2,278,305.295,2011-04-07T10:10:00Z,2011-05-04T14:33:00Z
13732,491.86,1,498,491.86,2011-11-11T15:49:00Z,2011-11-11T15:49:00Z
13735,2883.54,4,1128,720.885,2011-04-19T13:49:00Z,2011-11-15T11:14:00Z
13736,729.8,2,496,364.9,2011-03-24T13:04:00Z,2011-12-04T15:19:00Z
13737,339.59999999999997,1,125,339.59999999999997,2011-05-23T16:32:00Z,2011-05-23T16:32:00Z
13739,216.9,1,54,216.9,2011-11-21T13:35:00Z,2011-11-21T13:35:00Z
13740,350.75,1,425,350.75,2011-04-13T10:32:00Z,2011-04-13T10:32:00Z
13741,668.4300000000001,3,218,222.81000000000003,2011-05-06T13:43:00Z,2011-09-29T09:19:00Z
13742,3107.87,12,1115,258.9891666666667,2011-01-23T14:59:00Z,2011-11-23T11:07:00Z
13743,1341.6,7,1776,191.65714285714284,2011-03-25T14:46:00Z,2011-12-07T10:09:00Z
13744,1080.52,2,1153,540.26,2011-02-20T14:08:00Z,2011-09-05T15:19:00Z
13745,300.04,1,496,300.04,2011-06-30T16:43:00Z,2011-06-30T16:43:00Z
13747,79.6,1,8,79.6,2010-12-01T10:37:00Z,2010-12-01T10:37:00Z
13748,948.25,5,439,189.65,2010-12-01T09:00:00Z,2011-09-05T09:45:00Z
13750,1647.26,5,516,329.452,2011-01-07T11:49:00Z,2011-10-17T12:16:00Z
13751,296.25,1,152,296.25,2011-02-24T15:56:00Z,2011-02-24T15:56:00Z
13752,1175.38,6,874,195.89666666666668,2011-04-07T12:04:00Z,2011-08-07T14:16:00Z
13753,741.26,1,512,741.26,2011-02-25T12:48:00Z,2011-02-25T12:48:00Z
13754,282.59999999999997,2,214,141.29999999999998,2011-01-26T14:58:00Z,2011-07-11T11:51:00Z
13755,2108.06,9,1242,234.2288888888889,2011-10-07T15:45:00Z,2011-12-06T12:26:00Z
13756,5189.52,14,3188,370.68,2010-12-07T11:41:00Z,2011-12-07T16:44:00Z
13758,3190.55,7,1844,455.79285714285714,2010-12-01T12:08:00Z,2011-11-28T11:11:00Z
13759,659.41,2,287,329.705,2011-09-29T15:40:00Z,2011-11-06T14:47:00Z
13760,286.79,2,197,143.395,2011-03-28T12:52:00Z,2011-10-16T16:13:00Z
13761,1070.65,2,642,535.325,2011-06-13T08:43:00Z,2011-10-20T14:01:00Z
13762,306.71999999999997,1,272,306.71999999999997,2011-05-05T09:15:00Z,2011-05-05T09:15:00Z
13763,1714.96,1,728,1714.96,2011-10-07T15:13:00Z,2011-10-07T15:13:00Z
13764,1519.42,3,926,506.47333333333336,2011-01-06T14:53:00Z,2011-09-30T12:03:00Z
13767,17220.36,37,7322,465.41513513513513,2010-12-01T10:47:00Z,2011-12-07T15:00:00Z
13769,2796.51,10,1163,279.651,2010-12-07T13:28:00Z,2011-12-07T15:08:00Z
13771,2634.45,4,1477,658.6125,2011-04-06T15:47:00Z,2011-10-06T14:18:00Z
13772,1122.63,3,540,374.21000000000004,2011-04-14T12:31:00Z,2011-11-06T11:43:00Z
13774,345,1,192,345,2011-09-19T12:06:00Z,2011-09-19T12:06:00Z
13777,25977.16,33,12897,787.1866666666666,2010-12-01T16:01:00Z,2011-12-09T12:25:00Z
13778,178.7,1,70,178.7,2011-08-28T15:25:00Z,2011-08-28T15:25:00Z
13780,360.01,2,318,180.005,2011-06-22T11:43:00Z,2011-12-02T13:49:00Z
13781,127.84,1,30,127.84,2011-04-03T12:08:00Z,2011-04-03T12:08:00Z
13782,908.86,6,369,151.47666666666666,2011-01-16T11:08:00Z,2011-11-27T11:54:00Z
13784,2462.79,11,2493,223.89,2011-01-11T14:38:00Z,2011-11-30T09:33:00Z
13786,230.39999999999998,1,136,230.39999999999998,2010-12-07T13:53:00Z,2010-12-07T13:53:00Z
13787,309.04,2,337,154.52,2010-12-10T14:45:00Z,2011-09-25T12:06:00Z
13790,348.8,1,748,348.8,2011-12-05T15:48:00Z,2011-12-05T15:48:00Z
13791,1516,2,1200,758,2011-06-24T16:38:00Z,2011-08-04T11:44:00Z
13792,195.55,2,92,97.775,2011-02-25T14:03:00Z,2011-10-04T14:31:00Z
13798,37153.85,57,23948,651.8219298245614,2010-12-02T17:24:00Z,2011-12-08T15:51:00Z
13799,688.86,2,402,344.43,2011-02-18T14:18:00Z,2011-08-15T12:07:00Z
13800,558.32,1,331,558.32,2011-02-03T12:27:00Z,2011-02-03T12:27:00Z
13801,324.8,1,168,324.8,2011-10-04T10:15:00Z,2011-10-04T10:15:00Z
13802,4599.42,3,2572,1533.14,2011-02-01T12:03:00Z,2011-07-24T10:54:00Z
13803,277.07,1,121,277.07,2011-03-29T12:57:00Z,2011-03-29T12:57:00Z
13804,2588.39,7,1462,369.77,2011-02-23T09:09:00Z,2011-11-09T12:32:00Z
13805,924.6,2,1900,462.3,2011-08-02T15:29:00Z,2011-10-18T14:50:00Z
13806,256.38,1,56,256.38,2011-10-07T11:43:00Z,2011-10-07T11:43:00Z
13807,112.6,1,36,112.6,2010-12-07T15:48:00Z,2010-12-07T15:48:00Z
13808,1747.66,5,782,349.53200000000004,2011-09-04T12:07:00Z,2011-12-04T12:18:00Z
13809,155.05,1,29,155.05,2011-02-07T13:15:00Z,2011-02-07T13:15:00Z
13810,1499.01,3,312,499.67,2011-10-14T12:57:00Z,2011-11-11T08:33:00Z
13811,814.5,3,68,271.5,2011-04-14T18:40:00Z,2011-06-09T09:54:00Z
13812,539,3,333,179.66666666666666,2011-08-26T12:54:00Z,2011-10-28T14:27:00Z
13813,1366.8600000000001,4,552,341.71500000000003,2011-07-28T10:33:00Z,2011-10-31T10:38:00Z
13814,1579.12,2,864,789.56,2011-07-25T13:54:00Z,2011-09-08T13:48:00Z
13815,4027.36,4,2560,1006.84,2011-01-25T12:16:00Z,2011-11-17T14:19:00Z
13816,571.67,2,269,285.835,2011-10-06T14:37:00Z,2011-11-16T08:38:00Z
13817,382.98,2,211,191.49,2010-12-23T11:46:00Z,2011-11-10T17:49:00Z
13819,1140.35,3,1109,380.1166666666666,2011-01-24T10:38:00Z,2011-02-11T10:38:00Z
13821,385.64,2,153,192.82,2011-03-23T11:30:00Z,2011-07-18T09:49:00Z
13822,632,2,611,316,2011-10-30T15:55:00Z,2011-12-04T12:13:00Z
13823,957.66,2,439,478.83,2011-09-09T10:42:00Z,2011-11-21T10:22:00Z
13824,1698.94,5,768,339.788,2011-02-02T13:07:00Z,2011-11-07T12:41:00Z
13826,189.5,1,82,189.5,2011-06-16T13:48:00Z,2011-06-16T13:48:00Z
13827,409.8,3,138,136.6,2011-07-19T15:38:00Z,2011-10-13T12:38:00Z
13828,209.49,1,311,209.49,2011-11-17T16:02:00Z,2011-11-17T16:02:00Z
13831,2198.45,6,743,366.4083333333333,2010-12-05T12:13:00Z,2011-11-23T15:41:00Z
13832,52.199999999999996,1,28,52.199999999999996,2011-11-20T15:36:00Z,2011-11-20T15:36:00Z
13833,383.85,1,117,383.85,2011-07-03T13:27:00Z,2011-07-03T13:27:00Z
13835,834.57,4,442,208.6425,2011-05-08T15:22:00Z,2011-11-14T15:37:00Z
13837,266.59000000000003,2,182,133.29500000000002,2011-01-26T12:15:00Z,2011-05-12T12:10:00Z
13838,674.82,4,254,168.705,2010-12-05T10:45:00Z,2011-12-04T11:00:00Z
13841,85,1,100,85,2011-04-01T12:10:00Z,2011-04-01T12:10:00Z
13842,3385.62,9,1768,376.18,2010-12-08T10:39:00Z,2011-10-12T10:51:00Z
13844,361.62,1,196,361.62,2011-11-28T13:21:00Z,2011-11-28T13:21:00Z
13845,312.98,1,182,312.98,2011-10-06T08:25:00Z,2011-10-06T08:25:00Z
13846,865.0600000000001,3,388,288.35333333333335,2010-12-14T16:07:00Z,2011-11-15T12:07:00Z
13848,1255,3,3700,418.3333333333333,2010-12-08T15:10:00Z,2011-09-08T12:58:00Z
13849,1537.95,2,1016,768.975,2011-06-22T10:11:00Z,2011-10-19T10:59:00Z
13850,1595.48,1,944,1595.48,2011-08-02T14:04:00Z,2011-08-02T14:04:00Z
13851,2651.46,3,1705,883.82,2011-02-24T17:18:00Z,2011-09-05T12:36:00Z
13853,1090.14,1,312,1090.14,2011-10-13T14:18:00Z,2011-10-13T14:18:00Z
13854,8109.5199999999995,25,2296,324.38079999999997,2010-12-09T10:48:00Z,2011-12-01T09:06:00Z
13856,388.5,3,494,129.5,2011-05-20T13:13:00Z,2011-06-24T10:03:00Z
13858,216.17,1,75,216.17,2011-10-13T16:17:00Z,2011-10-13T16:17:00Z
13859,201.16,1,129,201.16,2011-01-17T16:14:00Z,2011-01-17T16:14:00Z
13860,1245.9,5,591,249.18,2011-09-14T09:27:00Z,2011-12-08T12:57:00Z
13862,2209.36,8,1688,276.17,2011-01-11T15:13:00Z,2011-11-21T16:24:00Z
13863,305.78,1,224,305.78,2011-04-06T10:20:00Z,2011-04-06T10:20:00Z
13865,501.56,4,204,125.39,2011-02-23T12:04:00Z,2011-10-12T13:31:00Z
13866,145.67000000000002,1,57,145.67000000000002,2011-09-26T14:54:00Z,2011-09-26T14:54:00Z
13867,1005.09,3,501,335.03000000000003,2011-05-05T17:28:00Z,2011-11-08T15:48:00Z
13868,3192.54,2,1964,1596.27,2011-11-01T12:45:00Z,2011-12-02T16:32:00Z
13869,3083.65,4,1709,770.9125,2010-12-17T15:14:00Z,2011-08-08T13:53:00Z
13870,2770.94,8,1325,346.3675,2011-02-25T09:09:00Z,2011-12-07T13:23:00Z
13871,6403.25,13,2806,492.5576923076923,2011-02-04T09:30:00Z,2011-11-17T10:49:00Z
13873,389.6,3,140,129.86666666666667,2011-02-03T09:37:00Z,2011-08-12T10:08:00Z
13874,540.45,1,180,540.45,2010-12-16T18:20:00Z,2010-12-16T18:20:00Z
13875,1786.79,5,1316,357.358,2011-02-11T15:39:00Z,2011-10-17T09:36:00Z
13876,122.7,1,36,122.7,2011-10-07T10:22:00Z,2011-10-07T10:22:00Z
13877,117.24,1,108,117.24,2011-09-14T15:49:00Z,2011-09-14T15:49:00Z
13878,1271.57,1,463,1271.57,2011-10-16T12:19:00Z,2011-10-16T12:19:00Z
13880,3219.77,13,1842,247.67461538461538,2010-12-07T14:00:00Z,2011-11-18T13:44:00Z
13881,17159.52,20,10118,857.976,2011-02-01T10:14:00Z,2011-12-06T12:50:00Z
13882,1191.13,5,953,238.22600000000003,2011-10-06T15:28:00Z,2011-12-07T11:16:00Z
13883,2674.48,5,1436,534.896,2011-03-31T17:17:00Z,2011-11-29T10:45:00Z
13884,787.6,5,300,157.52,2011-03-01T13:40:00Z,2011-12-02T16:30:00Z
13885,506.8,2,182,253.4,2011-05-23T08:52:00Z,2011-06-03T15:07:00Z
13886,243.56,1,126,243.56,2011-09-29T13:17:00Z,2011-09-29T13:17:00Z
13887,349.55,1,147,349.55,2011-05-19T17:22:00Z,2011-05-19T17:22:00Z
13888,595.67,2,254,297.835,2011-05-05T14:41:00Z,2011-08-12T10:13:00Z
13889,416.90000000000003,1,146,416.90000000000003,2011-09-08T09:13:00Z,2011-09-08T09:13:00Z
13890,1883.81,10,831,188.381,2010-12-16T09:31:00Z,2011-12-08T15:36:00Z
13892,632.97,4,983,158.2425,2011-04-07T12:04:00Z,2011-11-13T11:50:00Z
13893,821.1,1,190,821.1,2011-02-15T11:30:00Z,2011-02-15T11:30:00Z
13894,564.62,3,354,188.20666666666668,2011-02-02T12:54:00Z,2011-11-16T09:44:00Z
13895,2593.07,4,1365,648.2675,2011-06-28T10:17:00Z,2011-11-11T16:57:00Z
13897,311.16,1,200,311.16,2011-10-20T14:30:00Z,2011-10-20T14:30:00Z
13898,155.93,1,133,155.93,2011-01-18T10:28:00Z,2011-01-18T10:28:00Z
13899,388.52,2,156,194.26,2011-03-10T09:30:00Z,2011-11-23T13:40:00Z
13900,740.95,3,430,246.98333333333335,2011-03-22T10:13:00Z,2011-06-09T19:26:00Z
13901,2867.2000000000003,5,1739,573.44,2011-01-25T09:01:00Z,2011-09-28T14:48:00Z
13904,332.64,2,332,166.32,2011-02-18T11:18:00Z,2011-11-02T13:41:00Z
13908,2369.55,4,1478,592.3875,2011-03-08T12:04:00Z,2011-09-21T11:49:00Z
13911,2580.91,9,2731,286.7677777777778,2011-02-04T14:46:00Z,2011-10-13T15:43:00Z
13914,626.45,2,380,313.225,2011-11-03T16:28:00Z,2011-11-28T10:35:00Z
13917,272.04,2,228,136.02,2011-06-01T12:46:00Z,2011-10-21T09:56:00Z
13918,1212.8400000000001,2,1140,606.4200000000001,2011-03-31T18:05:00Z,2011-10-21T12:25:00Z
13919,384.81,2,474,192.405,2011-08-10T10:15:00Z,2011-10-11T14:24:00Z
13922,172.25,1,93,172.25,2010-12-23T10:38:00Z,2010-12-23T10:38:00Z
13923,351.13,1,185,351.13,2011-10-17T12:33:00Z,2011-10-17T12:33:00Z
13924,1838.8500000000001,6,1575,306.475,2011-09-28T15:07:00Z,2011-12-08T09:39:00Z
13925,678.25,4,331,169.5625,2011-07-28T12:09:00Z,2011-09-08T12:47:00Z
13926,223.85000000000002,1,104,223.85000000000002,2011-11-16T13:16:00Z,2011-11-16T13:16:00Z
13927,348.99,1,214,348.99,2011-09-26T12:00:00Z,2011-09-26T12:00:00Z
13928,464.57,4,129,116.1425,2011-07-29T15:59:00Z,2011-11-29T10:33:00Z
13929,842.65,2,143,421.325,2011-01-17T15:11:00Z,2011-06-23T15:26:00Z
13930,337.34,2,274,168.67,2011-07-26T11:00:00Z,2011-10-13T09:45:00Z
13931,1237.53,2,725,618.765,2011-03-04T08:43:00Z,2011-09-05T10:12:00Z
13932,307.4,1,72,307.4,2011-02-18T12:02:00Z,2011-02-18T12:02:00Z
13933,608.7900000000001,2,205,304.39500000000004,2011-07-14T13:35:00Z,2011-08-22T14:03:00Z
13934,922.1,1,390,922.1,2011-03-21T08:39:00Z,2011-03-21T08:39:00Z
13936,376.58,1,330,376.58,2011-06-13T08:47:00Z,2011-06-13T08:47:00Z
13937,158.85,1,123,158.85,2011-06-23T16:35:00Z,2011-06-23T16:35:00Z
13938,71.66,1,70,71.66,2011-11-04T14:37:00Z,2011-11-04T14:37:00Z
13939,568.55,3,847,189.51666666666665,2011-02-01T11:30:00Z,2011-11-16T13:33:00Z
13940,839.14,4,516,209.785,2011-07-18T16:05:00Z,2011-11-22T15:15:00Z
13941,5112.96,5,2364,1022.592,2010-12-02T10:17:00Z,2011-11-18T09:43:00Z
13946,561.5699999999999,3,443,187.18999999999997,2011-03-17T10:02:00Z,2011-09-21T13:33:00Z
13947,90.6,1,44,90.6,2011-10-05T14:42:00Z,2011-10-05T14:42:00Z
13948,102,1,40,102,2010-12-14T10:18:00Z,2010-12-14T10:18:00Z
13949,2427.32,6,2474,404.55333333333334,2011-09-06T11:55:00Z,2011-12-07T09:35:00Z
13950,745.06,4,323,186.265,2011-04-07T11:29:00Z,2011-11-28T14:44:00Z
13951,674.45,3,459,224.8166666666667,2011-02-18T15:21:00Z,2011-06-16T16:43:00Z
13952,3251.071,2,1431,1625.5355,2011-04-15T09:27:00Z,2011-05-06T09:00:00Z
13953,3515.68,7,2724,502.23999999999995,2010-12-22T10:29:00Z,2011-12-02T16:04:00Z
13954,439.92,2,150,219.96,2011-09-30T10:52:00Z,2011-12-08T12:50:00Z
13955,322.96,2,154,161.48,2011-02-07T12:24:00Z,2011-07-08T17:19:00Z
13956,1019.27,5,486,203.85399999999998,2011-03-13T12:51:00Z,2011-12-04T13:20:00Z
13959,594.04,3,355,198.01333333333332,2010-12-12T13:56:00Z,2011-09-21T15:06:00Z
13960,230.22,2,142,115.11,2011-09-29T12:39:00Z,2011-11-18T15:27:00Z
13962,169.55,2,87,84.775,2011-04-08T11:21:00Z,2011-11-18T08:47:00Z
13963,664.54,4,460,166.135,2010-12-07T09:21:00Z,2011-02-04T14:43:00Z
13967,80.7,1,42,80.7,2011-07-17T12:02:00Z,2011-07-17T12:02:00Z
13969,9024.17,18,4528,501.34277777777777,2010-12-09T19:32:00Z,2011-12-02T15:11:00Z
13971,2758.26,8,1844,344.7825,2011-02-27T12:27:00Z,2011-11-21T12:06:00Z
13972,190.25,2,187,95.125,2011-05-22T11:34:00Z,2011-09-30T11:54:00Z
13973,264.7,1,109,264.7,2011-02-25T15:21:00Z,2011-02-25T15:21:00Z
13974,413.59000000000003,1,249,413.59000000000003,2011-10-21T14:41:00Z,2011-10-21T14:41:00Z
13975,2461.2400000000002,6,1697,410.2066666666667,2011-03-08T12:19:00Z,2011-11-08T13:19:00Z
13976,357.98,1,154,357.98,2011-05-17T09:13:00Z,2011-05-17T09:13:00Z
13978,196.79000000000002,2,315,98.39500000000001,2011-10-25T15:04:00Z,2011-11-25T11:36:00Z
13979,869.87,1,639,869.87,2011-09-27T13:32:00Z,2011-09-27T13:32:00Z
13980,200.14,1,172,200.14,2011-10-10T13:34:00Z,2011-10-10T13:34:00Z
13982,1871.81,4,1136,467.9525,2010-12-09T13:57:00Z,2011-10-31T16:24:00Z
13983,2603.43,12,1183,216.9525,2010-12-08T10:38:00Z,2011-11-10T11:06:00Z
13984,920.51,5,679,184.102,2010-12-08T15:58:00Z,2011-11-13T12:38:00Z
13985,7060.13,15,3447,470.67533333333336,2011-03-20T13:48:00Z,2011-12-05T17:06:00Z
13986,320.46,1,430,320.46,2011-11-22T15:00:00Z,2011-11-22T15:00:00Z
13988,4147.96,6,3044,691.3266666666667,2011-03-30T11:48:00Z,2011-11-20T10:15:00Z
13989,1266.08,2,1313,633.04,2011-04-14T15:39:00Z,2011-10-05T09:47:00Z
13990,311.3,1,190,311.3,2011-05-10T15:19:00Z,2011-05-10T15:19:00Z
13991,852.88,6,995,142.14666666666668,2011-07-19T12:58:00Z,2011-11-27T16:18:00Z
13992,76.8,1,64,76.8,2011-11-09T15:23:00Z,2011-11-09T15:23:00Z
13993,3466.36,9,900,385.1511111111111,2011-01-13T10:43:00Z,2011-10-28T09:06:00Z
13994,2274.14,6,932,379.0233333333333,2011-07-14T18:28:00Z,2011-12-06T11:05:00Z
13995,1393.69,5,879,278.738,2011-04-08T08:20:00Z,2011-11-24T14:22:00Z
13999,3901.81,12,2243,325.1508333333333,2010-12-13T11:23:00Z,2011-11-29T13:40:00Z
14000,635.66,1,710,635.66,2011-05-12T16:50:00Z,2011-05-12T16:50:00Z
14001,2043.08,3,962,681.0266666666666,2010-12-01T12:58:00Z,2011-10-25T10:31:00Z
14002,529.73,2,877,264.865,2011-07-06T14:59:00Z,2011-07-28T15:55:00Z
14004,4582.64,7,2668,654.6628571428572,2011-02-24T09:28:00Z,2011-10-27T14:40:00Z
14005,2874.72,5,2478,574.944,2011-05-08T10:33:00Z,2011-11-30T12:41:00Z
14006,962.19,3,641,320.73,2011-01-31T15:11:00Z,2011-08-16T09:39:00Z
14009,695.61,2,365,347.805,2011-05-18T13:00:00Z,2011-05-25T15:47:00Z
14012,328.8,1,160,328.8,2011-03-07T12:26:00Z,2011-03-07T12:26:00Z
14013,473.02,3,462,157.67333333333332,2011-03-09T08:59:00Z,2011-08-21T15:01:00Z
14014,505.18,1,1076,505.18,2011-09-23T13:18:00Z,2011-09-23T13:18:00Z
14015,917.34,1,378,917.34,2011-10-18T10:02:00Z,2011-10-18T10:02:00Z
14016,4341.21,4,2125,1085.3025,2010-12-17T14:21:00Z,2011-07-01T11:29:00Z
14019,1421.61,3,1037,473.86999999999995,2011-07-24T15:39:00Z,2011-10-24T10:13:00Z
14020,642.8,2,441,321.4,2011-09-12T15:32:00Z,2011-11-23T09:22:00Z
14021,631.9,3,192,210.63333333333333,2011-03-28T15:10:00Z,2011-07-07T15:46:00Z
14022,440,1,487,440,2011-04-28T14:39:00Z,2011-04-28T14:39:00Z
14023,584.07,2,345,292.035,2011-04-03T15:50:00Z,2011-12-02T13:58:00Z
14024,327.7,2,150,163.85,2011-08-07T13:31:00Z,2011-08-10T11:30:00Z
14027,104.82,1,62,104.82,2011-10-10T09:01:00Z,2011-10-10T09:01:00Z
14029,467.66,2,198,233.83,2011-07-18T16:57:00Z,2011-10-07T14:46:00Z
14030,2358.84,8,1478,294.855,2010-12-08T16:11:00Z,2011-11-21T16:48:00Z
14031,17286.86,19,5788,909.8347368421053,2010-12-02T16:34:00Z,2011-12-02T17:13:00Z
14032,2975.59,11,2032,270.5081818181818,2010-12-08T10:53:00Z,2011-12-07T15:23:00Z
14034,648.89,3,420,216.29666666666665,2011-07-05T13:06:00Z,2011-11-17T14:02:00Z
14035,1428.02,5,739,285.604,2011-02-15T12:48:00Z,2011-11-11T10:03:00Z
14036,626.65,1,268,626.65,2011-02-28T09:26:00Z,2011-02-28T09:26:00Z
14037,147.20000000000002,2,46,73.60000000000001,2010-12-10T11:39:00Z,2011-06-16T13:57:00Z
14038,1560.38,3,965,520.1266666666667,2011-05-16T14:05:00Z,2011-09-22T13:37:00Z
14039,152.2,1,92,152.2,2011-11-06T13:48:00Z,2011-11-06T13:48:00Z
14040,3560.32,12,1544,296.6933333333333,2011-01-12T14:57:00Z,2011-10-30T12:42:00Z
14041,141.41,1,94,141.41,2011-03-18T13:25:00Z,2011-03-18T13:25:00Z
14044,646.42,4,304,161.605,2011-02-03T11:39:00Z,2011-11-13T12:05:00Z
14045,1659.75,4,535,414.9375,2010-12-01T11:32:00Z,2011-08-22T15:27:00Z
14046,154.99,1,460,154.99,2011-02-28T14:48:00Z,2011-02-28T14:48:00Z
14047,1308.6100000000001,5,381,261.72200000000004,2010-12-02T10:09:00Z,2011-12-01T11:43:00Z
14048,409.93,1,288,409.93,2011-02-07T14:53:00Z,2011-02-07T14:53:00Z
14049,5578.72,4,3808,1394.68,2011-01-26T11:27:00Z,2011-11-23T12:20:00Z
14050,746.36,2,689,373.18,2011-08-25T13:46:00Z,2011-11-08T10:00:00Z
14051,15610.390000000001,23,3756,678.7126086956522,2010-12-08T12:49:00Z,2011-12-09T10:20:00Z
14052,225.36,1,89,225.36,2011-11-20T12:30:00Z,2011-11-20T12:30:00Z
14053,260.25,2,215,130.125,2011-07-03T12:21:00Z,2011-08-07T14:27:00Z
14054,92.46,1,62,92.46,2011-10-05T15:49:00Z,2011-10-05T15:49:00Z
14055,725.6400000000001,1,216,725.6400000000001,2011-08-25T15:04:00Z,2011-08-25T15:04:00Z
14056,8152.71,23,4252,354.46565217391304,2011-02-28T15:19:00Z,2011-12-08T13:36:00Z
14057,6211.66,17,4873,365.39176470588234,2010-12-14T12:11:00Z,2011-11-16T10:32:00Z
14059,183.6,1,128,183.6,2011-03-18T10:06:00Z,2011-03-18T10:06:00Z
14060,6140.42,19,5386,323.18,2010-12-02T12:11:00Z,2011-12-05T12:29:00Z
14062,10464.85,12,5593,872.0708333333333,2010-12-10T15:56:00Z,2011-11-30T10:04:00Z
14064,1334.34,5,1772,266.868,2011-03-10T12:59:00Z,2011-11-10T13:14:00Z
14066,152.55,1,45,152.55,2011-03-18T12:21:00Z,2011-03-18T12:21:00Z
14067,374.7,2,361,187.35,2011-09-04T12:00:00Z,2011-10-07T10:21:00Z
14068,265.85,1,73,265.85,2011-01-23T16:02:00Z,2011-01-23T16:02:00Z
14071,1437.57,8,994,179.69625,2011-03-20T11:33:00Z,2011-12-06T12:27:00Z
14073,151.04,1,130,151.04,2011-11-07T15:49:00Z,2011-11-07T15:49:00Z
14075,942.26,3,754,314.08666666666664,2011-03-23T16:35:00Z,2011-12-05T08:38:00Z
14076,118.67,1,79,118.67,2011-08-02T15:19:00Z,2011-08-02T15:19:00Z
14077,499.42,5,268,99.884,2011-03-10T15:52:00Z,2011-10-30T12:35:00Z
14078,1049.37,6,310,174.89499999999998,2010-12-01T12:54:00Z,2011-08-30T12:16:00Z
14079,375.09999999999997,1,301,375.09999999999997,2011-08-07T12:10:00Z,2011-08-07T12:10:00Z
14080,45.599999999999994,1,48,45.599999999999994,2011-11-07T11:09:00Z,2011-11-07T11:09:00Z
14081,921.62,2,592,460.81,2010-12-05T15:47:00Z,2011-02-10T16:17:00Z
14082,182.25,1,110,182.25,2010-12-10T11:02:00Z,2010-12-10T11:02:00Z
14083,1002.9,9,705,111.43333333333334,2010-12-03T12:24:00Z,2011-12-05T13:14:00Z
14085,4421.29,18,3177,245.62722222222223,2010-12-06T12:39:00Z,2011-12-07T13:46:00Z
14087,191.47,1,250,191.47,2011-12-07T12:41:00Z,2011-12-07T12:41:00Z
14088,50491.81,13,12665,3883.9853846153846,2011-01-21T13:07:00Z,2011-11-29T16:16:00Z
14089,158.75,1,133,158.75,2011-10-14T10:38:00Z,2011-10-14T10:38:00Z
14090,76.32000000000001,1,72,76.32000000000001,2011-01-19T10:51:00Z,2011-01-19T10:51:00Z
14092,4076.91,14,2066,291.2078571428571,2010-12-16T15:47:00Z,2011-12-02T12:13:00Z
14093,433.86,1,391,433.86,2011-11-27T16:27:00Z,2011-11-27T16:27:00Z
14096,65164.79,17,16352,3833.2229411764706,2011-08-30T10:49:00Z,2011-12-05T17:17:00Z
14098,147.35,1,104,147.35,2011-11-03T10:13:00Z,2011-11-03T10:13:00Z
14099,3104.17,11,2179,282.1972727272727,2010-12-20T11:14:00Z,2011-11-23T13:53:00Z
14100,191.95000000000002,1,63,191.95000000000002,2011-07-25T11:01:00Z,2011-07-25T11:01:00Z
14101,5976.79,6,6942,996.1316666666667,2011-01-17T13:09:00Z,2011-09-27T12:28:00Z
14102,1105.8799999999999,5,769,221.176,2011-10-26T12:46:00Z,2011-12-04T15:38:00Z
14104,216.21,2,72,108.105,2011-06-27T12:49:00Z,2011-07-08T12:50:00Z
14105,1266.23,1,800,1266.23,2011-04-14T17:58:00Z,2011-04-14T17:58:00Z
14107,2703.23,7,1793,386.17571428571426,2010-12-10T13:29:00Z,2011-10-19T12:12:00Z
14108,597.91,2,381,298.955,2011-08-30T11:32:00Z,2011-11-09T10:41:00Z
14109,144.2,1,88,144.2,2011-09-28T10:18:00Z,2011-09-28T10:18:00Z
14110,5683.1500000000005,12,2457,473.59583333333336,2011-03-18T09:59:00Z,2011-12-06T12:26:00Z
14111,692.85,4,458,173.2125,2011-04-12T11:36:00Z,2011-11-25T13:44:00Z
14112,2915.15,7,1651,416.45,2011-03-09T11:28:00Z,2011-11-17T12:30:00Z
14113,1840.42,4,745,460.105,2010-12-20T12:14:00Z,2011-12-06T12:18:00Z
14114,386.53,2,101,193.265,2011-01-13T11:05:00Z,2011-03-11T09:42:00Z
14116,1382.74,5,707,276.548,2011-08-10T12:44:00Z,2011-11-20T10:29:00Z
14117,90,1,72,90,2011-07-19T09:49:00Z,2011-07-19T09:49:00Z
14121,2780.15,4,2082,695.0375,2011-10-11T10:39:00Z,2011-12-06T12:19:00Z
14124,419.58,1,1618,419.58,2011-09-16T13:32:00Z,2011-09-16T13:32:00Z
14125,2720.63,3,1628,906.8766666666667,2011-09-22T15:40:00Z,2011-11-29T12:47:00Z
14126,706.13,3,508,235.37666666666667,2011-11-29T12:21:00Z,2011-12-02T11:45:00Z
14127,709.71,3,321,236.57000000000002,2011-02-02T12:26:00Z,2011-08-09T10:49:00Z
14128,637.5,2,564,318.75,2011-03-29T10:49:00Z,2011-10-10T12:00:00Z
14129,1123.8600000000001,5,592,224.77200000000002,2011-03-24T08:44:00Z,2011-12-08T11:02:00Z
14130,480.91,1,257,480.91,2011-01-24T16:05:00Z,2011-01-24T16:05:00Z
14132,3586.0299999999997,11,3368,326.00272727272727,2011-06-09T12:04:00Z,2011-12-07T13:35:00Z
14133,605.64,3,348,201.88,2011-01-28T11:27:00Z,2011-08-02T11:34:00Z
14135,4690.31,15,3850,312.68733333333336,2010-12-02T10:27:00Z,2011-12-08T11:38:00Z
14138,965.8800000000001,2,600,482.94000000000005,2011-10-07T09:38:00Z,2011-12-08T12:44:00Z
14139,415.82,1,510,415.82,2011-10-24T13:34:00Z,2011-10-24T13:34:00Z
14140,935.05,2,811,467.525,2011-11-08T11:20:00Z,2011-12-06T09:05:00Z
14141,915.1300000000001,4,355,228.78250000000003,2011-08-26T14:40:00Z,2011-12-07T09:53:00Z
14142,311.81,1,313,311.81,2010-12-01T16:33:00Z,2010-12-01T16:33:00Z
14143,115.8,1,30,115.8,2011-07-29T09:48:00Z,2011-07-29T09:48:00Z
14145,3742.2,4,756,935.55,2011-05-06T13:01:00Z,2011-10-24T12:10:00Z
14146,4191,5,2437,838.2,2010-12-17T15:52:00Z,2011-12-01T10:18:00Z
14147,483.4,2,108,241.7,2011-02-27T11:42:00Z,2011-09-22T18:10:00Z
14148,157.2,1,16,157.2,2011-04-20T12:02:00Z,2011-04-20T12:02:00Z
14149,446.62,1,218,446.62,2011-05-03T09:44:00Z,2011-05-03T09:44:00Z
14150,658.64,2,496,329.32,2010-12-15T10:04:00Z,2011-11-04T10:05:00Z
14152,621.29,2,711,310.645,2011-04-19T15:46:00Z,2011-09-25T12:54:00Z
14154,1345.62,2,465,672.81,2011-04-14T15:58:00Z,2011-04-14T16:26:00Z
14155,118.75,1,25,118.75,2011-03-18T14:13:00Z,2011-03-18T14:13:00Z
14156,117210.08,55,57768,2131.0923636363636,2010-12-03T11:48:00Z,2011-11-30T10:54:00Z
14157,424.89,2,271,212.445,2011-02-27T13:04:00Z,2011-11-20T11:32:00Z
14158,507.66,1,781,507.66,2011-10-30T15:08:00Z,2011-10-30T15:08:00Z
14159,4630.35,11,4348,420.94090909090914,2010-12-12T11:17:00Z,2011-11-20T12:36:00Z
14161,1097.6200000000001,3,450,365.8733333333334,2010-12-05T13:18:00Z,2011-05-08T11:41:00Z
14162,289.36,2,142,144.68,2011-02-20T12:32:00Z,2011-06-19T11:36:00Z
14163,2445.91,4,893,611.4775,2011-04-14T17:33:00Z,2011-09-13T15:18:00Z
14164,1631.77,2,1033,815.885,2011-09-20T12:18:00Z,2011-09-30T12:24:00Z
14165,120.44,1,53,120.44,2011-03-09T12:39:00Z,2011-03-09T12:39:00Z
14167,562.59,4,147,140.6475,2011-01-12T15:44:00Z,2011-10-31T14:29:00Z
14171,363.79,1,167,363.79,2011-09-02T16:43:00Z,2011-09-02T16:43:00Z
14173,450.84000000000003,4,150,112.71000000000001,2011-05-04T14:03:00Z,2011-11-29T11:54:00Z
14174,134.46,1,94,134.46,2011-11-06T13:17:00Z,2011-11-06T13:17:00Z
14175,3222.3,3,1515,1074.1000000000001,2011-01-14T12:22:00Z,2011-10-11T11:55:00Z
14176,576.9,4,209,144.225,2010-12-07T11:45:00Z,2011-02-15T13:12:00Z
14177,549.46,4,204,137.365,2011-06-13T11:10:00Z,2011-09-14T15:11:00Z
14178,1600.26,7,1494,228.60857142857142,2011-06-10T12:51:00Z,2011-12-01T12:01:00Z
14179,701.57,2,319,350.785,2011-10-18T14:00:00Z,2011-10-30T12:07:00Z
14180,4748.52,25,719,189.94080000000002,2010-12-02T13:08:00Z,2011-11-29T10:56:00Z
14184,452.89,1,127,452.89,2011-10-04T12:43:00Z,2011-10-04T12:43:00Z
14185,197.65,1,6,197.65,2011-01-12T13:52:00Z,2011-01-12T13:52:00Z
14188,2054.36,6,1162,342.3933333333334,2011-02-02T13:46:00Z,2011-11-09T12:45:00Z
14189,4654.08,15,3937,310.272,2010-12-06T11:42:00Z,2011-12-07T15:55:00Z
14191,4684.76,13,3662,360.36615384615385,2011-05-03T10:30:00Z,2011-12-08T09:23:00Z
14193,853.39,2,445,426.695,2011-03-15T11:38:00Z,2011-10-03T09:34:00Z
14194,11349.52,21,5840,540.4533333333334,2011-02-04T14:51:00Z,2011-12-05T10:38:00Z
14195,1012,2,760,506,2011-04-01T16:50:00Z,2011-05-22T10:29:00Z
14196,335.52,1,142,335.52,2011-08-25T10:25:00Z,2011-08-25T10:25:00Z
14198,701.4,4,290,175.35,2011-04-14T14:54:00Z,2011-11-21T16:35:00Z
14199,185.39999999999998,1,28,185.39999999999998,2011-05-05T13:44:00Z,2011-05-05T13:44:00Z
14201,747.44,7,590,106.77714285714286,2010-12-15T13:25:00Z,2011-10-10T13:27:00Z
14204,150.61,1,72,150.61,2011-12-07T13:38:00Z,2011-12-07T13:38:00Z
14205,466.7,2,204,233.35,2011-03-20T15:07:00Z,2011-11-23T10:55:00Z
14206,328.15999999999997,1,276,328.15999999999997,2011-04-14T16:38:00Z,2011-04-14T16:38:00Z
14208,151.74,1,114,151.74,2011-09-06T12:48:00Z,2011-09-06T12:48:00Z
14209,2073.43,6,691,345.57166666666666,2011-01-11T12:56:00Z,2011-11-29T10:18:00Z
14210,1905.8400000000001,6,760,317.64000000000004,2010-12-03T12:43:00Z,2011-08-26T12:36:00Z
14211,2241.1,9,1242,249.0111111111111,2011-02-17T15:50:00Z,2011-10-17T13:23:00Z
14212,1070.48,1,1152,1070.48,2011-09-11T12:45:00Z,2011-09-11T12:45:00Z
14214,1004.38,5,751,200.876,2011-03-07T12:26:00Z,2011-11-09T10:31:00Z
14215,1789.72,6,1358,298.2866666666667,2010-12-06T15:34:00Z,2011-11-28T12:19:00Z
14216,1839.3,4,594,459.825,2011-11-02T10:51:00Z,2011-12-06T14:56:00Z
14217,2004.98,17,689,117.94,2010-12-08T13:28:00Z,2011-12-08T11:53:00Z
14218,169.48000000000002,1,160,169.48000000000002,2011-10-28T10:00:00Z,2011-10-28T10:00:00Z
14219,89.94,1,78,89.94,2011-12-05T16:23:00Z,2011-12-05T16:23:00Z
14220,632.4,2,272,316.2,2010-12-16T18:18:00Z,2011-04-06T13:23:00Z
14221,3432.8,9,2191,381.4222222222222,2011-01-04T15:33:00Z,2011-10-28T13:42:00Z
14222,683.17,1,607,683.17,2011-06-15T16:42:00Z,2011-06-15T16:42:00Z
14223,991.13,3,585,330.37666666666667,2011-03-20T16:02:00Z,2011-09-08T13:38:00Z
14224,1009.73,4,483,252.4325,2011-01-23T13:58:00Z,2011-08-21T13:24:00Z
14226,2214.79,5,1296,442.95799999999997,2011-03-15T15:36:00Z,2011-11-11T11:34:00Z
14227,3350.96,10,1820,335.096,2011-02-28T12:27:00Z,2011-11-13T15:48:00Z
14229,1547.2,3,610,515.7333333333333,2011-01-10T12:03:00Z,2011-10-19T10:04:00Z
14231,925.71,3,409,308.57,2011-02-24T11:55:00Z,2011-06-09T11:05:00Z
14232,2048.07,5,1941,409.61400000000003,2011-03-20T12:44:00Z,2011-10-28T11:09:00Z
14233,1462.72,4,680,365.68,2011-01-26T12:43:00Z,2011-10-21T15:54:00Z
14234,754.12,4,951,188.53,2011-10-13T13:58:00Z,2011-11-17T17:53:00Z
14235,3144.86,5,1959,628.972,2011-03-24T13:23:00Z,2011-09-25T14:37:00Z
14236,490.86,2,310,245.43,2010-12-02T18:49:00Z,2011-09-20T09:13:00Z
14237,161,1,38,161,2010-12-01T13:20:00Z,2010-12-01T13:20:00Z
14238,146.85,1,111,146.85,2011-01-17T14:40:00Z,2011-01-17T14:40:00Z
14239,2380.85,11,993,216.4409090909091,2011-01-27T14:45:00Z,2011-10-27T14:40:00Z
14240,890.34,2,418,445.17,2011-04-28T11:40:00Z,2011-11-09T13:45:00Z
14241,213.70000000000002,1,146,213.70000000000002,2011-06-09T11:46:00Z,2011-06-09T11:46:00Z
14242,280.55,2,123,140.275,2011-01-18T08:53:00Z,2011-04-19T11:46:00Z
14243,2588.77,10,1221,258.877,2010-12-09T08:34:00Z,2011-12-01T11:12:00Z
14245,1693.45,2,976,846.725,2011-03-21T10:41:00Z,2011-05-04T08:40:00Z
14246,1474.06,3,804,491.3533333333333,2011-04-08T08:25:00Z,2011-08-21T11:50:00Z
14247,136.77,1,47,136.77,2011-03-06T15:21:00Z,2011-03-06T15:21:00Z
14248,302.58,1,102,302.58,2011-01-25T14:45:00Z,2011-01-25T14:45:00Z
14250,1904.05,3,1200,634.6833333333333,2011-09-11T13:44:00Z,2011-12-02T14:30:00Z
14251,2879.7000000000003,5,1674,575.94,2011-10-13T12:46:00Z,2011-12-08T08:32:00Z
14256,969.0600000000001,2,414,484.53000000000003,2010-12-10T11:44:00Z,2011-03-24T13:17:00Z
14257,3099.7200000000003,5,1682,619.9440000000001,2011-01-25T10:49:00Z,2011-10-06T16:54:00Z
14258,12669.98,9,7100,1407.7755555555555,2011-01-06T12:18:00Z,2011-11-30T15:27:00Z
14259,120,1,68,120,2011-07-21T10:44:00Z,2011-07-21T10:44:00Z
14261,1163.45,2,406,581.725,2011-09-22T10:47:00Z,2011-10-20T10:04:00Z
14262,2618.23,8,1645,327.27875,2011-04-13T12:23:00Z,2011-12-01T14:17:00Z
14264,333.97,2,70,166.985,2011-04-08T12:20:00Z,2011-07-08T10:20:00Z
14265,530.18,2,330,265.09,2011-07-14T09:10:00Z,2011-08-22T13:32:00Z
14267,1516.24,3,530,505.41333333333336,2011-03-24T11:38:00Z,2011-06-30T10:09:00Z
14270,492.65000000000003,1,197,492.65000000000003,2011-01-12T09:33:00Z,2011-01-12T09:33:00Z
14271,112.32000000000001,1,88,112.32000000000001,2011-04-28T12:47:00Z,2011-04-28T12:47:00Z
14272,437.96,2,599,218.98,2011-03-30T13:57:00Z,2011-09-27T10:08:00Z
14273,559.97,4,264,139.9925,2011-04-11T13:24:00Z,2011-10-19T13:20:00Z
14276,1119.74,3,744,373.24666666666667,2011-02-23T09:38:00Z,2011-09-02T09:45:00Z
14277,4188,3,1976,1396,2011-05-11T13:20:00Z,2011-11-24T15:01:00Z
14280,134.04,1,52,134.04,2011-05-27T10:37:00Z,2011-05-27T10:37:00Z
14282,3701.44,15,2656,246.76266666666666,2010-12-07T12:21:00Z,2011-12-06T17:04:00Z
14284,595.25,2,161,297.625,2011-09-14T13:04:00Z,2011-11-09T08:11:00Z
14285,1910.01,4,541,477.5025,2011-06-16T12:36:00Z,2011-11-18T14:50:00Z
14286,4628.75,3,4338,1542.9166666666667,2011-04-11T08:16:00Z,2011-11-16T10:34:00Z
14287,176.63,3,261,58.876666666666665,2011-05-25T11:41:00Z,2011-12-01T13:25:00Z
14288,426.6,1,188,426.6,2011-05-10T13:22:00Z,2011-05-10T13:22:00Z
14289,911.26,6,292,151.87666666666667,2011-02-23T12:33:00Z,2011-12-01T11:44:00Z
14290,2314.65,5,915,462.93,2010-12-13T10:24:00Z,2011-11-28T14:02:00Z
14291,3883.25,11,2749,353.02272727272725,2011-03-09T15:20:00Z,2011-12-08T10:26:00Z
14292,4871.93,9,1663,541.3255555555556,2011-03-02T08:26:00Z,2011-12-02T11:50:00Z
14293,1046.56,4,709,261.64,2010-12-06T10:18:00Z,2011-12-06T15:17:00Z
14295,166.20000000000002,1,84,166.20000000000002,2011-10-30T15:50:00Z,2011-10-30T15:50:00Z
14297,1305.33,4,865,326.3325,2011-03-10T08:31:00Z,2011-11-22T09:06:00Z
14298,51527.3,44,58343,1171.075,2010-12-14T12:59:00Z,2011-12-01T13:12:00Z
14299,3965.62,9,2149,440.6244444444444,2010-12-09T10:30:00Z,2011-12-01T16:05:00Z
14300,43.2,1,32,43.2,2011-11-21T08:57:00Z,2011-11-21T08:57:00Z
14301,640.14,1,606,640.14,2011-08-14T15:33:00Z,2011-08-14T15:33:00Z
14304,383.45,1,139,383.45,2011-05-01T11:50:00Z,2011-05-01T11:50:00Z
14305,1858.96,3,1089,619.6533333333333,2011-07-27T14:14:00Z,2011-09-29T15:29:00Z
14306,2093.32,2,1075,1046.66,2011-09-15T10:31:00Z,2011-10-19T13:23:00Z
14307,2995.72,6,2058,499.28666666666663,2010-12-01T11:41:00Z,2011-09-12T09:38:00Z
14309,2352.53,9,1633,261.39222222222224,2010-12-16T13:05:00Z,2011-12-01T13:33:00Z
14311,310.26,1,146,310.26,2011-04-11T10:14:00Z,2011-04-11T10:14:00Z
14312,1611.59,6,1012,268.5983333333333,2011-01-06T16:35:00Z,2011-10-24T09:46:00Z
14314,120,1,296,120,2011-08-25T10:39:00Z,2011-08-25T10:39:00Z
14315,2481.13,6,1021,413.5216666666667,2011-03-18T12:59:00Z,2011-10-26T12:06:00Z
14317,508.58,1,255,508.58,2011-10-06T10:44:00Z,2011-10-06T10:44:00Z
14320,477.79,2,325,238.895,2011-01-11T09:12:00Z,2011-05-17T09:24:00Z
14321,1530.75,5,2406,306.15,2011-01-10T11:35:00Z,2011-11-29T09:47:00Z
14323,605.0600000000001,2,350,302.53000000000003,2011-04-15T11:44:00Z,2011-08-17T11:37:00Z
14326,183.85,1,103,183.85,2011-04-11T15:04:00Z,2011-04-11T15:04:00Z
14327,311.65000000000003,1,139,311.65000000000003,2011-06-29T13:58:00Z,2011-06-29T13:58:00Z
14329,4975.24,7,3087,710.7485714285714,2011-01-14T13:42:00Z,2011-11-22T15:50:00Z
14331,462.66,2,252,231.33,2011-07-27T15:14:00Z,2011-08-07T13:17:00Z
14332,840.21,3,463,280.07,2011-07-15T10:33:00Z,2011-11-17T11:54:00Z
14333,415.2,1,58,415.2,2011-10-03T10:38:00Z,2011-10-03T10:38:00Z
14334,2552.21,8,1731,319.02625,2010-12-16T17:37:00Z,2011-11-23T10:01:00Z
14335,454.86,2,375,227.43,2011-09-04T13:07:00Z,2011-11-23T13:41:00Z
14336,1614.91,4,1759,403.7275,2011-03-08T16:48:00Z,2011-11-23T11:40:00Z
14338,588.22,2,335,294.11,2011-05-27T13:30:00Z,2011-07-01T14:08:00Z
14339,309.52,1,168,309.52,2011-04-11T11:06:00Z,2011-04-11T11:06:00Z
14340,134.7,1,58,134.7,2011-05-05T09:44:00Z,2011-05-05T09:44:00Z
14341,2166.98,8,1397,270.8725,2011-01-25T13:55:00Z,2011-10-25T15:48:00Z
14342,668.56,4,347,167.14,2011-05-13T13:50:00Z,2011-11-18T13:21:00Z
14344,889.9300000000001,8,477,111.24125000000001,2010-12-06T11:58:00Z,2011-08-04T13:51:00Z
14345,108.97999999999999,1,50,108.97999999999999,2011-11-01T09:51:00Z,2011-11-01T09:51:00Z
14346,1021.58,2,605,510.79,2011-02-15T13:52:00Z,2011-08-11T09:47:00Z
14348,409.57,1,183,409.57,2011-03-24T16:23:00Z,2011-03-24T16:23:00Z
14349,133.5,1,86,133.5,2011-11-29T15:39:00Z,2011-11-29T15:39:00Z
14350,282.93,1,183,282.93,2011-03-10T14:14:00Z,2011-03-10T14:14:00Z
14351,51,1,12,51,2011-06-28T11:56:00Z,2011-06-28T11:56:00Z
14352,1078.96,4,538,269.74,2011-03-11T14:58:00Z,2011-07-05T15:41:00Z
14353,90.6,1,64,90.6,2011-05-08T16:06:00Z,2011-05-08T16:06:00Z
14354,163.62,2,210,81.81,2011-11-09T15:36:00Z,2011-12-04T11:32:00Z
14355,174.4,1,92,174.4,2010-12-09T12:16:00Z,2010-12-09T12:16:00Z
14356,701.23,2,277,350.615,2011-09-19T14:43:00Z,2011-09-21T09:18:00Z
14357,225.12,1,147,225.12,2011-10-27T16:23:00Z,2011-10-27T16:23:00Z
14359,912.18,3,371,304.06,2011-09-13T09:03:00Z,2011-11-20T13:17:00Z
14360,2118.03,4,1139,529.5075,2011-09-06T11:58:00Z,2011-11-08T09:12:00Z
14362,151.5,1,96,151.5,2011-11-17T15:08:00Z,2011-11-17T15:08:00Z
14364,3717.35,8,1967,464.66875,2011-05-12T12:56:00Z,2011-08-23T11:01:00Z
14367,9227.82,16,4426,576.73875,2011-03-08T14:12:00Z,2011-12-01T13:19:00Z
14368,155,1,36,155,2011-01-24T09:52:00Z,2011-01-24T09:52:00Z
14371,100.5,1,34,100.5,2011-02-17T16:35:00Z,2011-02-17T16:35:00Z
14373,76.55,1,17,76.55,2010-12-16T15:40:00Z,2010-12-16T15:40:00Z
14375,235.56,1,184,235.56,2011-06-07T13:44:00Z,2011-06-07T13:44:00Z
14377,617.05,2,219,308.525,2011-03-22T13:38:00Z,2011-06-01T13:32:00Z
14379,348.1,2,292,174.05,2011-02-17T15:03:00Z,2011-10-26T16:43:00Z
14381,202.68,1,146,202.68,2011-10-18T17:10:00Z,2011-10-18T17:10:00Z
14382,615.49,1,1231,615.49,2011-11-13T16:18:00Z,2011-11-13T16:18:00Z
14383,1247.69,3,817,415.8966666666667,2011-06-29T10:18:00Z,2011-11-01T15:53:00Z
14385,202.11,3,159,67.37,2011-11-16T11:55:00Z,2011-11-30T15:36:00Z
14386,142.4,1,54,142.4,2011-02-16T09:45:00Z,2011-02-16T09:45:00Z
14387,1727.6,3,795,575.8666666666667,2011-08-22T14:13:00Z,2011-11-07T12:29:00Z
14388,3212.84,8,1941,401.605,2010-12-02T11:02:00Z,2011-11-29T13:32:00Z
14389,1043.46,2,729,521.73,2011-06-02T12:04:00Z,2011-10-05T15:17:00Z
14390,4642.57,9,2133,515.8411111111111,2010-12-02T11:57:00Z,2011-11-29T13:49:00Z
14393,67.95,1,13,67.95,2011-05-05T18:16:00Z,2011-05-05T18:16:00Z
14395,3479.91,9,1689,386.65666666666664,2010-12-02T18:15:00Z,2011-12-07T14:34:00Z
14396,487.99,2,225,243.995,2010-12-03T15:19:00Z,2011-10-05T16:09:00Z
14397,2612.96,19,1890,137.52421052631578,2011-05-10T12:25:00Z,2011-12-07T09:22:00Z
14400,574.7,1,454,574.7,2011-07-13T15:50:00Z,2011-07-13T15:50:00Z
14401,4051.48,13,4507,311.6523076923077,2010-12-15T09:07:00Z,2011-12-05T13:30:00Z
14403,1475.81,4,519,368.9525,2011-04-06T14:23:00Z,2011-08-01T12:57:00Z
14404,1449.32,6,827,241.5533333333333,2010-12-05T16:00:00Z,2011-11-06T12:30:00Z
14406,156.75,1,77,156.75,2011-08-12T16:54:00Z,2011-08-12T16:54:00Z
14407,2157.73,6,1415,359.62166666666667,2011-03-08T11:59:00Z,2011-08-24T14:02:00Z
14408,2599.03,7,1610,371.29,2011-03-20T14:41:00Z,2011-11-29T11:41:00Z
14409,2059.4500000000003,6,1230,343.24166666666673,2010-12-06T15:03:00Z,2011-09-29T18:18:00Z
14410,1100.27,9,569,122.25222222222222,2011-02-07T09:36:00Z,2011-09-08T15:08:00Z
14411,1063,1,196,1063,2011-02-02T10:56:00Z,2011-02-02T10:56:00Z
14412,770.03,2,786,385.015,2011-09-28T08:48:00Z,2011-10-28T10:45:00Z
14413,121.05,1,67,121.05,2010-12-12T13:37:00Z,2010-12-12T13:37:00Z
14414,1496.98,7,2512,213.8542857142857,2010-12-16T11:11:00Z,2011-09-09T12:09:00Z
14415,5855.57,13,2996,450.42846153846153,2010-12-14T13:31:00Z,2011-12-08T14:38:00Z
14416,490.22,2,326,245.11,2011-10-28T15:10:00Z,2011-11-17T15:22:00Z
14418,1937.25,3,1711,645.75,2011-08-23T17:18:00Z,2011-12-06T11:39:00Z
14419,1051.79,6,483,175.29833333333332,2010-12-10T10:56:00Z,2011-11-29T11:22:00Z
14420,387.52,1,334,387.52,2011-09-01T18:07:00Z,2011-09-01T18:07:00Z
14421,813.11,2,365,406.555,2011-05-12T10:49:00Z,2011-10-13T13:24:00Z
14422,4263.64,6,2906,710.6066666666667,2011-03-17T17:26:00Z,2011-12-09T11:26:00Z
14423,265.2,1,120,265.2,2011-05-05T15:12:00Z,2011-05-05T15:12:00Z
14424,322.08,1,48,322.08,2011-11-22T11:48:00Z,2011-11-22T11:48:00Z
14426,4481.67,10,2699,448.16700000000003,2011-01-31T09:51:00Z,2011-11-16T12:25:00Z
14427,363.34000000000003,2,228,181.67000000000002,2011-10-07T09:10:00Z,2011-10-20T14:23:00Z
14428,1224.06,5,428,244.81199999999998,2011-01-18T16:39:00Z,2011-12-02T13:17:00Z
14431,470.36,1,130,470.36,2011-02-10T10:40:00Z,2011-02-10T10:40:00Z
14432,2248.5,6,2013,374.75,2011-09-11T14:09:00Z,2011-11-30T08:04:00Z
14434,1372.8,6,368,228.79999999999998,2011-09-28T15:31:00Z,2011-11-18T08:56:00Z
14436,89.06,1,129,89.06,2011-09-02T10:13:00Z,2011-09-02T10:13:00Z
14437,63,1,60,63,2010-12-09T09:27:00Z,2010-12-09T09:27:00Z
14438,131.9,1,82,131.9,2011-02-06T14:56:00Z,2011-02-06T14:56:00Z
14439,2661.24,1,526,2661.24,2011-01-24T11:39:00Z,2011-01-24T11:39:00Z
14440,2357.6800000000003,5,588,471.53600000000006,2010-12-09T12:49:00Z,2011-12-01T15:42:00Z
14441,1712.89,4,446,428.2225,2011-03-29T12:01:00Z,2011-12-09T09:07:00Z
14442,1589.82,2,482,794.91,2011-01-27T09:33:00Z,2011-05-19T11:36:00Z
14443,1420.2,4,938,355.05,2010-12-06T11:03:00Z,2011-10-17T10:10:00Z
14446,1010.35,4,916,252.5875,2011-04-07T12:10:00Z,2011-12-09T11:34:00Z
14447,1163.23,5,571,232.64600000000002,2011-03-04T10:49:00Z,2011-11-21T08:28:00Z
14448,375.35,2,104,187.675,2010-12-10T17:26:00Z,2011-11-30T13:50:00Z
14449,885.8,4,741,221.45,2010-12-02T14:09:00Z,2011-11-21T12:06:00Z
14450,483.25,3,241,161.08333333333334,2011-01-23T11:53:00Z,2011-06-12T10:46:00Z
14451,643.9,2,378,321.95,2011-05-29T12:35:00Z,2011-10-10T13:38:00Z
14452,259.05,2,116,129.525,2011-09-07T11:32:00Z,2011-11-29T12:06:00Z
14453,119.93,1,49,119.93,2011-06-02T14:15:00Z,2011-06-02T14:15:00Z
14456,3017.28,9,2885,335.25333333333333,2011-07-20T13:06:00Z,2011-12-04T13:59:00Z
14457,113.64,1,88,113.64,2011-02-02T09:39:00Z,2011-02-02T09:39:00Z
14459,1837.92,1,760,1837.92,2011-07-07T13:35:00Z,2011-07-07T13:35:00Z
14460,434.34,3,881,144.78,2011-02-02T11:55:00Z,2011-08-21T14:19:00Z
14461,2103.06,3,766,701.02,2011-03-23T12:15:00Z,2011-07-14T17:11:00Z
14462,1980.57,11,956,180.05181818181816,2011-01-04T12:45:00Z,2011-10-04T15:55:00Z
14463,529.62,3,179,176.54,2011-05-18T14:42:00Z,2011-09-02T15:20:00Z
14465,1038.44,3,398,346.1466666666667,2011-02-10T12:13:00Z,2011-04-07T12:38:00Z
14466,2272.4,7,1006,324.62857142857143,2010-12-02T13:36:00Z,2011-11-10T14:07:00Z
14467,596.26,4,276,149.065,2011-01-31T12:35:00Z,2011-11-22T12:48:00Z
14470,461.19,2,193,230.595,2011-02-25T11:56:00Z,2011-11-28T10:31:00Z
14472,1852.67,8,1135,231.58375,2010-12-19T14:03:00Z,2011-08-28T11:01:00Z
14473,234.34,2,88,117.17,2011-03-02T13:56:00Z,2011-09-26T15:10:00Z
14474,547.66,1,140,547.66,2011-10-24T13:26:00Z,2011-10-24T13:26:00Z
14475,925.85,3,447,308.6166666666667,2011-02-08T10:12:00Z,2011-09-29T10:46:00Z
14476,193,1,110,193,2011-03-27T15:39:00Z,2011-03-27T15:39:00Z
14477,1309.6,4,720,327.4,2011-02-15T15:44:00Z,2011-11-20T11:11:00Z
14479,316.25,2,117,158.125,2010-12-09T12:59:00Z,2011-03-31T09:07:00Z
14480,279.05,1,143,279.05,2011-11-28T16:35:00Z,2011-11-28T16:35:00Z
14481,636.51,2,489,318.255,2011-02-25T13:53:00Z,2011-06-28T10:38:00Z
14482,2022.81,6,1627,337.135,2011-04-14T16:41:00Z,2011-11-21T13:14:00Z
14483,137.1,1,97,137.1,2011-03-03T10:26:00Z,2011-03-03T10:26:00Z
14484,321.92,1,210,321.92,2011-10-20T14:11:00Z,2011-10-20T14:11:00Z
14485,162.8,1,70,162.8,2011-11-01T12:25:00Z,2011-11-01T12:25:00Z
14487,1165.48,6,712,194.24666666666667,2010-12-06T13:22:00Z,2011-11-13T12:17:00Z
14488,1064.28,1,799,1064.28,2011-10-03T09:30:00Z,2011-10-03T09:30:00Z
14489,463.38,1,299,463.38,2011-05-16T14:51:00Z,2011-05-16T14:51:00Z
14491,340.93,2,139,170.465,2010-12-02T12:10:00Z,2011-06-17T15:22:00Z
14493,2383.2400000000002,5,1285,476.648,2011-07-07T16:59:00Z,2011-12-02T16:14:00Z
14494,139.56,1,92,139.56,2011-11-14T09:21:00Z,2011-11-14T09:21:00Z
14495,123.8,2,62,61.9,2011-08-10T14:13:00Z,2011-10-20T12:28:00Z
14496,538.8100000000001,2,159,269.40500000000003,2010-12-01T15:35:00Z,2011-02-01T09:01:00Z
14497,475.37,1,235,475.37,2011-02-03T17:01:00Z,2011-02-03T17:01:00Z
14498,1957.32,5,1098,391.464,2010-12-13T11:29:00Z,2011-10-28T12:09:00Z
14499,808.44,3,496,269.48,2011-03-06T11:55:00Z,2011-11-13T13:01:00Z
14500,356.85,3,117,118.95,2011-06-03T10:08:00Z,2011-09-12T16:45:00Z
14501,251.21,2,161,125.605,2011-01-24T10:43:00Z,2011-06-09T12:02:00Z
14502,2429.83,11,1480,220.89363636363635,2011-01-30T15:52:00Z,2011-11-20T11:50:00Z
14503,3543.26,6,2004,590.5433333333334,2011-06-14T10:00:00Z,2011-12-06T13:30:00Z
14504,673.26,4,308,168.315,2011-03-06T14:38:00Z,2011-10-23T16:00:00Z
14505,5859.43,8,2739,732.42875,2010-12-12T16:14:00Z,2011-11-22T15:45:00Z
14506,1960.65,5,704,392.13,2010-12-05T14:25:00Z,2011-11-22T13:02:00Z
14507,1367.88,6,594,227.98000000000002,2011-03-08T17:23:00Z,2011-11-16T12:21:00Z
14508,268.05,2,129,134.025,2011-09-11T11:29:00Z,2011-11-17T19:48:00Z
14511,1314.81,5,784,262.962,2011-07-29T12:13:00Z,2011-11-28T17:05:00Z
14512,275.28,2,122,137.64,2011-04-21T19:05:00Z,2011-06-05T12:39:00Z
14513,455.59000000000003,3,361,151.86333333333334,2011-02-24T09:36:00Z,2011-08-31T11:25:00Z
14514,990.2,3,564,330.06666666666666,2011-01-12T15:22:00Z,2011-10-09T16:05:00Z
14515,2076.89,6,1110,346.1483333333333,2011-05-05T12:13:00Z,2011-11-22T11:37:00Z
14517,330.45,2,91,165.225,2011-07-21T11:42:00Z,2011-11-06T14:20:00Z
14518,174.37,1,278,174.37,2011-10-06T14:43:00Z,2011-10-06T14:43:00Z
14520,270.6,2,146,135.3,2011-02-22T09:15:00Z,2011-12-08T09:46:00Z
14522,974.54,4,525,243.635,2011-05-25T16:01:00Z,2011-11-15T13:24:00Z
14523,241.09,1,251,241.09,2011-08-23T13:13:00Z,2011-08-23T13:13:00Z
14524,1843.83,9,669,204.87,2010-12-14T11:01:00Z,2011-11-08T12:29:00Z
14525,4215.9,9,2637,468.4333333333333,2010-12-13T17:40:00Z,2011-11-20T11:37:00Z
14527,8507.13,55,2088,154.6750909090909,2010-12-05T13:17:00Z,2011-12-07T12:19:00Z
14528,364.21999999999997,1,278,364.21999999999997,2011-11-02T17:09:00Z,2011-11-02T17:09:00Z
14529,578.61,3,325,192.87,2011-08-21T14:10:00Z,2011-10-10T15:27:00Z
14530,2862.11,6,1395,477.0183333333334,2011-02-16T10:47:00Z,2011-11-14T10:38:00Z
14532,932.85,4,284,233.2125,2010-12-22T13:48:00Z,2011-04-17T13:05:00Z
14533,1949.72,7,4019,278.5314285714286,2010-12-22T11:07:00Z,2011-11-15T12:05:00Z
14534,4397.3,18,2027,244.29444444444445,2011-01-25T12:33:00Z,2011-12-07T12:19:00Z
14535,2854.84,3,1824,951.6133333333333,2011-04-05T12:50:00Z,2011-10-10T15:39:00Z
14536,170.95,1,39,170.95,2011-03-25T12:21:00Z,2011-03-25T12:21:00Z
14537,355.56,1,120,355.56,2011-10-13T10:54:00Z,2011-10-13T10:54:00Z
14538,388.25,2,155,194.125,2011-03-28T14:57:00Z,2011-10-06T10:31:00Z
14539,537.48,2,428,268.74,2011-10-26T12:03:00Z,2011-11-24T09:50:00Z
14540,952.66,3,411,317.55333333333334,2011-02-03T15:02:00Z,2011-11-30T10:15:00Z
14541,1453.3500000000001,8,641,181.66875000000002,2011-01-24T14:16:00Z,2011-10-12T10:08:00Z
14542,103.25,1,19,103.25,2011-06-07T08:19:00Z,2011-06-07T08:19:00Z
14543,3599.73,16,675,224.983125,2010-12-10T11:51:00Z,2011-11-11T12:45:00Z
14544,2004.3,2,1536,1002.15,2010-12-13T12:50:00Z,2011-11-15T15:06:00Z
14546,2573.93,5,1313,514.786,2011-04-05T12:37:00Z,2011-12-04T13:00:00Z
14547,3974.75,8,2639,496.84375,2011-10-16T14:35:00Z,2011-12-06T11:06:00Z
14548,652.8,2,256,326.4,2011-01-26T08:38:00Z,2011-07-12T12:19:00Z
14549,289.24,1,136,289.24,2011-02-01T13:47:00Z,2011-02-01T13:47:00Z
14550,757.37,2,389,378.685,2011-10-26T12:14:00Z,2011-11-29T12:12:00Z
14551,186.23,2,106,93.115,2011-05-19T18:21:00Z,2011-11-21T13:36:00Z
14552,164.22,1,90,164.22,2011-07-11T12:49:00Z,2011-07-11T12:49:00Z
14553,859.27,5,493,171.85399999999998,2011-01-04T15:40:00Z,2011-11-20T13:20:00Z
14554,2279.4900000000002,4,1443,569.8725000000001,2011-10-18T13:04:00Z,2011-11-29T16:44:00Z
14555,312.54,2,122,156.27,2011-02-10T17:19:00Z,2011-10-13T16:24:00Z
14557,788.38,1,510,788.38,2011-09-15T15:48:00Z,2011-09-15T15:48:00Z
14560,2237.77,22,1260,101.71681818181818,2010-12-17T09:22:00Z,2011-12-02T15:22:00Z
14561,1080.76,3,1014,360.25333333333333,2011-06-08T13:26:00Z,2011-09-25T12:39:00Z
14562,5006.77,18,1815,278.1538888888889,2011-02-08T14:45:00Z,2011-12-06T11:05:00Z
14565,3099.12,4,1540,774.78,2010-12-13T13:25:00Z,2011-09-05T09:07:00Z
14566,1432,1,800,1432,2011-08-21T11:05:00Z,2011-08-21T11:05:00Z
14567,1530.3600000000001,2,412,765.1800000000001,2011-08-01T13:48:00Z,2011-10-14T10:21:00Z
14569,227.39,1,79,227.39,2011-12-08T14:58:00Z,2011-12-08T14:58:00Z
14570,218.06,2,95,109.03,2011-03-04T10:39:00Z,2011-03-04T10:58:00Z
14572,2804.54,7,1420,400.6485714285714,2011-01-19T17:23:00Z,2011-12-06T14:40:00Z
14573,1639.82,9,534,182.20222222222222,2010-12-02T19:59:00Z,2011-06-13T11:15:00Z
14576,35.400000000000006,1,12,35.400000000000006,2010-12-02T17:51:00Z,2010-12-02T17:51:00Z
14577,859.71,4,353,214.9275,2010-12-12T11:26:00Z,2011-11-27T12:47:00Z
14578,168.63,1,240,168.63,2011-12-06T17:18:00Z,2011-12-06T17:18:00Z
14581,138.6,1,217,138.6,2011-11-23T12:39:00Z,2011-11-23T12:39:00Z
14582,114.11000000000001,1,73,114.11000000000001,2011-10-30T11:56:00Z,2011-10-30T11:56:00Z
14583,986.96,5,751,197.392,2011-05-18T11:28:00Z,2011-12-04T12:32:00Z
14584,1033.06,4,381,258.265,2011-05-25T17:31:00Z,2011-06-23T18:33:00Z
14585,157.05,1,91,157.05,2011-10-20T14:33:00Z,2011-10-20T14:33:00Z
14586,237.36,1,444,237.36,2011-03-08T10:04:00Z,2011-03-08T10:04:00Z
14587,1580.29,9,749,175.58777777777777,2011-01-12T13:16:00Z,2011-11-21T11:34:00Z
14589,39.75,1,5,39.75,2010-12-03T11:42:00Z,2010-12-03T11:42:00Z
14591,1320.21,4,1228,330.0525,2011-05-10T14:09:00Z,2011-11-24T13:57:00Z
14592,557.94,3,407,185.98000000000002,2011-10-06T18:08:00Z,2011-11-04T16:35:00Z
14593,617.15,3,330,205.71666666666667,2011-05-25T11:14:00Z,2011-11-18T12:48:00Z
14594,363.33,2,183,181.665,2010-12-01T13:54:00Z,2011-12-02T13:28:00Z
14595,1740.6,6,978,290.09999999999997,2011-01-30T13:36:00Z,2011-11-20T12:12:00Z
14597,866.24,2,566,433.12,2011-06-01T12:33:00Z,2011-11-28T13:13:00Z
14598,221.97,1,189,221.97,2011-10-26T13:19:00Z,2011-10-26T13:19:00Z
14600,393.33000000000004,1,125,393.33000000000004,2011-02-07T09:48:00Z,2011-02-07T09:48:00Z
14601,213.96,1,168,213.96,2011-11-29T09:48:00Z,2011-11-29T09:48:00Z
14603,660,1,400,660,2011-03-10T10:27:00Z,2011-03-10T10:27:00Z
14606,12076.15,93,6187,129.8510752688172,2010-12-01T16:57:00Z,2011-12-08T19:28:00Z
14607,16209.5,14,11526,1157.8214285714287,2011-03-23T15:22:00Z,2011-11-24T10:35:00Z
14608,1785.15,4,437,446.2875,2010-12-12T14:49:00Z,2011-12-05T16:52:00Z
14609,601.56,4,7026,150.39,2011-02-16T12:10:00Z,2011-09-28T12:54:00Z
14616,406.08000000000004,3,104,135.36,2011-01-26T12:42:00Z,2011-04-11T09:54:00Z
14618,553.44,3,264,184.48000000000002,2011-01-06T11:59:00Z,2011-11-30T13:45:00Z
14619,394.44,1,152,394.44,2011-04-08T07:37:00Z,2011-04-08T07:37:00Z
14620,412.78000000000003,2,214,206.39000000000001,2011-03-01T08:30:00Z,2011-05-18T11:58:00Z
14621,1788.3600000000001,5,993,357.672,2010-12-16T13:00:00Z,2011-12-08T16:22:00Z
14622,320.58000000000004,1,146,320.58000000000004,2011-06-08T12:42:00Z,2011-06-08T12:42:00Z
14623,886.7,5,418,177.34,2011-04-18T13:54:00Z,2011-11-07T13:56:00Z
14624,225.85,2,162,112.925,2011-10-11T14:39:00Z,2011-10-13T13:44:00Z
14625,899.63,2,335,449.815,2010-12-13T15:36:00Z,2011-05-27T15:32:00Z
14626,2791.27,4,1403,697.8175,2011-04-20T13:18:00Z,2011-11-16T10:37:00Z
14628,671.96,2,272,335.98,2011-04-11T14:43:00Z,2011-09-09T14:58:00Z
14629,955.26,2,378,477.63,2011-10-23T16:13:00Z,2011-12-05T16:55:00Z
14631,1006.98,3,622,335.66,2011-02-14T09:31:00Z,2011-10-20T11:17:00Z
14632,114.56,1,96,114.56,2011-03-22T08:49:00Z,2011-03-22T08:49:00Z
14633,344.90000000000003,1,96,344.90000000000003,2011-03-18T17:07:00Z,2011-03-18T17:07:00Z
14636,609.85,2,241,304.925,2011-03-16T09:52:00Z,2011-11-03T16:12:00Z
14638,443.6,1,166,443.6,2011-10-20T10:10:00Z,2011-10-20T10:10:00Z
14639,2984.49,6,1431,497.41499999999996,2010-12-13T13:50:00Z,2011-10-18T15:06:00Z
14640,2107.38,6,880,351.23,2011-04-26T12:31:00Z,2011-11-15T13:07:00Z
14641,110.46,1,90,110.46,2011-11-18T10:42:00Z,2011-11-18T10:42:00Z
14642,96.12,1,76,96.12,2011-10-12T11:08:00Z,2011-10-12T11:08:00Z
14643,693.8100000000001,2,815,346.90500000000003,2010-12-16T17:53:00Z,2011-06-22T14:41:00Z
14644,830.76,2,258,415.38,2011-02-14T14:14:00Z,2011-10-03T08:30:00Z
14645,597.09,2,381,298.545,2011-03-09T09:52:00Z,2011-07-06T09:15:00Z
14646,280206.02,74,197491,3786.567837837838,2010-12-20T10:09:00Z,2011-12-08T12:12:00Z
14647,236.04,1,91,236.04,2011-05-22T13:40:00Z,2011-05-22T13:40:00Z
14649,1402.59,4,1004,350.6475,2011-05-11T14:37:00Z,2011-12-05T12:30:00Z
14651,653.75,2,343,326.875,2011-05-12T16:29:00Z,2011-10-03T15:52:00Z
14652,114.17999999999999,1,53,114.17999999999999,2011-09-23T14:21:00Z,2011-09-23T14:21:00Z
14653,1926.65,7,945,275.2357142857143,2011-01-05T13:40:00Z,2011-12-08T13:45:00Z
14655,1932.23,4,1089,483.0575,2011-05-01T14:59:00Z,2011-12-01T16:28:00Z
14656,291.05,2,120,145.525,2011-03-01T13:19:00Z,2011-06-23T13:51:00Z
14657,848.22,4,466,212.055,2011-01-17T15:19:00Z,2011-11-22T12:47:00Z
14658,247.15,2,47,123.575,2011-08-14T15:42:00Z,2011-12-04T15:35:00Z
14659,2529.93,9,1195,281.1033333333333,2011-01-28T12:43:00Z,2011-12-01T12:17:00Z
14660,285.74,2,228,142.87,2011-08-31T10:40:00Z,2011-09-14T11:34:00Z
14661,107.95,1,35,107.95,2011-11-13T11:51:00Z,2011-11-13T11:51:00Z
14662,741.37,4,578,185.3425,2011-01-27T17:41:00Z,2011-11-11T12:13:00Z
14664,636.24,2,465,318.12,2011-11-06T14:56:00Z,2011-11-20T10:59:00Z
14665,1835.7,5,740,367.14,2011-02-02T09:08:00Z,2011-10-10T09:14:00Z
14666,195.25,1,161,195.25,2011-11-15T12:57:00Z,2011-11-15T12:57:00Z
14667,9175.04,25,5319,367.00160000000005,2010-12-06T13:13:00Z,2011-11-29T11:30:00Z
14669,1259.24,3,770,419.74666666666667,2011-01-11T12:30:00Z,2011-04-12T11:43:00Z
14670,392.86,2,326,196.43,2011-03-04T13:58:00Z,2011-03-04T14:13:00Z
14672,765.5500000000001,2,454,382.77500000000003,2011-01-07T15:48:00Z,2011-04-19T10:19:00Z
14673,1736.4,5,1004,347.28000000000003,2010-12-07T12:49:00Z,2011-12-06T14:31:00Z
14675,596.36,1,336,596.36,2011-11-23T12:58:00Z,2011-11-23T12:58:00Z
14676,2548.2400000000002,6,2500,424.7066666666667,2011-03-01T14:26:00Z,2011-11-08T13:29:00Z
14680,28754.11,16,13476,1797.131875,2010-12-03T12:05:00Z,2011-11-14T16:59:00Z
14681,498.95,3,76,166.31666666666666,2011-05-12T10:45:00Z,2011-09-29T15:52:00Z
14682,52,2,80,26,2011-05-22T12:51:00Z,2011-06-05T12:12:00Z
14684,1201.51,5,821,240.302,2010-12-12T12:44:00Z,2011-11-14T11:33:00Z
14687,628.38,1,470,628.38,2011-08-25T11:59:00Z,2011-08-25T11:59:00Z
14688,5579.1,21,3584,265.6714285714286,2010-12-01T09:37:00Z,2011-12-02T12:26:00Z
14689,112.8,1,76,112.8,2011-05-15T11:22:00Z,2011-05-15T11:22:00Z
14690,355.05,2,167,177.525,2011-07-11T11:58:00Z,2011-10-26T15:39:00Z
14691,2114.33,5,707,422.866,2011-05-11T09:55:00Z,2011-11-09T12:30:00Z
14692,591.55,4,265,147.8875,2011-01-21T13:47:00Z,2011-07-25T15:08:00Z
14693,172.9,1,34,172.9,2011-03-20T12:50:00Z,2011-03-20T12:50:00Z
14696,2078.95,7,1630,296.99285714285713,2010-12-01T15:37:00Z,2011-12-05T13:43:00Z
14697,188.60999999999999,2,181,94.30499999999999,2011-05-05T15:29:00Z,2011-05-05T15:39:00Z
14698,1217.27,5,602,243.454,2011-10-19T12:54:00Z,2011-12-08T12:26:00Z
14699,109.13000000000001,1,77,109.13000000000001,2011-05-09T14:54:00Z,2011-05-09T14:54:00Z
14700,2195.1,3,1314,731.6999999999999,2011-04-15T13:16:00Z,2011-11-07T14:40:00Z
14701,2526.09,9,921,280.6766666666667,2011-01-27T12:40:00Z,2011-11-29T12:38:00Z
14702,3251.79,17,1439,191.28176470588235,2010-12-09T19:23:00Z,2011-12-08T19:29:00Z
14703,318.17,1,183,318.17,2011-11-25T09:23:00Z,2011-11-25T09:23:00Z
14704,1493.96,9,1043,165.99555555555557,2011-06-12T13:59:00Z,2011-11-28T12:51:00Z
14705,179,1,100,179,2011-05-25T12:39:00Z,2011-05-25T12:39:00Z
14708,1126.37,3,621,375.45666666666665,2010-12-06T12:23:00Z,2011-12-07T08:21:00Z
14709,4921.04,13,2484,378.54153846153844,2010-12-16T13:43:00Z,2011-11-24T15:41:00Z
14710,599.48,4,375,149.87,2011-10-11T13:49:00Z,2011-11-25T14:53:00Z
14711,2839.62,11,966,258.1472727272727,2011-03-22T13:32:00Z,2011-11-29T14:58:00Z
14712,917.07,3,315,305.69,2011-08-19T13:33:00Z,2011-11-10T12:59:00Z
14713,2662.2,11,1613,242.0181818181818,2010-12-09T18:58:00Z,2011-11-30T16:26:00Z
14714,160.19,1,229,160.19,2011-11-15T13:07:00Z,2011-11-15T13:07:00Z
14715,867.38,4,521,216.845,2011-01-12T13:27:00Z,2011-11-15T12:10:00Z
14716,307.51,2,495,153.755,2011-07-14T12:42:00Z,2011-10-27T17:29:00Z
14719,1581.84,5,1025,316.368,2011-04-04T14:17:00Z,2011-12-08T12:43:00Z
14720,663.8100000000001,3,219,221.27,2011-08-05T12:06:00Z,2011-12-04T12:02:00Z
14722,180.42000000000002,1,118,180.42000000000002,2011-07-15T14:58:00Z,2011-07-15T14:58:00Z
14723,1122.3600000000001,6,673,187.06000000000003,2010-12-03T14:18:00Z,2011-11-29T15:23:00Z
14725,655.58,1,588,655.58,2011-11-15T12:42:00Z,2011-11-15T12:42:00Z
14727,268.58,1,62,268.58,2011-03-10T14:45:00Z,2011-03-10T14:45:00Z
14729,313.49,1,197,313.49,2010-12-01T12:43:00Z,2010-12-01T12:43:00Z
14730,1897.57,8,1078,237.19625,2011-03-08T12:49:00Z,2011-12-08T14:39:00Z
14731,380.02,3,256,126.67333333333333,2011-05-11T13:06:00Z,2011-10-23T15:54:00Z
14732,2702.4900000000002,8,1405,337.81125000000003,2011-01-04T14:40:00Z,2011-12-01T14:34:00Z
14733,9585.91,12,3764,798.8258333333333,2010-12-07T11:30:00Z,2011-11-23T15:39:00Z
14735,6065.69,32,2264,189.5528125,2010-12-16T16:05:00Z,2011-12-06T12:09:00Z
14737,1164.55,3,345,388.18333333333334,2010-12-21T13:49:00Z,2011-12-06T10:16:00Z
14738,1314.45,7,601,187.77857142857144,2011-01-27T14:10:00Z,2011-10-28T08:56:00Z
14739,3902.28,7,3820,557.4685714285714,2010-12-07T14:58:00Z,2011-12-05T16:54:00Z
14740,1448.21,3,735,482.7366666666667,2011-03-01T08:35:00Z,2011-05-26T18:17:00Z
14741,1400.3400000000001,6,841,233.39000000000001,2010-12-02T08:43:00Z,2011-11-28T08:48:00Z
14744,1099.98,7,627,157.14000000000001,2010-12-08T10:21:00Z,2011-11-23T12:51:00Z
14745,1220.26,5,1038,244.052,2011-02-27T15:25:00Z,2011-08-19T10:05:00Z
14747,328.2,1,84,328.2,2011-04-04T14:09:00Z,2011-04-04T14:09:00Z
14748,1415.75,5,1223,283.15,2010-12-06T10:19:00Z,2011-11-10T18:33:00Z
14752,389.64,1,260,389.64,2011-10-27T11:55:00Z,2011-10-27T11:55:00Z
14753,563.15,1,211,563.15,2011-09-13T14:50:00Z,2011-09-13T14:50:00Z
14754,638.05,2,486,319.025,2011-02-17T12:21:00Z,2011-10-26T12:01:00Z
14755,5010.28,11,2219,455.47999999999996,2011-01-09T14:02:00Z,2011-11-30T11:24:00Z
14756,738.96,1,416,738.96,2011-11-24T18:13:00Z,2011-11-24T18:13:00Z
14757,420.5,1,160,420.5,2011-09-25T14:36:00Z,2011-09-25T14:36:00Z
14758,1484.06,4,419,371.015,2011-03-25T12:10:00Z,2011-07-18T08:21:00Z
14759,1625.97,3,569,541.99,2011-04-21T10:55:00Z,2011-12-05T12:03:00Z
14760,89.2,1,40,89.2,2011-02-15T16:27:00Z,2011-02-15T16:27:00Z
14761,255.9,2,118,127.95,2011-01-09T12:03:00Z,2011-10-12T12:10:00Z
14762,300.52,1,341,300.52,2011-03-21T08:20:00Z,2011-03-21T08:20:00Z
14764,278.3,1,190,278.3,2011-10-24T11:54:00Z,2011-10-24T11:54:00Z
14765,254.11,3,135,84.70333333333333,2011-06-16T19:49:00Z,2011-11-10T19:53:00Z
14766,2473.37,6,1349,412.2283333333333,2010-12-08T15:33:00Z,2011-12-01T16:05:00Z
14768,192.60000000000002,2,52,96.30000000000001,2011-08-04T13:25:00Z,2011-11-22T12:54:00Z
14769,10416.98,8,7239,1302.1225,2010-12-17T11:40:00Z,2011-12-07T10:24:00Z
14770,876.42,2,490,438.21,2011-01-20T15:00:00Z,2011-04-21T14:21:00Z
14772,139.26,1,82,139.26,2011-08-19T15:04:00Z,2011-08-19T15:04:00Z
14775,1011.9,3,1174,337.3,2010-12-02T16:38:00Z,2011-10-12T15:27:00Z
14776,2538.3,11,3134,230.75454545454548,2011-01-31T13:17:00Z,2011-10-19T15:34:00Z
14778,730.86,2,306,365.43,2011-02-04T11:43:00Z,2011-08-04T15:23:00Z
14779,386.15,3,84,128.71666666666667,2011-01-20T12:04:00Z,2011-03-04T12:42:00Z
14780,447.68,2,310,223.84,2011-09-21T15:15:00Z,2011-10-16T12:46:00Z
14782,200.10000000000002,1,114,200.10000000000002,2011-01-24T11:12:00Z,2011-01-24T11:12:00Z
14784,289.99,2,237,144.995,2011-01-20T09:25:00Z,2011-11-13T13:30:00Z
14785,77.4,2,84,38.7,2011-11-24T13:40:00Z,2011-11-29T13:21:00Z
14788,679.4399999999999,2,421,339.71999999999997,2011-11-13T15:52:00Z,2011-12-02T17:06:00Z
14789,197.64000000000001,1,116,197.64000000000001,2011-11-11T08:59:00Z,2011-11-11T08:59:00Z
14790,745.0600000000001,4,699,186.26500000000001,2011-03-31T11:49:00Z,2011-11-23T09:28:00Z
14792,6.2,1,2,6.2,2011-10-07T09:19:00Z,2011-10-07T09:19:00Z
14793,228.99,1,91,228.99,2011-11-18T14:50:00Z,2011-11-18T14:50:00Z
14794,1319.91,7,673,188.55857142857144,2011-01-09T16:11:00Z,2011-12-07T10:11:00Z
14795,131.45000000000002,1,17,131.45000000000002,2011-06-26T13:04:00Z,2011-06-26T13:04:00Z
14796,7975.49,17,5995,469.1464705882353,2010-12-08T10:40:00Z,2011-12-08T15:31:00Z
14798,173.74,3,150,57.913333333333334,2011-02-02T15:26:00Z,2011-10-18T10:58:00Z
14799,157.7,1,146,157.7,2011-10-19T16:16:00Z,2011-10-19T16:16:00Z
14800,4331.79,12,3644,360.9825,2010-12-05T11:10:00Z,2011-10-23T12:46:00Z
14801,189.34,1,173,189.34,2011-10-09T15:24:00Z,2011-10-09T15:24:00Z
14803,845.55,3,370,281.84999999999997,2011-02-20T13:21:00Z,2011-06-30T13:58:00Z
14804,353.27,1,121,353.27,2011-12-01T11:20:00Z,2011-12-01T11:20:00Z
14805,546.4,4,114,136.6,2011-01-30T10:43:00Z,2011-11-24T16:20:00Z
14806,193.39,1,330,193.39,2011-09-25T15:32:00Z,2011-09-25T15:32:00Z
14808,2718.6,8,2120,339.825,2011-06-20T12:53:00Z,2011-10-31T12:21:00Z
14810,2085.33,11,1015,189.57545454545453,2010-12-05T12:08:00Z,2011-10-30T11:19:00Z
14813,152.88,2,66,76.44,2010-12-05T11:54:00Z,2010-12-05T11:57:00Z
14815,778.5,2,744,389.25,2011-10-03T11:36:00Z,2011-11-03T11:36:00Z
14816,271.85,1,5,271.85,2011-05-26T13:16:00Z,2011-05-26T13:16:00Z
14817,1110.34,2,655,555.17,2011-03-07T13:51:00Z,2011-05-23T13:35:00Z
14818,657.8,3,324,219.26666666666665,2011-03-31T12:28:00Z,2011-09-27T11:01:00Z
14819,272.07,2,109,136.035,2011-05-31T13:50:00Z,2011-10-06T13:41:00Z
14820,507.29,4,253,126.8225,2011-06-19T14:56:00Z,2011-11-18T15:41:00Z
14821,48.800000000000004,1,20,48.800000000000004,2010-12-08T08:43:00Z,2010-12-08T08:43:00Z
14823,321.43,3,88,107.14333333333333,2011-05-29T12:48:00Z,2011-06-12T13:12:00Z
14824,1127.71,4,525,281.9275,2011-09-09T14:12:00Z,2011-11-29T14:20:00Z
14825,2221.01,12,989,185.08416666666668,2010-12-06T12:30:00Z,2011-12-06T11:38:00Z
14828,2139.76,3,2172,713.2533333333334,2011-01-07T09:50:00Z,2011-05-27T10:16:00Z
14829,697.55,4,452,174.3875,2010-12-02T16:12:00Z,2011-11-10T16:16:00Z
14830,188.88,1,164,188.88,2011-10-17T14:29:00Z,2011-10-17T14:29:00Z
14834,1720.3,6,734,286.71666666666664,2011-04-13T15:00:00Z,2011-11-22T10:30:00Z
14836,102.44999999999999,3,45,34.15,2011-11-09T13:26:00Z,2011-11-29T16:45:00Z
14837,1649.5,4,1436,412.375,2011-05-22T12:49:00Z,2011-09-11T10:58:00Z
14840,62.85,1,31,62.85,2011-03-17T12:00:00Z,2011-03-17T12:00:00Z
14841,3295.76,6,1778,549.2933333333334,2010-12-16T10:28:00Z,2011-10-17T15:03:00Z
14842,2824.69,4,1166,706.1725,2011-02-04T15:32:00Z,2011-10-27T12:37:00Z
14844,3189.81,4,1833,797.4525,2011-04-12T13:10:00Z,2011-10-07T10:41:00Z
14847,309.4,1,120,309.4,2011-07-14T10:52:00Z,2011-07-14T10:52:00Z
14849,7930.54,25,5694,317.2216,2010-12-01T12:22:00Z,2011-11-18T10:58:00Z
14850,325.75,1,293,325.75,2011-02-01T11:21:00Z,2011-02-01T11:21:00Z
14851,511.35,2,325,255.675,2011-03-28T14:59:00Z,2011-11-16T14:20:00Z
14852,2836.69,6,1747,472.7816666666667,2011-04-01T13:22:00Z,2011-10-12T13:20:00Z
14853,475.79999999999995,2,82,237.89999999999998,2011-05-12T15:17:00Z,2011-11-15T16:56:00Z
14854,2740.03,7,1820,391.4328571428572,2011-03-10T12:22:00Z,2011-09-22T17:00:00Z
14855,645.65,2,267,322.825,2011-07-28T12:06:00Z,2011-08-12T14:02:00Z
14856,1290.53,3,711,430.1766666666667,2011-10-14T09:35:00Z,2011-11-03T14:53:00Z
14857,1173.12,2,464,586.56,2011-07-14T15:03:00Z,2011-10-11T09:23:00Z
14859,1353.74,4,671,338.435,2011-05-19T14:42:00Z,2011-11-27T11:18:00Z
14860,170.32,1,232,170.32,2011-11-20T14:17:00Z,2011-11-20T14:17:00Z
14861,125.79,1,117,125.79,2011-10-18T12:54:00Z,2011-10-18T12:54:00Z
14862,841.1999999999999,2,772,420.59999999999997,2011-07-14T11:20:00Z,2011-11-14T10:01:00Z
14863,266.76,1,132,266.76,2011-11-10T15:04:00Z,2011-11-10T15:04:00Z
14865,52.2,2,108,26.1,2010-12-02T18:23:00Z,2011-12-02T16:25:00Z
14866,14389.9,12,6752,1199.1583333333333,2010-12-08T14:58:00Z,2011-11-29T11:45:00Z
14867,710.28,3,328,236.76,2011-01-07T16:34:00Z,2011-06-07T11:39:00Z
14868,2953.59,8,1405,369.19875,2011-04-20T13:36:00Z,2011-12-06T14:49:00Z
14869,721.45,2,549,360.725,2011-08-28T16:09:00Z,2011-12-01T12:36:00Z
14870,327.25,1,119,327.25,2011-03-23T10:51:00Z,2011-03-23T10:51:00Z
14871,501.28000000000003,4,179,125.32000000000001,2010-12-14T12:18:00Z,2011-12-06T13:42:00Z
14873,519.68,1,168,519.68,2011-05-13T13:52:00Z,2011-05-13T13:52:00Z
14875,1465.3200000000002,2,558,732.6600000000001,2011-03-22T11:53:00Z,2011-08-24T12:20:00Z
14878,1476.09,9,799,164.01,2010-12-16T12:11:00Z,2011-11-27T11:15:00Z
14880,690.59,3,365,230.1966666666667,2011-02-24T12:27:00Z,2011-09-23T13:42:00Z
14881,255.4,1,316,255.4,2011-11-20T11:06:00Z,2011-11-20T11:06:00Z
14882,589.7,2,158,294.85,2011-11-06T10:15:00Z,2011-11-13T12:47:00Z
14883,761.59,6,790,126.93166666666667,2011-05-12T09:49:00Z,2011-11-21T10:23:00Z
14885,765.3199999999999,1,724,765.3199999999999,2011-07-31T12:05:00Z,2011-07-31T12:05:00Z
14886,364.8,1,160,364.8,2011-04-01T08:56:00Z,2011-04-01T08:56:00Z
14887,1862,1,1100,1862,2011-09-21T15:32:00Z,2011-09-21T15:32:00Z
14888,369.2,1,184,369.2,2011-05-16T14:58:00Z,2011-05-16T14:58:00Z
14889,135.9,1,90,135.9,2011-01-07T15:19:00Z,2011-01-07T15:19:00Z
14890,125.65,1,51,125.65,2011-03-31T11:57:00Z,2011-03-31T11:57:00Z
14891,554.38,2,505,277.19,2011-06-05T10:58:00Z,2011-07-14T18:08:00Z
14893,1237.8500000000001,2,799,618.9250000000001,2011-11-28T10:49:00Z,2011-11-30T12:31:00Z
14894,655.75,1,265,655.75,2011-09-15T13:51:00Z,2011-09-15T13:51:00Z
14895,11138.710000000001,20,4851,556.9355,2011-02-22T13:08:00Z,2011-12-02T09:23:00Z
14896,468.77000000000004,2,279,234.38500000000002,2010-12-09T12:24:00Z,2011-05-19T10:20:00Z
14897,1366.38,4,468,341.595,2011-02-16T08:37:00Z,2011-12-02T10:32:00Z
14898,1269.31,6,1001,211.55166666666665,2010-12-03T15:25:00Z,2011-11-16T14:54:00Z
14901,1421.29,9,661,157.92111111111112,2010-12-02T11:20:00Z,2011-11-28T17:09:00Z
14902,332.66,1,218,332.66,2011-11-14T10:34:00Z,2011-11-14T10:34:00Z
14903,2795.33,5,1531,559.066,2011-03-06T11:50:00Z,2011-11-18T16:07:00Z
14904,1025.44,2,1985,512.72,2011-11-14T09:13:00Z,2011-12-07T12:55:00Z
14905,616.15,2,287,308.075,2011-04-20T10:48:00Z,2011-07-05T12:41:00Z
14907,3501.1,7,1691,500.15714285714284,2010-12-07T10:14:00Z,2011-12-06T14:14:00Z
14908,277.8,1,132,277.8,2011-09-26T12:56:00Z,2011-09-26T12:56:00Z
14910,434.35,4,238,108.5875,2011-10-16T11:06:00Z,2011-12-07T10:06:00Z
14911,143711.17,201,80490,714.980945273632,2010-12-01T14:05:00Z,2011-12-08T15:54:00Z
14912,867.85,2,971,433.925,2011-04-07T11:06:00Z,2011-11-23T09:20:00Z
14913,1227.43,4,1743,306.8575,2010-12-15T14:35:00Z,2011-11-04T08:29:00Z
14915,307.48,2,112,153.74,2011-03-07T09:39:00Z,2011-09-09T13:34:00Z
14916,1268.98,4,1136,317.245,2011-01-19T15:30:00Z,2011-09-30T09:20:00Z
14918,1610.15,2,675,805.075,2011-07-08T12:50:00Z,2011-08-16T11:50:00Z
14920,977.77,2,509,488.885,2011-05-11T10:31:00Z,2011-05-11T10:32:00Z
14921,1316.07,2,953,658.035,2011-05-22T12:51:00Z,2011-11-09T13:17:00Z
14923,749.1,1,418,749.1,2011-10-20T11:51:00Z,2011-10-20T11:51:00Z
14924,310.05,1,64,310.05,2011-04-08T09:25:00Z,2011-04-08T09:25:00Z
14929,223.88,1,136,223.88,2011-11-07T17:21:00Z,2011-11-07T17:21:00Z
14930,2362.96,3,1160,787.6533333333333,2011-03-10T14:42:00Z,2011-08-23T10:31:00Z
14931,1257.68,5,417,251.536,2011-04-13T09:32:00Z,2011-12-05T10:19:00Z
14932,363.53,1,80,363.53,2010-12-09T11:48:00Z,2010-12-09T11:48:00Z
14934,1890.94,2,1042,945.47,2011-03-02T11:48:00Z,2011-09-19T10:10:00Z
14935,1784.71,1,935,1784.71,2011-02-15T14:44:00Z,2011-02-15T14:44:00Z
14936,8137.02,8,4085,1017.1275,2011-03-09T11:53:00Z,2011-11-06T10:30:00Z
14937,1621.88,3,484,540.6266666666667,2011-08-01T14:16:00Z,2011-10-14T12:29:00Z
14944,5900.25,12,2815,491.6875,2011-02-16T12:47:00Z,2011-11-10T09:10:00Z
14946,100.9,1,22,100.9,2011-11-25T13:33:00Z,2011-11-25T13:33:00Z
14947,290.82,2,179,145.41,2011-08-01T09:31:00Z,2011-09-28T15:48:00Z
14948,1101.97,6,673,183.66166666666666,2011-05-04T14:52:00Z,2011-11-16T17:16:00Z
14950,371.2,1,136,371.2,2011-11-20T13:48:00Z,2011-11-20T13:48:00Z
14951,311.69,1,311,311.69,2011-09-21T15:15:00Z,2011-09-21T15:15:00Z
14952,8099.49,11,3355,736.3172727272727,2010-12-10T12:48:00Z,2011-10-11T10:33:00Z
14953,285.67,1,224,285.67,2011-11-14T14:59:00Z,2011-11-14T14:59:00Z
14954,294.85,1,117,294.85,2011-11-27T14:30:00Z,2011-11-27T14:30:00Z
14957,58.49,1,34,58.49,2011-03-31T17:59:00Z,2011-03-31T17:59:00Z
14958,483.72999999999996,3,128,161.2433333333333,2011-04-08T11:28:00Z,2011-07-15T14:20:00Z
14959,695.42,4,494,173.855,2011-02-16T13:00:00Z,2011-10-06T18:23:00Z
14960,221.27,2,221,110.635,2011-06-21T13:38:00Z,2011-12-01T12:54:00Z
14961,7044.68,9,3708,782.7422222222223,2010-12-14T11:38:00Z,2011-11-29T09:42:00Z
14962,126.7,1,44,126.7,2011-03-14T09:42:00Z,2011-03-14T09:42:00Z
14963,1472.34,5,1159,294.46799999999996,2011-06-09T12:30:00Z,2011-11-30T12:16:00Z
14964,206.21,1,143,206.21,2011-04-06T14:13:00Z,2011-04-06T14:13:00Z
14965,596.09,2,363,298.045,2011-09-04T13:15:00Z,2011-09-04T13:20:00Z
14966,183.02,1,179,183.02,2011-11-25T12:20:00Z,2011-11-25T12:20:00Z
14967,463.8,1,140,463.8,2011-10-21T11:06:00Z,2011-10-21T11:06:00Z
14968,147.59,1,127,147.59,2011-11-09T13:58:00Z,2011-11-09T13:58:00Z
14970,1592.06,4,250,398.015,2011-01-27T12:23:00Z,2011-10-02T13:44:00Z
14971,1097.98,3,639,365.99333333333334,2011-10-27T13:33:00Z,2011-11-04T17:07:00Z
14972,114.77,1,28,114.77,2011-08-03T14:54:00Z,2011-08-03T14:54:00Z
14973,1314.45,3,369,438.15000000000003,2011-04-28T12:22:00Z,2011-08-24T15:51:00Z
14974,89.94,1,37,89.94,2011-11-02T13:01:00Z,2011-11-02T13:01:00Z
14975,279.94,1,380,279.94,2011-10-13T14:08:00Z,2011-10-13T14:08:00Z
14976,790.86,7,234,112.98,2011-01-17T11:09:00Z,2011-10-13T16:37:00Z
14978,1921.3700000000001,5,523,384.274,2011-01-13T12:03:00Z,2011-09-28T13:07:00Z
14981,102.12,1,97,102.12,2011-04-07T13:45:00Z,2011-04-07T13:45:00Z
14984,202.37,2,58,101.185,2011-06-12T11:04:00Z,2011-11-20T14:28:00Z
14985,292.01,2,256,146.005,2010-12-16T19:51:00Z,2011-05-25T14:29:00Z
14987,326.4,2,128,163.2,2010-12-09T12:13:00Z,2011-11-24T09:59:00Z
14988,334.54,1,141,334.54,2011-05-12T12:05:00Z,2011-05-12T12:05:00Z
14995,231.98000000000002,2,102,115.99000000000001,2011-03-04T13:14:00Z,2011-11-01T11:39:00Z
14997,546.1999999999999,3,1120,182.06666666666663,2011-06-14T16:52:00Z,2011-10-24T13:28:00Z
14998,414.87,2,258,207.435,2011-04-12T16:28:00Z,2011-06-22T17:30:00Z
15000,490.52,1,218,490.52,2011-10-23T11:42:00Z,2011-10-23T11:42:00Z
15002,1641.76,4,862,410.44,2010-12-07T13:16:00Z,2011-08-16T10:44:00Z
15004,1220.77,1,623,1220.77,2011-07-15T14:05:00Z,2011-07-15T14:05:00Z
15005,6295.37,28,4230,224.83464285714285,2010-12-08T14:36:00Z,2011-11-24T12:25:00Z
15006,480.38,1,286,480.38,2011-10-19T15:08:00Z,2011-10-19T15:08:00Z
15007,156.91,1,69,156.91,2011-07-03T16:00:00Z,2011-07-03T16:00:00Z
15009,1259.43,3,639,419.81,2011-11-14T17:40:00Z,2011-11-27T13:35:00Z
15010,308.94,1,184,308.94,2011-11-04T12:42:00Z,2011-11-04T12:42:00Z
15012,405.04,2,225,202.52,2010-12-01T12:49:00Z,2011-10-17T12:22:00Z
15014,257.67,2,149,128.835,2011-06-16T19:40:00Z,2011-10-27T20:07:00Z
15016,170.04,1,76,170.04,2011-06-20T12:06:00Z,2011-06-20T12:06:00Z
15017,125.58,1,63,125.58,2011-11-06T10:33:00Z,2011-11-06T10:33:00Z
15018,496.21000000000004,3,189,165.40333333333334,2010-12-07T10:47:00Z,2011-11-01T12:47:00Z
15019,252.81,1,150,252.81,2011-03-18T12:35:00Z,2011-03-18T12:35:00Z
15021,1871.77,9,819,207.97444444444443,2010-12-08T12:17:00Z,2011-12-01T11:53:00Z
15022,852.39,4,527,213.0975,2011-10-23T15:47:00Z,2011-11-28T12:35:00Z
15023,6720.41,11,2827,610.9463636363636,2010-12-05T13:49:00Z,2011-12-06T17:23:00Z
15024,1636.43,10,902,163.643,2010-12-07T13:20:00Z,2011-11-30T12:06:00Z
15025,361.96,1,184,361.96,2011-11-06T15:20:00Z,2011-11-06T15:20:00Z
15026,469,3,285,156.33333333333334,2011-03-07T13:45:00Z,2011-09-20T13:52:00Z
15027,1066.15,4,565,266.5375,2011-04-15T14:14:00Z,2011-11-09T10:16:00Z
15028,627.13,4,459,156.7825,2010-12-06T12:47:00Z,2011-12-01T14:06:00Z
15030,518.28,2,372,259.14,2011-03-16T15:34:00Z,2011-09-29T10:50:00Z
15031,653.19,4,400,163.2975,2011-03-02T14:46:00Z,2011-12-05T14:19:00Z
15032,4959.1,3,2968,1653.0333333333335,2010-12-08T12:57:00Z,2011-03-28T15:03:00Z
15033,2557.18,10,1672,255.718,2011-01-14T13:28:00Z,2011-12-05T12:40:00Z
15034,4274.16,8,2413,534.27,2010-12-21T09:47:00Z,2011-11-24T12:11:00Z
15035,252.73000000000002,1,245,252.73000000000002,2011-09-11T11:08:00Z,2011-09-11T11:08:00Z
15036,429.56,3,316,143.18666666666667,2011-06-13T12:19:00Z,2011-09-28T15:42:00Z
15038,685.74,6,212,114.29,2010-12-05T10:54:00Z,2011-10-12T11:33:00Z
15039,19766.59,47,9131,420.5657446808511,2010-12-06T11:26:00Z,2011-11-30T11:31:00Z
15041,179.93,1,103,179.93,2011-06-22T16:16:00Z,2011-06-22T16:16:00Z
15042,135.93,1,30,135.93,2011-05-24T16:25:00Z,2011-05-24T16:25:00Z
15043,537,1,300,537,2011-11-08T14:26:00Z,2011-11-08T14:26:00Z
15044,7634.7300000000005,17,2785,449.1017647058824,2010-12-12T14:27:00Z,2011-11-20T13:20:00Z
15045,735.66,2,114,367.83,2011-03-27T11:44:00Z,2011-07-11T11:33:00Z
15046,5090.42,15,3372,339.36133333333333,2011-01-05T15:30:00Z,2011-11-30T15:50:00Z
15047,343.62,1,222,343.62,2011-03-15T10:49:00Z,2011-03-15T10:49:00Z
15048,381,4,192,95.25,2010-12-06T12:15:00Z,2011-10-05T14:55:00Z
15049,121.17,1,63,121.17,2011-03-11T12:13:00Z,2011-03-11T12:13:00Z
15050,1737.69,3,1216,579.23,2011-09-29T13:22:00Z,2011-11-14T16:17:00Z
15051,1383.36,3,1010,461.11999999999995,2011-07-12T15:29:00Z,2011-11-16T15:38:00Z
15052,207.73000000000002,1,79,207.73000000000002,2011-01-24T15:52:00Z,2011-01-24T15:52:00Z
15053,693.95,3,984,231.3166666666667,2011-03-03T12:06:00Z,2011-12-05T12:08:00Z
15054,302.1,2,198,151.05,2011-10-30T14:33:00Z,2011-11-27T15:02:00Z
15057,1489.5,2,668,744.75,2011-01-28T09:09:00Z,2011-03-09T15:17:00Z
15058,2102.54,11,1054,191.14,2011-01-31T15:35:00Z,2011-11-14T14:57:00Z
15059,1337.72,9,604,148.63555555555556,2011-01-09T11:54:00Z,2011-10-30T11:35:00Z
15060,294.25,4,257,73.5625,2011-11-30T14:03:00Z,2011-12-01T13:47:00Z
15061,54534.14,48,28920,1136.1279166666666,2010-12-02T15:19:00Z,2011-12-06T12:06:00Z
15062,987.86,4,763,246.965,2010-12-15T15:37:00Z,2011-09-29T16:51:00Z
15063,370.79999999999995,1,56,370.79999999999995,2011-05-10T13:25:00Z,2011-05-10T13:25:00Z
15065,3158.13,4,1383,789.5325,2011-02-21T12:54:00Z,2011-11-02T09:45:00Z
15066,893.59,1,317,893.59,2011-10-17T13:25:00Z,2011-10-17T13:25:00Z
15067,1744.76,3,954,581.5866666666667,2011-03-02T12:10:00Z,2011-09-22T13:20:00Z
15068,553.36,2,364,276.68,2011-03-28T14:27:00Z,2011-10-24T14:47:00Z
15069,1109.53,1,520,1109.53,2011-06-13T14:16:00Z,2011-06-13T14:16:00Z
15070,106.2,1,36,106.2,2010-12-02T11:23:00Z,2010-12-02T11:23:00Z
15071,982.07,2,269,491.035,2011-03-09T10:19:00Z,2011-09-07T11:43:00Z
15073,1043.41,3,491,347.80333333333334,2011-06-06T09:59:00Z,2011-11-30T10:44:00Z
15074,735.67,1,431,735.67,2011-08-26T14:45:00Z,2011-08-26T14:45:00Z
15075,773.03,1,447,773.03,2011-09-23T12:27:00Z,2011-09-23T12:27:00Z
15076,880.85,1,571,880.85,2011-06-20T08:23:00Z,2011-06-20T08:23:00Z
15078,9743.11,32,5105,304.4721875,2010-12-06T12:38:00Z,2011-12-02T15:41:00Z
15079,895.61,4,389,223.9025,2010-12-09T09:25:00Z,2011-05-11T12:45:00Z
15081,504.8,5,190,100.96000000000001,2010-12-07T16:20:00Z,2011-11-17T17:08:00Z
15083,88.2,1,38,88.2,2011-03-28T12:18:00Z,2011-03-28T12:18:00Z
15087,306.94,1,470,306.94,2011-03-03T10:34:00Z,2011-03-03T10:34:00Z
15088,1160.07,2,460,580.035,2011-10-03T14:05:00Z,2011-11-18T13:14:00Z
15089,2420.84,6,1359,403.47333333333336,2011-08-03T14:14:00Z,2011-11-29T16:31:00Z
15090,381.32,1,208,381.32,2011-02-04T14:03:00Z,2011-02-04T14:03:00Z
15091,480.71,1,346,480.71,2011-10-03T12:47:00Z,2011-10-03T12:47:00Z
15092,457.81,2,135,228.905,2011-03-01T12:24:00Z,2011-05-08T14:10:00Z
15093,4597.02,6,3760,766.1700000000001,2010-12-02T18:25:00Z,2011-11-21T13:09:00Z
15095,1370.6,4,1079,342.65,2011-05-20T14:27:00Z,2011-08-28T12:01:00Z
15096,219.39000000000001,1,120,219.39000000000001,2011-10-28T10:27:00Z,2011-10-28T10:27:00Z
15097,248.08,1,170,248.08,2011-12-05T14:03:00Z,2011-12-05T14:03:00Z
15098,39916.5,3,121,13305.5,2011-06-10T15:22:00Z,2011-06-10T15:33:00Z
15099,410.48,1,343,410.48,2011-09-16T13:13:00Z,2011-09-16T13:13:00Z
15100,876,3,80,292,2010-12-01T09:09:00Z,2011-01-10T10:35:00Z
15101,317.53,2,241,158.765,2010-12-15T12:54:00Z,2011-12-01T10:18:00Z
15103,703.36,2,329,351.68,2011-09-14T13:54:00Z,2011-11-08T14:53:00Z
15104,993.54,2,635,496.77,2011-03-02T14:16:00Z,2011-05-27T12:29:00Z
15105,2298.93,7,1211,328.4185714285714,2011-07-28T10:09:00Z,2011-11-21T16:54:00Z
15106,1422.52,5,1181,284.504,2011-03-15T12:52:00Z,2011-11-22T09:16:00Z
15107,319.5,6,170,53.25,2010-12-02T13:45:00Z,2011-02-01T14:46:00Z
15108,1300.25,4,499,325.0625,2011-04-26T10:54:00Z,2011-07-21T10:24:00Z
15109,484.95,1,131,484.95,2011-04-08T09:58:00Z,2011-04-08T09:58:00Z
15110,996.1,4,246,249.025,2011-01-25T11:41:00Z,2011-11-16T11:16:00Z
15111,1567.48,3,710,522.4933333333333,2010-12-02T11:45:00Z,2011-11-10T16:58:00Z
15113,3509.43,3,2344,1169.81,2011-10-16T15:27:00Z,2011-11-30T08:23:00Z
15114,2760.56,10,3096,276.056,2011-02-11T08:45:00Z,2011-11-09T15:05:00Z
15115,340.11,1,157,340.11,2011-11-21T14:59:00Z,2011-11-21T14:59:00Z
15116,1352.75,4,648,338.1875,2011-05-19T08:50:00Z,2011-11-22T12:25:00Z
15117,1551.78,5,1948,310.356,2011-05-08T12:38:00Z,2011-11-25T08:12:00Z
15118,244.8,1,1440,244.8,2011-07-28T14:54:00Z,2011-07-28T14:54:00Z
15119,266.40000000000003,1,88,266.40000000000003,2011-04-08T09:08:00Z,2011-04-08T09:08:00Z
15120,358.82,1,296,358.82,2011-07-29T09:48:00Z,2011-07-29T09:48:00Z
15121,457.72,2,199,228.86,2011-02-24T12:41:00Z,2011-10-20T14:51:00Z
15122,1633.78,3,800,544.5933333333334,2011-02-15T09:59:00Z,2011-08-17T16:48:00Z
15123,2199.31,2,1195,1099.655,2011-05-17T14:57:00Z,2011-12-02T13:12:00Z
15124,184.19,2,233,92.095,2011-06-01T09:06:00Z,2011-11-17T10:09:00Z
15125,11528.48,15,6193,768.5653333333333,2011-03-14T09:59:00Z,2011-11-14T13:57:00Z
15127,406.53,1,251,406.53,2011-10-05T10:30:00Z,2011-10-05T10:30:00Z
15128,1471,4,1343,367.75,2011-05-04T12:32:00Z,2011-10-10T13:54:00Z
15129,3447.4,11,1794,313.40000000000003,2011-02-21T09:09:00Z,2011-10-20T14:40:00Z
15130,330.11,1,197,330.11,2011-06-23T10:15:00Z,2011-06-23T10:15:00Z
15132,977.9300000000001,5,679,195.586,2011-03-22T12:02:00Z,2011-11-21T17:10:00Z
15133,982.42,3,680,327.4733333333333,2011-02-11T10:38:00Z,2011-08-04T10:44:00Z
15134,1387.99,8,887,173.49875,2011-04-13T11:05:00Z,2011-11-25T08:55:00Z
15135,139.05,1,43,139.05,2011-04-14T19:16:00Z,2011-04-14T19:16:00Z
15136,1286.7,4,776,321.675,2011-09-04T16:05:00Z,2011-12-07T12:26:00Z
15139,178.96,2,208,89.48,2011-01-07T12:44:00Z,2011-04-14T11:39:00Z
15140,2354.25,7,1572,336.32142857142856,2011-03-20T14:37:00Z,2011-10-18T14:07:00Z
15142,498.74,1,365,498.74,2011-10-24T12:51:00Z,2011-10-24T12:51:00Z
15143,259.45,1,150,259.45,2011-04-28T12:03:00Z,2011-04-28T12:03:00Z
15144,6580.44,17,3050,387.0847058823529,2011-01-31T13:17:00Z,2011-12-01T15:12:00Z
15145,1194.73,4,756,298.6825,2011-04-05T15:20:00Z,2011-12-05T17:21:00Z
15146,1327.16,2,1473,663.58,2011-02-21T13:07:00Z,2011-06-28T12:09:00Z
15147,623.5,1,366,623.5,2011-04-13T15:57:00Z,2011-04-13T15:57:00Z
15148,301.29,1,187,301.29,2011-11-29T08:21:00Z,2011-11-29T08:21:00Z
15149,520.8000000000001,1,128,520.8000000000001,2011-07-29T10:58:00Z,2011-07-29T10:58:00Z
15150,5291.33,10,3642,529.133,2011-03-15T14:21:00Z,2011-11-22T12:52:00Z
15152,4745.69,13,2704,365.0530769230769,2011-06-05T15:36:00Z,2011-11-30T12:32:00Z
15153,329.25,1,198,329.25,2011-11-08T17:09:00Z,2011-11-08T17:09:00Z
15154,254.28,1,89,254.28,2011-09-25T16:05:00Z,2011-09-25T16:05:00Z
15156,961.49,3,597,320.49666666666667,2011-11-06T12:41:00Z,2011-12-08T18:22:00Z
15157,1936.07,3,2392,645.3566666666667,2010-12-16T13:44:00Z,2011-12-06T11:28:00Z
15158,401.40000000000003,1,198,401.40000000000003,2011-10-25T13:53:00Z,2011-10-25T13:53:00Z
15159,18641.010000000002,30,11441,621.3670000000001,2010-12-13T15:44:00Z,2011-12-08T12:05:00Z
15160,158.16,1,84,158.16,2010-12-17T14:15:00Z,2010-12-17T14:15:00Z
15163,304.47,2,186,152.235,2011-05-31T15:22:00Z,2011-11-21T13:10:00Z
15164,824.58,3,351,274.86,2011-01-04T14:21:00Z,2011-10-02T12:05:00Z
15165,487.75,1,160,487.75,2010-12-01T14:03:00Z,2010-12-01T14:03:00Z
15167,158.8,1,65,158.8,2011-01-23T12:41:00Z,2011-01-23T12:41:00Z
15168,106.56,1,52,106.56,2011-11-14T11:26:00Z,2011-11-14T11:26:00Z
15171,1289.5,1,290,1289.5,2011-01-12T15:36:00Z,2011-01-12T15:36:00Z
15172,1624.05,5,1611,324.81,2011-04-17T11:56:00Z,2011-12-01T11:51:00Z
15174,135.75,1,145,135.75,2011-01-21T09:06:00Z,2011-01-21T09:06:00Z
15175,224.14,1,454,224.14,2011-09-29T11:31:00Z,2011-09-29T11:31:00Z
15178,40.5,1,30,40.5,2011-03-24T15:12:00Z,2011-03-24T15:12:00Z
15179,2206.95,5,1938,441.39,2011-01-24T13:48:00Z,2011-11-21T12:53:00Z
15180,87.5,1,36,87.5,2010-12-07T14:57:00Z,2010-12-07T14:57:00Z
15181,689.4799999999999,3,544,229.82666666666663,2011-03-15T12:03:00Z,2011-10-04T13:58:00Z
15182,622.85,2,253,311.425,2011-03-16T12:42:00Z,2011-07-08T13:37:00Z
15184,402.2,2,199,201.1,2011-06-02T12:06:00Z,2011-11-10T13:41:00Z
15185,310.62,1,666,310.62,2011-09-30T14:06:00Z,2011-09-30T14:06:00Z
15186,411.41,2,215,205.705,2011-06-24T14:54:00Z,2011-11-25T14:58:00Z
15187,4777.18,16,1887,298.57375,2011-05-11T13:49:00Z,2011-12-08T11:56:00Z
15189,16225.39,41,6149,395.74121951219513,2011-01-11T12:29:00Z,2011-12-08T13:22:00Z
15192,1044.32,3,918,348.1066666666666,2010-12-09T14:56:00Z,2011-08-12T11:41:00Z
15193,499.32,1,144,499.32,2011-10-10T08:23:00Z,2011-10-10T08:23:00Z
15194,7616.53,15,5703,507.76866666666666,2010-12-06T15:00:00Z,2011-12-06T15:10:00Z
15195,3861,1,1404,3861,2011-12-07T12:20:00Z,2011-12-07T12:20:00Z
15197,1079.6100000000001,3,469,359.87000000000006,2010-12-16T18:01:00Z,2011-11-29T10:00:00Z
15198,193.64000000000001,2,120,96.82000000000001,2011-08-07T15:16:00Z,2011-09-08T14:42:00Z
15199,1268.7,4,396,317.175,2011-02-04T14:04:00Z,2011-10-11T15:12:00Z
15201,1236.54,5,1210,247.308,2011-04-06T14:02:00Z,2011-09-13T14:53:00Z
15203,1827.8,6,1753,304.6333333333333,2011-02-01T12:29:00Z,2011-11-14T08:16:00Z
15204,316.58,1,258,316.58,2010-12-17T13:49:00Z,2010-12-17T13:49:00Z
15205,653.24,2,378,326.62,2011-08-04T16:07:00Z,2011-09-15T19:36:00Z
15206,420.29999999999995,4,162,105.07499999999999,2011-03-09T08:59:00Z,2011-11-29T13:41:00Z
15208,870.12,5,316,174.024,2010-12-21T13:03:00Z,2011-12-08T17:24:00Z
15210,331.18,1,228,331.18,2011-04-28T16:11:00Z,2011-04-28T16:11:00Z
15211,894.41,2,240,447.205,2010-12-09T16:08:00Z,2011-10-10T13:31:00Z
15212,101.8,1,36,101.8,2011-04-12T13:45:00Z,2011-04-12T13:45:00Z
15213,328.35,2,272,164.175,2011-01-14T11:05:00Z,2011-01-25T12:21:00Z
15214,1661.44,8,1254,207.68,2011-04-11T09:46:00Z,2011-12-08T12:07:00Z
15215,734.94,3,225,244.98000000000002,2011-09-04T12:24:00Z,2011-10-24T11:41:00Z
15216,96.6,1,28,96.6,2011-09-13T11:41:00Z,2011-09-13T11:41:00Z
15218,5756.89,11,3329,523.3536363636364,2011-01-25T11:20:00Z,2011-11-29T11:48:00Z
15219,305.75,1,45,305.75,2011-06-16T16:57:00Z,2011-06-16T16:57:00Z
15220,1778.96,6,1393,296.49333333333334,2011-03-04T10:24:00Z,2011-10-19T12:39:00Z
15221,403.25,1,43,403.25,2010-12-08T13:08:00Z,2010-12-08T13:08:00Z
15222,585,1,440,585,2011-01-25T08:03:00Z,2011-01-25T08:03:00Z
15223,755.75,2,213,377.875,2011-04-04T12:17:00Z,2011-04-28T11:31:00Z
15224,322.08,2,152,161.04,2010-12-12T12:34:00Z,2010-12-16T15:02:00Z
15225,409.40000000000003,1,226,409.40000000000003,2011-04-19T14:51:00Z,2011-04-19T14:51:00Z
15226,154.41,1,71,154.41,2011-02-02T11:41:00Z,2011-02-02T11:41:00Z
15227,1219.4,5,750,243.88000000000002,2011-01-26T15:31:00Z,2011-11-03T11:59:00Z
15228,3386.71,4,2255,846.6775,2011-02-18T09:04:00Z,2011-10-04T13:56:00Z
15230,429.6,2,351,214.8,2011-04-13T11:04:00Z,2011-04-14T14:39:00Z
15232,612.06,2,686,306.03,2011-07-22T12:21:00Z,2011-08-18T16:27:00Z
15234,197,1,196,197,2011-03-08T08:53:00Z,2011-03-08T08:53:00Z
15235,2247.51,12,1324,187.29250000000002,2010-12-01T17:22:00Z,2011-05-06T09:44:00Z
15236,321.05,1,269,321.05,2011-02-14T10:52:00Z,2011-02-14T10:52:00Z
15237,1412.32,4,1071,353.08,2011-04-26T15:04:00Z,2011-12-08T09:46:00Z
15238,1071.99,3,692,357.33,2011-06-08T16:00:00Z,2011-11-10T14:28:00Z
15239,780.59,2,594,390.295,2011-09-22T09:53:00Z,2011-11-29T14:14:00Z
15240,1706.57,5,1369,341.31399999999996,2011-02-01T08:23:00Z,2011-10-26T09:50:00Z
15241,1756.44,8,1818,219.555,2011-03-01T11:02:00Z,2011-10-04T09:05:00Z
15243,316.68,1,185,316.68,2011-09-26T14:12:00Z,2011-09-26T14:12:00Z
15244,631.57,2,405,315.785,2011-04-05T15:12:00Z,2011-10-05T13:19:00Z
15245,2515.84,3,1784,838.6133333333333,2011-03-23T13:42:00Z,2011-07-28T18:56:00Z
15246,514.15,2,247,257.075,2010-12-16T09:46:00Z,2011-04-15T14:45:00Z
15247,356,1,160,356,2011-08-09T12:52:00Z,2011-08-09T12:52:00Z
15249,6688.46,13,3577,514.496923076923,2011-03-28T12:49:00Z,2011-11-08T11:45:00Z
15251,10484.99,11,6171,953.180909090909,2011-04-12T10:38:00Z,2011-11-30T15:02:00Z
15252,740.78,2,522,370.39,2011-06-09T14:15:00Z,2011-11-03T13:30:00Z
15253,918.1999999999999,5,866,183.64,2011-06-23T12:19:00Z,2011-11-23T16:22:00Z
15254,300.36,1,275,300.36,2011-08-04T15:04:00Z,2011-08-04T15:04:00Z
15255,890.85,1,489,890.85,2011-10-04T12:43:00Z,2011-10-04T12:43:00Z
15256,98.45,1,55,98.45,2011-07-14T11:47:00Z,2011-07-14T11:47:00Z
15257,317.15,1,46,317.15,2011-03-01T12:58:00Z,2011-03-01T12:58:00Z
15258,623.16,2,142,311.58,2011-05-06T14:16:00Z,2011-06-24T12:30:00Z
15260,1810.77,7,885,258.68142857142857,2010-12-02T12:09:00Z,2011-08-31T13:55:00Z
15261,254.82,1,270,254.82,2011-07-27T15:20:00Z,2011-07-27T15:20:00Z
15262,178.95000000000002,1,73,178.95000000000002,2011-01-20T12:16:00Z,2011-01-20T12:16:00Z
15263,156.51,1,89,156.51,2011-08-25T10:26:00Z,2011-08-25T10:26:00Z
15264,393.74,1,265,393.74,2011-10-06T13:49:00Z,2011-10-06T13:49:00Z
15265,1506.1200000000001,2,612,753.0600000000001,2011-04-18T12:16:00Z,2011-07-11T14:46:00Z
15266,119.3,1,18,119.3,2011-01-05T13:40:00Z,2011-01-05T13:40:00Z
15267,1717.36,5,944,343.472,2011-06-10T10:24:00Z,2011-11-17T15:59:00Z
15269,408.8,1,26,408.8,2011-11-16T09:32:00Z,2011-11-16T09:32:00Z
15270,2379.49,7,1521,339.9271428571428,2011-02-02T13:25:00Z,2011-11-24T09:24:00Z
15271,2493.34,15,1251,166.22266666666667,2010-12-09T13:47:00Z,2011-12-02T14:11:00Z
15272,721.94,2,310,360.97,2011-09-14T16:36:00Z,2011-10-13T12:59:00Z
15274,716.57,2,619,358.285,2011-11-21T14:17:00Z,2011-12-05T16:57:00Z
15275,615.14,1,498,615.14,2011-11-02T11:20:00Z,2011-11-02T11:20:00Z
15276,128.63,1,61,128.63,2011-10-04T16:39:00Z,2011-10-04T16:39:00Z
15277,255.89999999999998,1,205,255.89999999999998,2011-10-24T10:08:00Z,2011-10-24T10:08:00Z
15279,290.51,1,189,290.51,2010-12-20T10:48:00Z,2010-12-20T10:48:00Z
15280,113.12,1,154,113.12,2011-06-20T17:14:00Z,2011-06-20T17:14:00Z
15281,2332.15,9,1211,259.1277777777778,2011-01-10T15:51:00Z,2011-10-12T09:10:00Z
15286,240.55,1,55,240.55,2011-10-21T11:08:00Z,2011-10-21T11:08:00Z
15287,486.69,2,433,243.345,2011-09-30T12:30:00Z,2011-11-17T15:34:00Z
15288,2306.52,5,775,461.304,2010-12-09T13:59:00Z,2011-10-27T16:58:00Z
15289,939.78,3,1008,313.26,2011-04-04T12:44:00Z,2011-11-10T13:49:00Z
15290,7943.22,18,4501,441.29,2010-12-15T16:03:00Z,2011-12-05T11:39:00Z
15291,4668.3,15,2103,311.22,2010-12-01T09:32:00Z,2011-11-14T11:02:00Z
15292,178.39,1,55,178.39,2011-05-22T15:00:00Z,2011-05-22T15:00:00Z
15296,3672.86,6,1766,612.1433333333333,2011-01-17T11:57:00Z,2011-10-20T11:47:00Z
15297,641.94,3,292,213.98000000000002,2011-10-07T09:42:00Z,2011-11-29T16:32:00Z
15298,4799.9,12,3116,399.9916666666666,2010-12-08T13:55:00Z,2011-12-07T17:17:00Z
15299,4507.01,7,2948,643.8585714285715,2010-12-02T16:48:00Z,2011-10-03T14:19:00Z
15300,496.44,1,292,496.44,2011-10-06T17:08:00Z,2011-10-06T17:08:00Z
15301,5049.95,12,2751,420.82916666666665,2010-12-06T12:21:00Z,2011-10-20T09:57:00Z
15303,574.02,1,248,574.02,2011-02-22T13:59:00Z,2011-02-22T13:59:00Z
15304,694.4,8,104,86.8,2010-12-06T11:42:00Z,2011-10-10T10:23:00Z
15306,1174.35,3,810,391.45,2011-07-14T15:22:00Z,2011-10-06T12:56:00Z
15307,205.3,1,37,205.3,2011-09-05T11:38:00Z,2011-09-05T11:38:00Z
15308,310.47,1,175,310.47,2011-03-10T13:08:00Z,2011-03-10T13:08:00Z
15311,60632.75,91,38147,666.2939560439561,2010-12-01T09:41:00Z,2011-12-09T12:00:00Z
15312,924.85,4,516,231.2125,2010-12-20T12:51:00Z,2011-09-25T13:10:00Z
15313,52,1,25,52,2011-08-21T16:02:00Z,2011-08-21T16:02:00Z
15314,327.97,1,313,327.97,2011-05-24T14:39:00Z,2011-05-24T14:39:00Z
15315,570.5,2,862,285.25,2011-08-15T15:17:00Z,2011-10-06T12:51:00Z
15316,165,1,100,165,2011-01-17T11:34:00Z,2011-01-17T11:34:00Z
15318,312.62,1,642,312.62,2011-12-06T11:30:00Z,2011-12-06T11:30:00Z
15319,204.5,1,175,204.5,2011-03-01T12:48:00Z,2011-03-01T12:48:00Z
15320,267.13,1,326,267.13,2011-10-26T13:27:00Z,2011-10-26T13:27:00Z
15321,2748.31,3,1181,916.1033333333334,2011-02-21T11:10:00Z,2011-09-30T09:40:00Z
15322,679.68,1,416,679.68,2011-09-15T09:34:00Z,2011-09-15T09:34:00Z
15325,161.74,1,231,161.74,2011-08-28T11:55:00Z,2011-08-28T11:55:00Z
15326,311.71,1,386,311.71,2011-01-10T11:38:00Z,2011-01-10T11:38:00Z
15327,208.75,1,116,208.75,2011-10-18T11:55:00Z,2011-10-18T11:55:00Z
15329,1049.7,3,486,349.90000000000003,2011-06-21T10:37:00Z,2011-10-31T15:36:00Z
15330,714.96,2,1312,357.48,2011-10-10T12:30:00Z,2011-11-07T17:50:00Z
15332,1661.06,4,652,415.265,2010-12-05T12:00:00Z,2010-12-08T14:43:00Z
15333,1028.56,1,344,1028.56,2011-05-15T13:27:00Z,2011-05-15T13:27:00Z
15334,350.82,3,273,116.94,2011-06-19T13:51:00Z,2011-07-06T11:22:00Z
15335,170.22,1,79,170.22,2011-10-17T12:50:00Z,2011-10-17T12:50:00Z
15339,574.07,2,416,287.035,2011-01-25T13:15:00Z,2011-10-04T12:51:00Z
15341,2020.52,1,812,2020.52,2011-09-20T09:40:00Z,2011-09-20T09:40:00Z
15342,406.09,1,283,406.09,2011-08-02T10:19:00Z,2011-08-02T10:19:00Z
15343,364.5,1,84,364.5,2011-09-13T13:55:00Z,2011-09-13T13:55:00Z
15344,563.94,3,116,187.98000000000002,2011-09-26T14:48:00Z,2011-12-09T10:45:00Z
15345,393.54,1,81,393.54,2011-10-25T11:28:00Z,2011-10-25T11:28:00Z
15346,252.42000000000002,1,144,252.42000000000002,2011-01-11T11:18:00Z,2011-01-11T11:18:00Z
15347,201.60000000000002,1,130,201.60000000000002,2010-12-08T15:25:00Z,2010-12-08T15:25:00Z
15348,158.04,1,84,158.04,2011-09-28T13:17:00Z,2011-09-28T13:17:00Z
15349,463.90999999999997,2,321,231.95499999999998,2011-06-05T15:46:00Z,2011-07-04T16:06:00Z
15350,115.65,1,51,115.65,2010-12-01T13:33:00Z,2010-12-01T13:33:00Z
15351,1934.66,7,742,276.38,2010-12-05T11:49:00Z,2011-11-27T12:52:00Z
15353,770.12,2,341,385.06,2010-12-07T11:49:00Z,2011-03-30T12:15:00Z
15355,277.05,2,45,138.525,2011-10-17T15:22:00Z,2011-11-10T13:44:00Z
15356,2718.03,10,1643,271.803,2010-12-06T14:05:00Z,2011-11-08T13:11:00Z
15358,8347.2,22,7050,379.41818181818184,2010-12-09T10:04:00Z,2011-12-05T09:04:00Z
15360,427.93,1,223,427.93,2011-10-31T09:35:00Z,2011-10-31T09:35:00Z
15361,418.92,1,336,418.92,2010-12-13T09:52:00Z,2010-12-13T09:52:00Z
15363,326,1,144,326,2010-12-02T12:28:00Z,2010-12-02T12:28:00Z
15364,913.19,2,493,456.595,2011-03-30T13:39:00Z,2011-09-05T09:46:00Z
15365,2314.32,7,1084,330.6171428571429,2011-01-28T13:08:00Z,2011-11-14T08:29:00Z
15366,602.51,2,621,301.255,2010-12-16T15:59:00Z,2011-09-25T15:01:00Z
15367,1877.59,4,1057,469.3975,2011-03-09T13:53:00Z,2011-10-13T14:13:00Z
15368,446.94000000000005,1,230,446.94000000000005,2011-11-18T14:42:00Z,2011-11-18T14:42:00Z
15370,2386.05,7,830,340.86428571428576,2011-01-11T11:32:00Z,2011-10-30T10:58:00Z
15372,2007.3999999999999,1,2924,2007.3999999999999,2011-07-25T16:39:00Z,2011-07-25T16:39:00Z
15373,2415.91,12,500,201.32583333333332,2010-12-03T14:40:00Z,2011-12-01T15:05:00Z
15374,168,1,126,168,2011-08-03T09:59:00Z,2011-08-03T09:59:00Z
15376,1221.56,3,615,407.18666666666667,2011-05-01T13:45:00Z,2011-10-30T15:04:00Z
15379,3703.29,7,2305,529.0414285714286,2010-12-16T13:02:00Z,2011-06-23T13:13:00Z
15380,1690.2600000000002,5,376,338.052,2010-12-09T15:01:00Z,2011-12-01T12:13:00Z
15381,596.85,2,171,298.425,2011-03-16T13:44:00Z,2011-05-10T11:55:00Z
15382,5955.71,6,4012,992.6183333333333,2011-02-17T12:01:00Z,2011-11-25T10:58:00Z
15384,642.41,2,596,321.205,2010-12-15T11:34:00Z,2011-06-23T10:57:00Z
15385,316.88,1,161,316.88,2011-10-30T15:11:00Z,2011-10-30T15:11:00Z
15386,394.14,1,446,394.14,2011-06-06T13:47:00Z,2011-06-06T13:47:00Z
15388,140.54,1,88,140.54,2011-03-14T13:53:00Z,2011-03-14T13:53:00Z
15389,500,1,400,500,2011-06-20T16:18:00Z,2011-06-20T16:18:00Z
15392,1535.53,4,1277,383.8825,2010-12-14T15:50:00Z,2011-12-05T11:01:00Z
15393,231.86,2,150,115.93,2011-03-03T16:58:00Z,2011-11-23T16:48:00Z
15394,2183.54,4,910,545.885,2010-12-16T12:46:00Z,2011-11-30T11:49:00Z
15395,107.45,1,17,107.45,2011-01-18T12:40:00Z,2011-01-18T12:40:00Z
15396,288.18,1,122,288.18,2011-08-19T10:56:00Z,2011-08-19T10:56:00Z
15397,94,1,20,94,2011-02-23T09:25:00Z,2011-02-23T09:25:00Z
15398,1345.53,2,769,672.765,2011-09-22T14:56:00Z,2011-11-23T16:47:00Z
15399,815.77,3,611,271.92333333333335,2011-09-21T15:57:00Z,2011-12-08T13:04:00Z
15400,716.2,5,390,143.24,2011-03-06T11:27:00Z,2011-09-08T13:57:00Z
15402,626.77,2,694,313.385,2011-05-27T13:32:00Z,2011-07-14T12:17:00Z
15405,349.1,1,193,349.1,2011-06-03T14:44:00Z,2011-06-03T14:44:00Z
15406,510.71000000000004,2,254,255.35500000000002,2011-02-11T16:19:00Z,2011-11-08T13:22:00Z
15407,1046.74,4,552,261.685,2011-02-07T13:18:00Z,2011-11-06T11:55:00Z
15408,267.18,1,106,267.18,2011-03-20T15:02:00Z,2011-03-20T15:02:00Z
15410,3450.84,8,1200,431.355,2011-03-23T10:15:00Z,2011-09-16T14:47:00Z
15411,1348.93,4,529,337.2325,2011-06-10T12:30:00Z,2011-11-13T15:19:00Z
15412,190.53,1,108,190.53,2011-06-21T15:24:00Z,2011-06-21T15:24:00Z
15414,774.9000000000001,3,443,258.3,2011-04-11T13:45:00Z,2011-11-30T09:50:00Z
15415,559.61,1,551,559.61,2011-01-30T14:13:00Z,2011-01-30T14:13:00Z
15416,3984.32,4,2090,996.08,2011-03-02T08:41:00Z,2011-10-06T09:38:00Z
15417,508.8,1,284,508.8,2011-09-15T15:26:00Z,2011-09-15T15:26:00Z
15419,135.85999999999999,1,230,135.85999999999999,2011-11-15T09:23:00Z,2011-11-15T09:23:00Z
15421,950.36,4,500,237.59,2011-02-02T14:36:00Z,2011-10-12T09:20:00Z
15422,97.7,2,38,48.85,2011-01-20T14:17:00Z,2011-01-20T16:17:00Z
15423,43.5,1,101,43.5,2011-11-01T14:01:00Z,2011-11-01T14:01:00Z
15424,383.34,2,554,191.67,2011-03-30T13:00:00Z,2011-03-30T13:02:00Z
15426,1404.07,5,656,280.81399999999996,2010-12-05T13:55:00Z,2011-11-20T15:36:00Z
15427,1430.54,3,967,476.84666666666664,2011-10-23T14:47:00Z,2011-11-06T14:29:00Z
15428,93.78,1,102,93.78,2011-11-24T16:54:00Z,2011-11-24T16:54:00Z
15429,397.35,2,380,198.675,2011-09-25T13:42:00Z,2011-11-13T12:28:00Z
15432,171.19,1,65,171.19,2011-11-16T16:30:00Z,2011-11-16T16:30:00Z
15433,533.3,2,534,266.65,2011-03-17T14:12:00Z,2011-05-10T10:45:00Z
15434,1041.48,5,647,208.296,2011-05-23T14:18:00Z,2011-12-01T13:33:00Z
15435,149.29,1,54,149.29,2011-11-17T16:39:00Z,2011-11-17T16:39:00Z
15436,1067.75,3,574,355.9166666666667,2011-04-19T16:52:00Z,2011-11-27T16:05:00Z
15437,200.16,1,79,200.16,2011-03-22T13:11:00Z,2011-03-22T13:11:00Z
15438,156.58,1,59,156.58,2011-07-31T14:19:00Z,2011-07-31T14:19:00Z
15440,383.68,3,197,127.89333333333333,2011-05-15T11:30:00Z,2011-10-16T12:16:00Z
15442,594,1,120,594,2011-04-05T12:24:00Z,2011-04-05T12:24:00Z
15443,3213.59,7,1639,459.0842857142857,2011-01-23T13:25:00Z,2011-12-08T10:40:00Z
15444,1411.21,2,759,705.605,2011-10-30T16:12:00Z,2011-11-30T17:37:00Z
15445,113.5,1,58,113.5,2011-03-20T15:06:00Z,2011-03-20T15:06:00Z
15447,155.17,1,85,155.17,2011-01-13T11:26:00Z,2011-01-13T11:26:00Z
15448,494.64,1,232,494.64,2011-01-31T10:42:00Z,2011-01-31T10:42:00Z
15449,974.52,3,812,324.84,2011-03-23T10:43:00Z,2011-11-13T15:02:00Z
15450,429.84,1,376,429.84,2011-11-09T17:11:00Z,2011-11-09T17:11:00Z
15452,528.48,3,280,176.16,2011-03-20T15:21:00Z,2011-11-10T12:13:00Z
15453,1371.77,7,837,195.96714285714285,2011-06-05T12:37:00Z,2011-12-08T10:59:00Z
15454,179.1,1,86,179.1,2010-12-12T14:21:00Z,2010-12-12T14:21:00Z
15456,434.59000000000003,3,633,144.86333333333334,2010-12-15T15:34:00Z,2011-03-01T13:51:00Z
15457,237.07,1,132,237.07,2011-03-22T15:31:00Z,2011-03-22T15:31:00Z
15458,161.64,1,156,161.64,2011-11-14T13:08:00Z,2011-11-14T13:08:00Z
15460,214.26,1,107,214.26,2010-12-20T16:08:00Z,2010-12-20T16:08:00Z
15462,234.6,3,172,78.2,2011-06-05T15:36:00Z,2011-09-06T13:11:00Z
15463,126.14,1,106,126.14,2011-11-10T12:57:00Z,2011-11-10T12:57:00Z
15464,1044.65,1,348,1044.65,2011-01-05T15:56:00Z,2011-01-05T15:56:00Z
15465,7354.62,18,1257,408.59,2010-12-05T10:12:00Z,2011-11-20T10:11:00Z
15466,334.53,1,246,334.53,2011-09-15T14:08:00Z,2011-09-15T14:08:00Z
15467,524.88,3,310,174.96,2011-07-10T14:42:00Z,2011-11-30T14:17:00Z
15468,467.51,2,155,233.755,2011-10-19T13:38:00Z,2011-10-19T13:49:00Z
15469,538.55,2,153,269.275,2011-08-11T16:54:00Z,2011-10-20T16:21:00Z
15471,454.48,1,256,454.48,2011-12-07T14:12:00Z,2011-12-07T14:12:00Z
15472,371.56,1,251,371.56,2011-08-18T15:17:00Z,2011-08-18T15:17:00Z
15473,1771.2,7,672,253.02857142857144,2011-10-10T11:12:00Z,2011-11-25T15:15:00Z
15475,454.11,1,319,454.11,2011-09-23T15:20:00Z,2011-09-23T15:20:00Z
15478,1399.92,2,575,699.96,2011-10-14T11:09:00Z,2011-10-30T14:19:00Z
15480,905.5,1,303,905.5,2011-08-15T14:32:00Z,2011-08-15T14:32:00Z
15482,10879.76,12,5004,906.6466666666666,2010-12-16T10:08:00Z,2011-11-24T10:46:00Z
15483,225.26,4,291,56.315,2011-03-18T12:26:00Z,2011-07-01T13:07:00Z
15484,3590.41,4,3150,897.6025,2011-09-22T13:31:00Z,2011-12-08T15:03:00Z
15485,2564.5,3,1281,854.8333333333334,2010-12-01T13:23:00Z,2011-11-09T14:31:00Z
15488,91.32000000000001,1,73,91.32000000000001,2011-09-08T10:11:00Z,2011-09-08T10:11:00Z
15489,1134.28,3,608,378.0933333333333,2011-05-12T12:54:00Z,2011-11-17T08:53:00Z
15491,3100.09,6,1646,516.6816666666667,2011-04-18T10:04:00Z,2011-09-05T15:56:00Z
15492,659.4599999999999,2,483,329.72999999999996,2011-09-26T14:02:00Z,2011-11-11T14:53:00Z
15493,1953.41,5,551,390.682,2011-03-14T11:44:00Z,2011-11-07T12:04:00Z
15494,1280.58,2,1139,640.29,2011-08-10T15:29:00Z,2011-11-18T14:51:00Z
15497,1262.2,2,624,631.1,2011-01-24T10:01:00Z,2011-11-22T11:51:00Z
15498,13316.4,27,6105,493.2,2010-12-08T12:29:00Z,2011-12-07T12:48:00Z
15500,1131.56,4,572,282.89,2011-09-19T13:47:00Z,2011-12-01T13:47:00Z
15502,10384.93,12,4236,865.4108333333334,2010-12-05T15:40:00Z,2011-11-24T12:48:00Z
15503,141.04,1,70,141.04,2010-12-12T10:57:00Z,2010-12-12T10:57:00Z
15504,52.83,1,33,52.83,2011-09-19T13:45:00Z,2011-09-19T13:45:00Z
15505,3610.96,5,2390,722.192,2011-07-07T13:33:00Z,2011-10-18T07:56:00Z
15506,972.08,3,842,324.0266666666667,2011-07-24T11:45:00Z,2011-11-17T12:11:00Z
15507,475.86,1,160,475.86,2011-06-21T11:19:00Z,2011-06-21T11:19:00Z
15508,1000.27,6,440,166.71166666666667,2011-04-18T15:31:00Z,2011-06-03T15:43:00Z
15510,250,1,2,250,2011-01-13T12:10:00Z,2011-01-13T12:10:00Z
15511,900.53,5,269,180.106,2011-09-15T15:05:00Z,2011-11-28T09:43:00Z
15512,121,2,68,60.5,2010-12-15T12:01:00Z,2011-07-07T10:20:00Z
15513,14758.220000000001,19,5709,776.7484210526317,2010-12-01T11:22:00Z,2011-11-06T14:36:00Z
15514,4023.7200000000003,11,2098,365.7927272727273,2010-12-10T13:50:00Z,2011-11-27T14:40:00Z
15516,62.43,3,27,20.81,2011-10-24T11:33:00Z,2011-10-26T10:51:00Z
15517,267.03,1,293,267.03,2011-04-20T14:02:00Z,2011-04-20T14:02:00Z
15518,1921.55,8,1263,240.19375,2011-01-11T12:55:00Z,2011-10-06T13:05:00Z
15520,343.5,1,314,343.5,2011-12-08T10:58:00Z,2011-12-08T10:58:00Z
15521,3000.2,8,1836,375.025,2011-03-30T09:15:00Z,2011-10-30T13:42:00Z
15522,397.99,2,572,198.995,2011-09-13T12:26:00Z,2011-11-07T11:26:00Z
15523,412.01000000000005,1,132,412.01000000000005,2011-09-16T16:29:00Z,2011-09-16T16:29:00Z
15524,440,1,4,440,2011-11-15T12:09:00Z,2011-11-15T12:09:00Z
15525,734.37,3,387,244.79,2010-12-01T13:17:00Z,2011-12-07T14:43:00Z
15526,148.44,2,24,74.22,2011-11-06T15:01:00Z,2011-11-06T15:04:00Z
15527,2428.53,8,991,303.56625,2010-12-20T14:15:00Z,2011-11-21T12:17:00Z
15528,229.33,1,123,229.33,2011-03-30T16:14:00Z,2011-03-30T16:14:00Z
15529,3962.6,11,3455,360.23636363636365,2010-12-08T12:24:00Z,2011-11-17T11:29:00Z
15530,1497.31,4,938,374.3275,2011-04-07T11:16:00Z,2011-11-18T12:25:00Z
15531,1972.39,2,1085,986.195,2011-11-09T17:47:00Z,2011-12-01T18:43:00Z
15532,1564.73,4,515,391.1825,2010-12-16T16:45:00Z,2011-11-14T14:51:00Z
15533,807.5699999999999,3,289,269.19,2011-09-11T15:41:00Z,2011-11-20T15:35:00Z
15535,502.9,4,135,125.725,2011-01-16T12:35:00Z,2011-06-19T16:02:00Z
15537,110.92,1,29,110.92,2011-06-29T13:10:00Z,2011-06-29T13:10:00Z
15539,538.46,1,410,538.46,2011-12-02T13:36:00Z,2011-12-02T13:36:00Z
15540,213.3,1,200,213.3,2011-11-28T13:51:00Z,2011-11-28T13:51:00Z
15541,85.13000000000001,1,49,85.13000000000001,2011-08-17T14:58:00Z,2011-08-17T14:58:00Z
15543,127.86,1,86,127.86,2011-02-24T15:26:00Z,2011-02-24T15:26:00Z
15544,3546.71,9,3109,394.0788888888889,2010-12-02T12:47:00Z,2011-11-30T16:43:00Z
15545,288.97,2,162,144.485,2010-12-03T17:28:00Z,2011-10-16T13:24:00Z
15547,4910.6,14,3999,350.75714285714287,2010-12-12T13:26:00Z,2011-12-02T12:52:00Z
15549,1681.46,3,694,560.4866666666667,2011-01-27T15:38:00Z,2011-09-23T16:22:00Z
15550,575.63,4,295,143.9075,2011-02-11T12:49:00Z,2011-12-05T15:38:00Z
15551,436.06,1,218,436.06,2011-11-03T12:37:00Z,2011-11-03T12:37:00Z
15552,90.12,1,60,90.12,2011-05-06T14:47:00Z,2011-05-06T14:47:00Z
15553,428.93,1,449,428.93,2011-10-10T14:02:00Z,2011-10-10T14:02:00Z
15554,217.2,1,74,217.2,2011-03-07T09:00:00Z,2011-03-07T09:00:00Z
15555,4794.86,16,4427,299.67875,2010-12-05T14:45:00Z,2011-11-27T16:19:00Z
15556,279.77,1,236,279.77,2011-11-15T16:08:00Z,2011-11-15T16:08:00Z
15557,468.91,1,213,468.91,2011-11-11T12:46:00Z,2011-11-11T12:46:00Z
15561,800.59,4,267,200.1475,2011-05-08T11:38:00Z,2011-11-28T11:07:00Z
15562,134.55,1,39,134.55,2010-12-23T09:55:00Z,2010-12-23T09:55:00Z
15563,1400.44,4,1501,350.11,2010-12-16T11:27:00Z,2011-11-17T14:50:00Z
15565,173.16,2,60,86.58,2011-09-30T10:44:00Z,2011-10-20T14:33:00Z
15567,186.01,1,223,186.01,2011-11-21T10:48:00Z,2011-11-21T10:48:00Z
15568,758.29,3,461,252.76333333333332,2011-09-27T14:37:00Z,2011-12-07T11:27:00Z
15569,1375.71,5,666,275.142,2011-01-11T13:26:00Z,2011-08-28T10:15:00Z
15570,4148.82,12,2063,345.73499999999996,2010-12-05T12:57:00Z,2011-12-02T14:47:00Z
15571,650.4300000000001,4,264,162.60750000000002,2011-09-22T13:15:00Z,2011-11-28T10:02:00Z
15572,2533.42,7,1213,361.9171428571429,2011-03-06T14:44:00Z,2011-12-05T10:09:00Z
15573,591.1899999999999,2,355,295.59499999999997,2011-09-15T12:16:00Z,2011-11-08T11:38:00Z
15574,675.64,4,332,168.91,2010-12-02T15:46:00Z,2011-06-15T12:01:00Z
15576,921.37,1,394,921.37,2011-11-02T12:03:00Z,2011-11-02T12:03:00Z
15577,258.88,3,89,86.29333333333334,2011-02-07T13:32:00Z,2011-07-11T17:03:00Z
15578,127.10000000000001,1,52,127.10000000000001,2011-06-30T13:03:00Z,2011-06-30T13:03:00Z
15579,327.6,2,117,163.8,2011-01-30T12:09:00Z,2011-10-02T12:45:00Z
15581,3675.77,13,284,282.7515384615385,2010-12-08T14:38:00Z,2011-08-11T09:38:00Z
15582,682.9100000000001,3,453,227.63666666666668,2011-05-03T13:36:00Z,2011-11-15T09:55:00Z
15584,720.86,4,313,180.215,2011-06-30T16:39:00Z,2011-11-16T10:55:00Z
15585,455.3,1,320,455.3,2011-06-16T08:38:00Z,2011-06-16T08:38:00Z
15587,913.6800000000001,4,312,228.42000000000002,2010-12-23T09:59:00Z,2011-10-20T13:37:00Z
15589,478.53000000000003,3,243,159.51000000000002,2011-02-02T10:46:00Z,2011-03-29T09:54:00Z
15592,388.58,1,354,388.58,2011-10-24T08:59:00Z,2011-10-24T08:59:00Z
15593,199.8,1,60,199.8,2011-09-30T11:46:00Z,2011-09-30T11:46:00Z
15594,1771.78,5,983,354.356,2011-04-19T10:08:00Z,2011-11-24T08:53:00Z
15596,1406.59,5,561,281.318,2010-12-09T16:10:00Z,2011-08-31T10:55:00Z
15597,324.57,1,279,324.57,2011-11-04T13:26:00Z,2011-11-04T13:26:00Z
15598,240.68,1,160,240.68,2011-10-17T16:04:00Z,2011-10-17T16:04:00Z
15599,761.74,2,718,380.87,2011-05-19T13:05:00Z,2011-11-13T11:44:00Z
15601,6776.56,14,4983,484.04,2010-12-02T10:39:00Z,2011-11-28T15:15:00Z
15602,1297.8700000000001,9,1141,144.20777777777778,2010-12-06T15:35:00Z,2011-12-01T14:14:00Z
15603,48.480000000000004,1,96,48.480000000000004,2011-09-22T10:04:00Z,2011-09-22T10:04:00Z
15604,216.39,1,159,216.39,2011-10-18T14:47:00Z,2011-10-18T14:47:00Z
15605,1198.23,5,441,239.64600000000002,2010-12-01T13:38:00Z,2011-11-03T14:17:00Z
15606,2920.16,9,892,324.4622222222222,2011-01-19T12:07:00Z,2011-10-09T15:47:00Z
15607,104.76,1,202,104.76,2011-01-07T12:44:00Z,2011-01-07T12:44:00Z
15608,1093.68,4,714,273.42,2011-08-11T09:56:00Z,2011-11-11T13:20:00Z
15609,298.48,1,148,298.48,2011-06-08T13:00:00Z,2011-06-08T13:00:00Z
15610,112.46000000000001,1,66,112.46000000000001,2011-10-19T10:36:00Z,2011-10-19T10:36:00Z
15611,1591.45,13,504,122.41923076923078,2011-01-09T11:32:00Z,2011-11-30T12:36:00Z
15612,195.15,2,52,97.575,2011-10-09T12:49:00Z,2011-11-03T14:52:00Z
15615,10399.74,23,5508,452.1626086956522,2010-12-15T16:21:00Z,2011-11-29T14:42:00Z
15618,776.851,4,454,194.21275,2011-07-26T10:13:00Z,2011-11-07T08:34:00Z
15619,336.40000000000003,1,136,336.40000000000003,2011-11-29T08:14:00Z,2011-11-29T08:14:00Z
15620,1553.18,3,915,517.7266666666667,2010-12-16T14:34:00Z,2011-10-14T12:41:00Z
15621,1293.03,4,501,323.2575,2011-11-18T11:49:00Z,2011-12-05T14:01:00Z
15622,3709.56,9,1674,412.17333333333335,2011-03-02T13:42:00Z,2011-10-27T16:44:00Z
15623,301.03,1,125,301.03,2011-07-21T17:26:00Z,2011-07-21T17:26:00Z
15624,588.13,4,357,147.0325,2011-03-28T13:32:00Z,2011-08-15T11:38:00Z
15625,1534.26,4,1188,383.565,2011-04-18T14:01:00Z,2011-08-28T10:21:00Z
15626,675.8,2,766,337.9,2011-01-14T10:10:00Z,2011-09-26T10:03:00Z
15628,2870.2400000000002,9,1894,318.91555555555556,2010-12-08T09:51:00Z,2011-12-05T10:24:00Z
15630,1186.35,2,800,593.175,2011-05-19T10:16:00Z,2011-10-25T15:36:00Z
15632,3285.31,8,2109,410.66375,2011-03-10T08:29:00Z,2011-11-24T09:51:00Z
15634,243.55,1,99,243.55,2011-11-22T16:28:00Z,2011-11-22T16:28:00Z
15636,724.76,2,284,362.38,2011-03-02T14:50:00Z,2011-09-11T11:17:00Z
15637,223.36,1,128,223.36,2011-10-18T08:28:00Z,2011-10-18T08:28:00Z
15639,425.32,1,323,425.32,2011-07-28T14:30:00Z,2011-07-28T14:30:00Z
15640,12416.11,15,6572,827.7406666666667,2010-12-02T15:40:00Z,2011-12-05T14:35:00Z
15641,1887.2,4,1562,471.8,2010-12-15T14:45:00Z,2011-08-26T14:04:00Z
15643,664,3,246,221.33333333333334,2011-03-02T14:34:00Z,2011-06-01T07:38:00Z
15644,803.54,4,550,200.885,2011-03-23T15:37:00Z,2011-06-26T14:54:00Z
15645,612.01,1,256,612.01,2011-11-21T11:55:00Z,2011-11-21T11:55:00Z
15646,447.64000000000004,3,394,149.21333333333334,2010-12-02T16:59:00Z,2011-07-05T09:53:00Z
15648,639.5,2,218,319.75,2011-03-17T18:59:00Z,2011-05-19T15:53:00Z
15649,816,2,192,408,2010-12-07T10:06:00Z,2011-01-07T13:34:00Z
15651,646.3,3,479,215.4333333333333,2011-03-24T08:56:00Z,2011-11-03T08:41:00Z
15652,337.74,1,208,337.74,2011-09-09T14:22:00Z,2011-09-09T14:22:00Z
15653,877.4399999999999,2,1200,438.71999999999997,2011-08-16T09:50:00Z,2011-09-08T10:49:00Z
15654,922.5300000000001,2,475,461.26500000000004,2011-11-13T15:15:00Z,2011-11-30T13:08:00Z
15655,560.6700000000001,1,324,560.6700000000001,2011-04-10T15:25:00Z,2011-04-10T15:25:00Z
15656,748.5,4,343,187.125,2011-02-28T15:32:00Z,2011-10-25T14:56:00Z
15657,30,1,24,30,2011-11-17T12:19:00Z,2011-11-17T12:19:00Z
15658,1024.1,5,242,204.82,2010-12-02T10:53:00Z,2011-06-02T15:22:00Z
15659,306.45,1,111,306.45,2011-10-27T09:23:00Z,2011-10-27T09:23:00Z
15660,1600.86,9,1050,177.87333333333333,2010-12-09T09:49:00Z,2011-11-14T16:58:00Z
15661,309.8,2,236,154.9,2011-01-05T12:32:00Z,2011-01-26T13:56:00Z
15663,138.14,1,106,138.14,2011-08-25T15:50:00Z,2011-08-25T15:50:00Z
15664,386.43,1,157,386.43,2011-10-20T10:57:00Z,2011-10-20T10:57:00Z
15665,2222.21,2,1654,1111.105,2011-04-10T15:09:00Z,2011-06-24T14:57:00Z
15667,301.32,1,240,301.32,2011-10-31T10:56:00Z,2011-10-31T10:56:00Z
15668,76.32000000000001,1,72,76.32000000000001,2011-05-06T10:39:00Z,2011-05-06T10:39:00Z
15669,684.34,4,342,171.085,2011-03-21T09:13:00Z,2011-10-30T16:03:00Z
15670,173.05,1,91,173.05,2011-02-16T10:50:00Z,2011-02-16T10:50:00Z
15671,2657.13,7,1699,379.59000000000003,2011-03-14T09:37:00Z,2011-11-21T12:43:00Z
15673,2726.23,4,1451,681.5575,2011-01-16T16:25:00Z,2011-09-12T16:12:00Z
15674,2446.6,5,1275,489.32,2011-03-30T09:19:00Z,2011-09-27T15:17:00Z
15675,323.69,3,527,107.89666666666666,2011-03-04T14:21:00Z,2011-09-19T13:48:00Z
15676,3435.76,3,2252,1145.2533333333333,2011-03-01T10:19:00Z,2011-11-21T12:40:00Z
15677,657.23,1,319,657.23,2011-10-21T15:36:00Z,2011-10-21T15:36:00Z
15678,352.7,1,184,352.7,2011-10-18T09:25:00Z,2011-10-18T09:25:00Z
15679,781.28,4,1170,195.32,2011-06-10T08:24:00Z,2011-11-15T16:19:00Z
15680,1333.68,3,952,444.56,2010-12-08T14:43:00Z,2011-11-30T13:46:00Z
15681,1426.16,5,816,285.232,2011-03-04T13:46:00Z,2011-11-14T16:30:00Z
15683,193.75,1,131,193.75,2011-08-14T12:56:00Z,2011-08-14T12:56:00Z
15687,2993.1,9,1310,332.56666666666666,2011-01-13T15:13:00Z,2011-12-01T08:33:00Z
15689,254.1,2,84,127.05,2010-12-13T09:57:00Z,2011-08-12T09:37:00Z
15690,239.76,2,408,119.88,2011-08-31T11:40:00Z,2011-12-05T15:59:00Z
15691,136.8,1,72,136.8,2011-04-01T15:13:00Z,2011-04-01T15:13:00Z
15692,191.04,1,138,191.04,2011-11-11T14:12:00Z,2011-11-11T14:12:00Z
15694,6479.4,14,1677,462.8142857142857,2010-12-02T07:49:00Z,2011-12-09T09:44:00Z
15695,409.98,2,212,204.99,2011-03-18T08:31:00Z,2011-03-18T08:32:00Z
15696,2711.11,8,1015,338.88875,2011-01-17T11:24:00Z,2011-11-06T14:02:00Z
15699,309.65,1,113,309.65,2011-11-22T08:26:00Z,2011-11-22T08:26:00Z
15700,696.68,2,357,348.34,2011-06-19T15:36:00Z,2011-06-20T16:53:00Z
15701,1529,4,912,382.25,2011-08-21T12:36:00Z,2011-12-07T14:39:00Z
15703,211.5,1,66,211.5,2011-03-20T10:51:00Z,2011-03-20T10:51:00Z
15704,2293.62,4,1028,573.405,2011-05-08T12:42:00Z,2011-07-22T13:35:00Z
15705,143.1,1,62,143.1,2011-05-22T15:37:00Z,2011-05-22T15:37:00Z
15706,1060.56,4,321,265.14,2011-08-15T14:32:00Z,2011-10-07T10:09:00Z
15707,916.98,4,594,229.245,2011-09-14T14:19:00Z,2011-11-04T14:35:00Z
15708,3235.25,7,1217,462.17857142857144,2010-12-05T11:12:00Z,2011-10-30T10:54:00Z
15709,133.25,1,121,133.25,2011-03-01T10:38:00Z,2011-03-01T10:38:00Z
15712,1072.3600000000001,5,486,214.47200000000004,2011-02-25T11:32:00Z,2011-11-30T14:09:00Z
15713,356.7,2,150,178.35,2010-12-08T15:16:00Z,2011-07-19T13:34:00Z
15714,330.03000000000003,2,186,165.01500000000001,2011-09-23T11:25:00Z,2011-11-28T11:26:00Z
15716,1101.11,4,738,275.2775,2010-12-05T12:26:00Z,2011-07-17T11:59:00Z
15717,150.3,1,70,150.3,2011-04-19T13:21:00Z,2011-04-19T13:21:00Z
15719,5030.07,13,2718,386.92846153846153,2011-01-06T12:31:00Z,2011-11-07T12:29:00Z
15720,598.73,1,281,598.73,2011-11-15T14:48:00Z,2011-11-15T14:48:00Z
15721,471.40000000000003,1,388,471.40000000000003,2011-11-28T12:14:00Z,2011-11-28T12:14:00Z
15722,2211.21,5,1023,442.242,2011-02-22T12:24:00Z,2011-11-04T11:43:00Z
15723,190.70000000000002,1,73,190.70000000000002,2010-12-10T11:12:00Z,2010-12-10T11:12:00Z
15724,218.25,2,73,109.125,2011-02-28T10:40:00Z,2011-05-22T14:40:00Z
15725,415.25,1,221,415.25,2011-11-24T14:51:00Z,2011-11-24T14:51:00Z
15727,5159.06,7,3063,737.0085714285715,2010-12-15T15:47:00Z,2011-11-23T12:36:00Z
15729,85,1,28,85,2011-05-11T12:36:00Z,2011-05-11T12:36:00Z
15730,1120.88,3,689,373.6266666666667,2011-05-17T12:43:00Z,2011-10-05T12:31:00Z
15732,294.12,2,215,147.06,2010-12-02T15:00:00Z,2011-05-11T14:24:00Z
15733,162.3,1,62,162.3,2011-03-02T09:05:00Z,2011-03-02T09:05:00Z
15734,1339.45,2,346,669.725,2011-05-23T14:59:00Z,2011-08-17T10:50:00Z
15737,1188.1200000000001,8,597,148.51500000000001,2011-04-11T10:01:00Z,2011-11-25T11:21:00Z
15738,4812.42,16,2982,300.77625,2010-12-02T12:50:00Z,2011-11-21T08:26:00Z
15739,449.12,1,472,449.12,2011-10-04T13:42:00Z,2011-10-04T13:42:00Z
15740,154.88,1,152,154.88,2011-10-21T14:29:00Z,2011-10-21T14:29:00Z
15743,775.96,4,214,193.99,2011-06-08T10:14:00Z,2011-11-23T17:19:00Z
15744,34.8,1,120,34.8,2011-09-23T09:52:00Z,2011-09-23T09:52:00Z
15745,1094.59,4,421,273.6475,2011-04-17T13:04:00Z,2011-11-20T13:45:00Z
15746,196.88,1,178,196.88,2011-07-28T15:21:00Z,2011-07-28T15:21:00Z
15747,946.64,3,466,315.5466666666667,2011-06-20T11:30:00Z,2011-11-27T12:26:00Z
15748,144.36,1,50,144.36,2011-10-30T12:51:00Z,2011-10-30T12:51:00Z
15749,44534.3,3,18028,14844.766666666668,2011-01-11T12:55:00Z,2011-04-18T13:20:00Z
15750,2463.05,8,1783,307.88125,2010-12-08T10:36:00Z,2011-12-07T12:34:00Z
15752,2626.6,7,1960,375.2285714285714,2010-12-02T09:43:00Z,2011-10-31T11:37:00Z
15753,79.2,1,144,79.2,2011-02-08T12:41:00Z,2011-02-08T12:41:00Z
15754,458.57,3,199,152.85666666666665,2011-04-07T12:24:00Z,2011-10-19T14:40:00Z
15755,2364.25,6,1427,394.0416666666667,2011-02-18T11:53:00Z,2011-11-29T14:57:00Z
15756,528.01,4,241,132.0025,2011-04-04T14:00:00Z,2011-10-09T13:30:00Z
15757,714.42,2,491,357.21,2011-05-06T11:40:00Z,2011-10-05T12:14:00Z
15758,205.25,1,47,205.25,2011-11-15T10:48:00Z,2011-11-15T10:48:00Z
15759,253.04,3,60,84.34666666666666,2010-12-16T15:29:00Z,2011-05-05T15:13:00Z
15762,583.75,2,251,291.875,2011-09-23T15:17:00Z,2011-10-05T16:15:00Z
15763,1086.92,2,271,543.46,2011-09-23T12:10:00Z,2011-11-08T09:44:00Z
15764,3279.97,6,2050,546.6616666666666,2011-03-08T09:23:00Z,2011-09-12T17:58:00Z
15766,315.06,1,170,315.06,2011-10-06T17:03:00Z,2011-10-06T17:03:00Z
15768,621.83,3,244,207.27666666666667,2011-04-28T09:20:00Z,2011-08-16T10:48:00Z
15769,56252.72,26,29672,2163.566153846154,2010-12-03T15:16:00Z,2011-12-02T13:52:00Z
15773,635.6800000000001,1,311,635.6800000000001,2011-12-04T12:48:00Z,2011-12-04T12:48:00Z
15774,270.8,1,87,270.8,2011-10-02T12:04:00Z,2011-10-02T12:04:00Z
15775,104.9,1,68,104.9,2011-04-08T12:56:00Z,2011-04-08T12:56:00Z
15776,241.62,1,138,241.62,2011-07-29T13:46:00Z,2011-07-29T13:46:00Z
15777,1047.11,4,378,261.7775,2010-12-13T16:38:00Z,2011-04-12T16:43:00Z
15780,475.28000000000003,3,220,158.42666666666668,2010-12-17T11:43:00Z,2011-06-09T12:01:00Z
15781,345.46,3,180,115.15333333333332,2011-02-07T09:15:00Z,2011-11-14T14:57:00Z
15782,2614.7400000000002,3,864,871.58,2011-09-11T14:29:00Z,2011-11-30T10:49:00Z
15783,246.3,1,212,246.3,2011-11-29T09:50:00Z,2011-11-29T09:50:00Z
15785,2328.97,5,1612,465.794,2011-02-17T14:17:00Z,2011-11-07T11:33:00Z
15786,4919,3,3340,1639.6666666666667,2011-08-17T13:33:00Z,2011-10-24T14:13:00Z
15787,933.26,3,534,311.08666666666664,2011-10-09T13:11:00Z,2011-11-13T14:55:00Z
15789,351.3,1,438,351.3,2010-12-16T14:35:00Z,2010-12-16T14:35:00Z
15790,218.75,1,113,218.75,2011-11-29T14:53:00Z,2011-11-29T14:53:00Z
15791,1612.69,2,731,806.345,2011-05-19T15:15:00Z,2011-10-27T10:14:00Z
15793,965.61,3,553,321.87,2011-03-16T10:45:00Z,2011-11-25T09:31:00Z
15795,610.01,1,581,610.01,2011-07-13T10:43:00Z,2011-07-13T10:43:00Z
15796,2708.61,8,860,338.57625,2011-02-10T15:40:00Z,2011-12-08T19:55:00Z
15797,2207.4,4,873,551.85,2011-01-24T15:47:00Z,2011-08-18T17:04:00Z
15799,884.14,3,955,294.7133333333333,2011-01-09T15:13:00Z,2011-09-25T12:46:00Z
15800,696.89,2,332,348.445,2011-04-07T12:39:00Z,2011-08-24T14:23:00Z
15801,1063.95,3,570,354.65000000000003,2011-08-22T09:53:00Z,2011-10-24T13:52:00Z
15802,451.42,1,1,451.42,2011-07-20T11:38:00Z,2011-07-20T11:38:00Z
15803,415.82,1,290,415.82,2011-10-19T14:56:00Z,2011-10-19T14:56:00Z
15804,4206.39,13,2567,323.5684615384616,2011-05-25T10:12:00Z,2011-12-09T12:31:00Z
15805,5488.18,17,3367,322.83411764705886,2010-12-10T09:33:00Z,2011-11-16T16:32:00Z
15806,784.58,3,602,261.5266666666667,2011-03-08T09:24:00Z,2011-10-24T14:35:00Z
15807,903.9,3,430,301.3,2011-09-23T14:43:00Z,2011-10-20T14:10:00Z
15808,3651.27,4,1305,912.8175,2010-12-05T13:05:00Z,2011-02-06T14:33:00Z
15809,515.77,5,301,103.154,2011-02-10T11:16:00Z,2011-11-03T16:40:00Z
15810,1391.98,4,861,347.995,2011-02-16T09:11:00Z,2011-09-22T09:38:00Z
15811,2218.62,6,1071,369.77,2010-12-09T15:29:00Z,2011-11-17T15:31:00Z
15812,1801.14,5,922,360.228,2011-01-26T12:12:00Z,2011-08-24T14:19:00Z
15813,1303.91,2,603,651.955,2011-04-14T09:09:00Z,2011-05-16T08:13:00Z
15814,1945.33,4,1271,486.3325,2011-10-20T09:04:00Z,2011-11-23T08:17:00Z
15815,2100.6,5,1856,420.12,2011-03-25T08:43:00Z,2011-10-07T12:42:00Z
15819,1905.45,4,1357,476.3625,2011-03-08T09:45:00Z,2011-10-21T14:50:00Z
15820,206.98,1,128,206.98,2011-01-24T12:00:00Z,2011-01-24T12:00:00Z
15821,570.96,2,202,285.48,2011-10-09T13:28:00Z,2011-10-26T15:48:00Z
15822,885.47,2,375,442.735,2010-12-15T13:38:00Z,2011-12-06T14:50:00Z
15823,15,1,1,15,2010-12-02T15:08:00Z,2010-12-02T15:08:00Z
15825,532.94,1,220,532.94,2011-06-20T13:27:00Z,2011-06-20T13:27:00Z
15826,1654.31,3,963,551.4366666666666,2011-05-13T10:44:00Z,2011-10-14T16:05:00Z
15827,1836.0900000000001,14,882,131.14928571428572,2010-12-02T13:06:00Z,2011-09-27T15:35:00Z
15829,636.14,2,996,318.07,2011-07-22T10:23:00Z,2011-09-01T16:45:00Z
15830,576,1,415,576,2011-11-02T10:40:00Z,2011-11-02T10:40:00Z
15831,794.64,3,1092,264.88,2011-01-19T14:52:00Z,2011-10-12T13:14:00Z
15832,836.79,1,465,836.79,2011-03-30T15:29:00Z,2011-03-30T15:29:00Z
15834,2225.15,4,961,556.2875,2011-03-07T17:52:00Z,2011-09-30T14:41:00Z
15835,954.09,4,439,238.5225,2011-01-13T10:35:00Z,2011-10-26T15:47:00Z
15836,137.37,1,26,137.37,2011-10-20T17:13:00Z,2011-10-20T17:13:00Z
15837,391.98,1,189,391.98,2011-10-06T09:01:00Z,2011-10-06T09:01:00Z
15838,33643.08,19,18368,1770.6884210526316,2010-12-07T11:26:00Z,2011-11-28T14:00:00Z
15839,1048.49,3,675,349.49666666666667,2011-07-14T16:35:00Z,2011-11-06T13:54:00Z
15840,355.56,2,396,177.78,2011-06-20T11:42:00Z,2011-10-12T09:08:00Z
15841,1224.06,4,942,306.015,2011-01-05T11:25:00Z,2011-09-28T12:15:00Z
15843,118.95000000000002,1,27,118.95000000000002,2011-02-09T10:19:00Z,2011-02-09T10:19:00Z
15844,130.73999999999998,1,134,130.73999999999998,2011-10-24T15:19:00Z,2011-10-24T15:19:00Z
15845,3711.77,8,1926,463.97125,2011-01-06T17:19:00Z,2011-11-22T09:42:00Z
15847,389.27,2,449,194.635,2011-02-24T16:46:00Z,2011-11-01T14:41:00Z
15850,234.88,2,298,117.44,2011-06-24T14:16:00Z,2011-11-20T14:14:00Z
15852,160.71,2,48,80.355,2011-05-26T13:26:00Z,2011-06-06T11:22:00Z
15853,110.8,1,135,110.8,2011-10-19T10:38:00Z,2011-10-19T10:38:00Z
15854,2969.1200000000003,12,926,247.4266666666667,2010-12-13T11:47:00Z,2011-12-05T13:39:00Z
15855,712.24,5,470,142.448,2011-03-21T12:32:00Z,2011-07-26T10:20:00Z
15856,16143.64,27,10866,597.9125925925925,2010-12-09T13:34:00Z,2011-12-05T17:09:00Z
15857,297,1,308,297,2011-11-21T12:18:00Z,2011-11-21T12:18:00Z
15858,1427.57,5,1163,285.514,2010-12-07T14:31:00Z,2011-11-24T12:48:00Z
15860,965.16,8,437,120.645,2010-12-06T11:38:00Z,2011-10-30T11:25:00Z
15861,3146.92,8,2528,393.365,2011-03-17T20:12:00Z,2011-11-27T15:59:00Z
15862,832.88,4,585,208.22,2010-12-01T11:21:00Z,2011-12-01T13:28:00Z
15863,68.84,2,19,34.42,2011-05-31T11:36:00Z,2011-11-14T12:49:00Z
15864,1936.3200000000002,6,1192,322.72,2011-01-27T16:43:00Z,2011-11-17T13:32:00Z
15865,895.13,3,368,298.37666666666667,2011-05-10T11:44:00Z,2011-10-30T12:43:00Z
15866,211.89,1,124,211.89,2011-08-30T14:09:00Z,2011-08-30T14:09:00Z
15867,3810.14,15,2052,254.00933333333333,2010-12-05T14:17:00Z,2011-12-04T13:32:00Z
15869,149.64,2,175,74.82,2011-03-07T17:19:00Z,2011-03-07T17:23:00Z
15870,351.44,1,333,351.44,2011-11-07T10:58:00Z,2011-11-07T10:58:00Z
15872,316.25,2,187,158.125,2011-11-25T11:54:00Z,2011-11-25T11:55:00Z
15874,4405.88,7,2534,629.4114285714286,2011-02-28T13:28:00Z,2011-10-07T12:31:00Z
15877,490.33,2,368,245.165,2011-11-22T11:18:00Z,2011-12-08T11:53:00Z
15880,329.03,1,202,329.03,2010-12-05T13:00:00Z,2010-12-05T13:00:00Z
15881,501.39000000000004,5,260,100.278,2010-12-10T13:32:00Z,2011-01-31T16:59:00Z
15882,516.36,4,276,129.09,2010-12-06T13:01:00Z,2011-05-25T11:35:00Z
15883,396.48,2,223,198.24,2011-11-06T14:50:00Z,2011-12-07T17:05:00Z
15885,379.35,3,111,126.45,2011-02-03T15:28:00Z,2011-09-08T10:43:00Z
15886,181.09,1,147,181.09,2011-10-10T14:25:00Z,2011-10-10T14:25:00Z
15888,168.31,1,76,168.31,2011-09-20T12:30:00Z,2011-09-20T12:30:00Z
15889,420.07,2,206,210.035,2010-12-05T15:12:00Z,2011-07-06T11:10:00Z
15891,511.68,1,418,511.68,2011-04-27T12:35:00Z,2011-04-27T12:35:00Z
15894,258.25,2,164,129.125,2010-12-05T14:06:00Z,2011-03-31T13:50:00Z
15895,179.17,1,94,179.17,2011-07-13T10:27:00Z,2011-07-13T10:27:00Z
15897,208.59,2,223,104.295,2011-05-29T13:32:00Z,2011-05-29T13:50:00Z
15898,1383.83,5,567,276.76599999999996,2010-12-06T11:01:00Z,2011-12-08T15:23:00Z
15899,56.25,1,39,56.25,2010-12-06T10:36:00Z,2010-12-06T10:36:00Z
15900,337.28,1,216,337.28,2011-11-16T12:19:00Z,2011-11-16T12:19:00Z
15901,351.73,3,379,117.24333333333334,2011-07-08T12:18:00Z,2011-11-23T12:43:00Z
15903,5126.76,7,2410,732.3942857142857,2011-02-17T14:04:00Z,2011-11-30T08:08:00Z
15904,164.68,1,84,164.68,2011-12-01T14:50:00Z,2011-12-01T14:50:00Z
15906,1567.69,7,544,223.9557142857143,2011-03-29T13:28:00Z,2011-11-20T12:24:00Z
15907,882.72,3,478,294.24,2011-05-13T13:01:00Z,2011-12-06T12:21:00Z
15909,191.93999999999997,1,98,191.93999999999997,2011-06-19T10:38:00Z,2011-06-19T10:38:00Z
15910,1228.88,8,1013,153.61,2011-01-27T11:55:00Z,2011-12-09T10:51:00Z
15912,264.62,2,185,132.31,2011-04-20T17:10:00Z,2011-06-14T14:29:00Z
15916,1502.8600000000001,8,752,187.85750000000002,2010-12-08T13:07:00Z,2011-11-23T13:46:00Z
15917,123.1,1,42,123.1,2011-04-06T10:40:00Z,2011-04-06T10:40:00Z
15918,334.23,2,153,167.115,2011-03-13T15:55:00Z,2011-06-02T11:42:00Z
15919,525.69,2,385,262.845,2010-12-06T11:26:00Z,2011-11-20T11:28:00Z
15920,167.5,4,99,41.875,2011-07-08T15:16:00Z,2011-07-08T15:31:00Z
15921,323.03000000000003,1,162,323.03000000000003,2011-06-20T11:03:00Z,2011-06-20T11:03:00Z
15922,369.5,1,138,369.5,2010-12-01T13:51:00Z,2010-12-01T13:51:00Z
15923,127.08,1,122,127.08,2010-12-02T12:16:00Z,2010-12-02T12:16:00Z
15925,207.15,1,93,207.15,2011-05-29T15:35:00Z,2011-05-29T15:35:00Z
15930,426.63,1,139,426.63,2011-10-03T14:52:00Z,2011-10-03T14:52:00Z
15932,2495.87,8,2325,311.98375,2011-02-23T14:50:00Z,2011-12-05T17:13:00Z
15933,1107.46,3,885,369.15333333333336,2011-09-14T12:05:00Z,2011-11-18T13:14:00Z
15935,416.86,2,115,208.43,2011-04-12T09:35:00Z,2011-04-14T13:27:00Z
15937,145.35,1,73,145.35,2011-10-06T15:48:00Z,2011-10-06T15:48:00Z
15938,404.58,5,240,80.916,2011-01-20T10:11:00Z,2011-08-19T12:56:00Z
15939,6115.01,15,4728,407.6673333333334,2011-01-12T12:43:00Z,2011-09-11T11:30:00Z
15940,35.8,1,4,35.8,2011-02-01T16:18:00Z,2011-02-01T16:18:00Z
15942,337.44,1,232,337.44,2011-07-29T09:01:00Z,2011-07-29T09:01:00Z
15944,325.1,1,50,325.1,2011-03-08T10:33:00Z,2011-03-08T10:33:00Z
15945,181,1,52,181,2010-12-09T13:14:00Z,2010-12-09T13:14:00Z
15947,1708.24,1,898,1708.24,2011-09-18T10:46:00Z,2011-09-18T10:46:00Z
15948,955.24,2,567,477.62,2011-10-27T08:35:00Z,2011-12-01T15:32:00Z
15949,364.72,2,284,182.36,2011-09-29T17:34:00Z,2011-11-23T09:09:00Z
15950,1744.71,4,719,436.1775,2010-12-15T11:56:00Z,2011-11-08T11:09:00Z
15951,708.22,2,313,354.11,2011-02-27T11:57:00Z,2011-12-01T08:34:00Z
15952,781.91,4,391,195.4775,2011-04-28T12:55:00Z,2011-11-06T11:18:00Z
15953,1657.28,8,891,207.16,2010-12-05T15:15:00Z,2011-11-24T15:32:00Z
15955,4416.26,14,2135,315.44714285714286,2010-12-02T11:22:00Z,2011-11-15T14:15:00Z
15957,428.89,1,211,428.89,2011-11-08T12:14:00Z,2011-11-08T12:14:00Z
15958,104.35000000000001,1,33,104.35000000000001,2011-09-26T13:41:00Z,2011-09-26T13:41:00Z
15963,470.76,2,298,235.38,2011-10-25T13:05:00Z,2011-11-20T11:33:00Z
15965,808.87,4,434,202.2175,2010-12-07T13:18:00Z,2011-11-22T16:44:00Z
15967,397.68,2,205,198.84,2011-01-25T11:57:00Z,2011-11-16T15:41:00Z
15969,666.1,3,124,222.03333333333333,2011-06-07T12:19:00Z,2011-12-07T11:06:00Z
15970,314.1,1,116,314.1,2011-02-09T12:08:00Z,2011-02-09T12:08:00Z
15971,4199.85,12,1717,349.9875,2011-02-01T16:47:00Z,2011-11-22T12:50:00Z
15973,307.82,1,106,307.82,2010-12-08T11:42:00Z,2010-12-08T11:42:00Z
15974,3442.15,7,2262,491.7357142857143,2011-02-24T10:10:00Z,2011-10-31T13:13:00Z
15975,371.01,1,243,371.01,2011-09-16T13:33:00Z,2011-09-16T13:33:00Z
15976,427.64,2,275,213.82,2011-05-03T17:12:00Z,2011-06-27T13:00:00Z
15977,1054.73,2,1016,527.365,2011-10-31T16:24:00Z,2011-11-22T13:29:00Z
15978,1098.78,1,888,1098.78,2011-09-23T15:21:00Z,2011-09-23T15:21:00Z
15980,2398.86,3,1560,799.62,2011-03-30T15:05:00Z,2011-09-12T09:41:00Z
15981,3408.48,8,1866,426.06,2011-02-01T13:50:00Z,2011-11-15T08:00:00Z
15983,1465.12,4,886,366.28,2010-12-01T12:15:00Z,2011-11-17T17:34:00Z
15984,2780.63,10,1815,278.063,2010-12-06T13:21:00Z,2011-12-07T12:16:00Z
15985,1142.42,2,1086,571.21,2011-04-17T11:04:00Z,2011-08-08T16:31:00Z
15986,168.12,1,268,168.12,2011-11-09T15:17:00Z,2011-11-09T15:17:00Z
15987,1432.77,7,1533,204.68142857142857,2010-12-06T08:34:00Z,2011-11-27T15:38:00Z
15988,156.78,1,180,156.78,2011-11-20T13:23:00Z,2011-11-20T13:23:00Z
15990,792.11,2,443,396.055,2011-02-25T15:35:00Z,2011-10-26T15:58:00Z
15992,41.989999999999995,1,17,41.989999999999995,2011-12-06T11:00:00Z,2011-12-06T11:00:00Z
15993,2777.67,7,2037,396.81,2011-10-26T16:21:00Z,2011-12-01T10:45:00Z
15994,414.27,1,173,414.27,2011-10-16T12:28:00Z,2011-10-16T12:28:00Z
15996,1032.58,6,380,172.09666666666666,2010-12-08T15:59:00Z,2011-09-12T15:14:00Z
15998,3080.22,5,2032,616.044,2010-12-12T13:32:00Z,2011-11-03T12:45:00Z
16000,12393.7,3,5110,4131.233333333334,2011-12-07T12:14:00Z,2011-12-07T12:17:00Z
16003,2735.37,5,1185,547.074,2010-12-15T12:09:00Z,2011-11-10T09:57:00Z
16005,578.71,4,280,144.6775,2011-03-14T11:46:00Z,2011-11-27T13:47:00Z
16006,101.4,1,84,101.4,2011-05-12T13:12:00Z,2011-05-12T13:12:00Z
16007,1693.81,4,1388,423.4525,2011-05-08T13:32:00Z,2011-10-23T11:05:00Z
16008,478.78,3,323,159.59333333333333,2011-05-19T10:54:00Z,2011-11-16T10:32:00Z
16009,972.11,4,366,243.0275,2011-07-03T11:26:00Z,2011-11-17T16:51:00Z
16010,392.4,3,202,130.79999999999998,2010-12-12T12:18:00Z,2011-04-08T10:14:00Z
16011,3352.96,16,2035,209.56,2010-12-08T16:34:00Z,2011-12-01T16:31:00Z
16012,1415.29,3,799,471.7633333333333,2011-07-07T18:02:00Z,2011-11-04T13:25:00Z
16013,37130.6,47,15536,790.0127659574467,2010-12-03T13:09:00Z,2011-12-06T10:36:00Z
16014,646.83,3,258,215.61,2011-02-21T17:42:00Z,2011-11-02T12:04:00Z
16015,704.55,3,907,234.85,2011-10-21T12:56:00Z,2011-12-06T10:58:00Z
16016,1465.51,8,602,183.18875,2010-12-08T12:36:00Z,2011-12-06T14:35:00Z
16017,211.88,1,102,211.88,2011-10-23T12:56:00Z,2011-10-23T12:56:00Z
16018,408.9,2,190,204.45,2011-06-12T13:52:00Z,2011-10-31T14:13:00Z
16019,3786.2400000000002,9,1733,420.6933333333334,2010-12-10T12:29:00Z,2011-10-24T11:51:00Z
16020,851.01,3,487,283.67,2011-10-05T13:54:00Z,2011-11-23T11:18:00Z
16022,602.63,1,255,602.63,2011-03-24T13:16:00Z,2011-03-24T13:16:00Z
16023,719.81,3,358,239.93666666666664,2011-03-18T13:32:00Z,2011-10-24T16:34:00Z
16024,251.03,1,397,251.03,2011-11-27T13:26:00Z,2011-11-27T13:26:00Z
16025,439.65999999999997,1,338,439.65999999999997,2011-11-10T11:45:00Z,2011-11-10T11:45:00Z
16026,236.09,1,243,236.09,2011-10-27T13:53:00Z,2011-10-27T13:53:00Z
16027,934.62,6,1147,155.77,2011-02-10T12:19:00Z,2011-09-09T10:47:00Z
16029,80850.84,63,40108,1283.3466666666666,2010-12-01T09:57:00Z,2011-11-01T10:27:00Z
16030,331.24,1,283,331.24,2011-02-03T11:28:00Z,2011-02-03T11:28:00Z
16031,547.9,2,421,273.95,2011-04-06T14:23:00Z,2011-09-08T13:07:00Z
16033,8778.82,20,3529,438.941,2010-12-05T10:36:00Z,2011-12-04T12:44:00Z
16034,437.7,3,242,145.9,2011-01-11T11:54:00Z,2011-05-27T16:17:00Z
16036,758.92,2,716,379.46,2011-03-21T13:01:00Z,2011-09-13T14:53:00Z
16037,855.02,3,428,285.00666666666666,2010-12-16T10:18:00Z,2011-03-15T09:13:00Z
16038,471.78000000000003,3,244,157.26000000000002,2011-05-22T11:29:00Z,2011-12-02T12:40:00Z
16040,1313.55,3,684,437.84999999999997,2011-03-16T09:58:00Z,2011-10-05T13:47:00Z
16041,3166.4,3,1584,1055.4666666666667,2011-07-21T16:27:00Z,2011-11-09T12:25:00Z
16042,1177.47,5,743,235.494,2011-01-11T13:25:00Z,2011-11-17T17:50:00Z
16043,773.99,4,503,193.4975,2011-01-26T11:14:00Z,2011-11-02T12:50:00Z
16045,1340.7,4,897,335.175,2011-02-22T14:55:00Z,2011-08-12T12:41:00Z
16048,256.44,2,144,128.22,2010-12-01T15:27:00Z,2010-12-01T15:28:00Z
16049,1074.81,3,763,358.27,2011-09-25T14:33:00Z,2011-10-30T13:19:00Z
16050,137.9,1,278,137.9,2011-06-19T11:44:00Z,2011-06-19T11:44:00Z
16052,362.06,1,282,362.06,2011-10-16T15:13:00Z,2011-10-16T15:13:00Z
16053,1511.95,2,1793,755.975,2011-08-09T14:57:00Z,2011-11-07T11:21:00Z
16054,783.9,1,380,783.9,2011-07-17T13:08:00Z,2011-07-17T13:08:00Z
16055,134.8,1,22,134.8,2011-05-03T09:26:00Z,2011-05-03T09:26:00Z
16056,650.75,1,345,650.75,2011-10-25T15:19:00Z,2011-10-25T15:19:00Z
16057,2263.12,7,863,323.30285714285714,2011-02-28T10:35:00Z,2011-11-23T15:23:00Z
16059,1453.16,6,641,242.19333333333336,2010-12-07T10:36:00Z,2011-10-05T09:56:00Z
16062,1153.62,4,800,288.405,2010-12-10T12:00:00Z,2011-11-30T12:15:00Z
16063,335.32,1,262,335.32,2011-03-24T14:55:00Z,2011-03-24T14:56:00Z
16065,367.14,1,228,367.14,2010-12-09T13:03:00Z,2010-12-09T13:03:00Z
16066,1521.04,5,935,304.20799999999997,2011-08-07T14:33:00Z,2011-11-23T11:54:00Z
16070,852.15,2,457,426.075,2011-11-07T16:36:00Z,2011-11-17T15:50:00Z
16071,326.24,1,180,326.24,2011-10-26T11:14:00Z,2011-10-26T11:14:00Z
16072,584.32,1,140,584.32,2011-02-24T14:32:00Z,2011-02-24T14:32:00Z
16073,122.39999999999999,1,48,122.39999999999999,2011-02-15T15:41:00Z,2011-02-15T15:41:00Z
16076,2234.73,10,1435,223.473,2011-05-15T12:31:00Z,2011-12-06T14:59:00Z
16078,79.2,1,16,79.2,2011-03-01T09:47:00Z,2011-03-01T09:47:00Z
16079,1352,3,864,450.6666666666667,2011-10-30T13:06:00Z,2011-11-23T12:48:00Z
16080,217.16,2,128,108.58,2011-03-10T14:44:00Z,2011-09-19T10:42:00Z
16081,2799.42,5,1473,559.884,2010-12-08T11:16:00Z,2011-10-14T13:06:00Z
16083,1317.62,2,908,658.81,2010-12-14T11:51:00Z,2011-08-31T10:47:00Z
16084,436.18,1,216,436.18,2011-02-13T16:05:00Z,2011-02-13T16:05:00Z
16085,981.51,5,636,196.302,2011-01-23T12:07:00Z,2011-11-16T13:24:00Z
16086,1121.39,5,511,224.27800000000002,2010-12-07T13:45:00Z,2011-10-11T13:09:00Z
16091,315.06,2,154,157.53,2011-05-25T09:18:00Z,2011-07-08T08:45:00Z
16092,817.86,3,628,272.62,2011-03-30T15:38:00Z,2011-08-17T10:46:00Z
16093,17,1,20,17,2011-08-25T11:09:00Z,2011-08-25T11:09:00Z
16094,1078.23,4,647,269.5575,2011-05-04T13:57:00Z,2011-11-28T12:45:00Z
16096,320.62,1,155,320.62,2011-03-20T13:38:00Z,2011-03-20T13:38:00Z
16097,185.04999999999998,1,87,185.04999999999998,2011-04-13T13:47:00Z,2011-04-13T13:47:00Z
16098,2005.63,7,613,286.5185714285714,2010-12-01T09:45:00Z,2011-09-13T09:59:00Z
16099,731.9,3,434,243.96666666666667,2011-04-28T08:34:00Z,2011-10-20T13:13:00Z
16101,1290.7,1,757,1290.7,2011-09-30T10:18:00Z,2011-09-30T10:18:00Z
16102,1842.14,3,942,614.0466666666667,2011-08-03T12:50:00Z,2011-10-28T13:19:00Z
16103,1429.64,6,558,238.27333333333334,2011-04-20T12:28:00Z,2011-12-02T14:16:00Z
16104,298.21,1,122,298.21,2011-10-09T10:23:00Z,2011-10-09T10:23:00Z
16105,336.96,1,330,336.96,2011-04-05T10:13:00Z,2011-04-05T10:13:00Z
16106,108.38,1,74,108.38,2011-10-05T10:37:00Z,2011-10-05T10:37:00Z
16107,3204.1600000000003,7,1176,457.7371428571429,2011-06-09T18:42:00Z,2011-11-22T09:40:00Z
16108,842.5,1,615,842.5,2011-09-16T11:48:00Z,2011-09-16T11:48:00Z
16109,611.88,2,612,305.94,2011-02-04T12:37:00Z,2011-05-05T09:17:00Z
16110,1320.95,3,720,440.31666666666666,2011-02-01T14:01:00Z,2011-10-25T14:35:00Z
16112,195.74,4,574,48.935,2011-01-05T11:47:00Z,2011-07-19T14:28:00Z
16113,161.38,1,176,161.38,2011-06-09T16:16:00Z,2011-06-09T16:16:00Z
16114,135.75000000000003,1,43,135.75000000000003,2011-06-22T10:13:00Z,2011-06-22T10:13:00Z
16115,1660.8799999999999,8,994,207.60999999999999,2011-02-20T12:14:00Z,2011-11-30T11:32:00Z
16116,612.78,1,248,612.78,2011-05-12T12:01:00Z,2011-05-12T12:01:00Z
16117,232.21,1,130,232.21,2011-06-03T11:42:00Z,2011-06-03T11:42:00Z
16119,423.36,2,240,211.68,2011-09-28T10:15:00Z,2011-12-01T15:11:00Z
16120,1309.14,4,878,327.285,2011-10-11T14:10:00Z,2011-10-11T14:22:00Z
16121,854.66,2,576,427.33,2011-05-08T11:52:00Z,2011-10-13T12:59:00Z
16122,684.4200000000001,4,1128,171.10500000000002,2010-12-08T11:41:00Z,2011-09-27T15:34:00Z
16123,307.78,1,170,307.78,2011-10-19T09:18:00Z,2011-10-19T09:18:00Z
16124,249,1,48,249,2011-01-26T14:45:00Z,2011-01-26T14:45:00Z
16125,289.35,1,124,289.35,2010-12-07T15:48:00Z,2010-12-07T15:48:00Z
16126,6287.77,4,2125,1571.9425,2011-02-16T11:18:00Z,2011-11-10T16:03:00Z
16127,656.25,1,323,656.25,2011-10-31T13:58:00Z,2011-10-31T13:58:00Z
16128,1880.22,5,988,376.044,2011-03-02T12:21:00Z,2011-11-22T11:14:00Z
16131,3506.54,6,1802,584.4233333333333,2011-04-14T08:32:00Z,2011-10-19T11:53:00Z
16133,14589.04,33,8888,442.09212121212124,2011-01-25T15:55:00Z,2011-12-06T11:24:00Z
16134,618.09,2,371,309.045,2010-12-15T14:00:00Z,2011-11-18T10:05:00Z
16135,517.55,1,209,517.55,2011-03-22T12:30:00Z,2011-03-22T12:30:00Z
16136,709.38,3,440,236.46,2011-03-07T09:52:00Z,2011-10-11T09:10:00Z
16139,635.41,3,330,211.8033333333333,2011-05-17T10:23:00Z,2011-11-21T08:37:00Z
16140,725.18,2,730,362.59,2010-12-03T14:40:00Z,2011-10-05T12:15:00Z
16141,620.4,1,238,620.4,2011-09-12T13:11:00Z,2011-09-12T13:11:00Z
16142,535.34,1,422,535.34,2011-04-04T10:16:00Z,2011-04-04T10:16:00Z
16143,2424.94,6,919,404.1566666666667,2010-12-05T15:18:00Z,2011-12-06T14:13:00Z
16144,175.2,1,16,175.2,2011-04-07T10:09:00Z,2011-04-07T10:09:00Z
16145,3799.4900000000002,11,3123,345.40818181818184,2010-12-15T09:09:00Z,2011-12-01T10:33:00Z
16146,734.13,3,427,244.71,2011-04-21T15:25:00Z,2011-07-05T14:20:00Z
16147,375,1,246,375,2011-07-29T09:57:00Z,2011-07-29T09:57:00Z
16148,76.32000000000001,1,72,76.32000000000001,2011-02-16T14:01:00Z,2011-02-16T14:01:00Z
16149,280.52,2,308,140.26,2011-07-20T14:54:00Z,2011-12-05T11:29:00Z
16150,2053.02,5,1047,410.604,2010-12-02T18:27:00Z,2011-10-28T12:39:00Z
16152,1829.04,1,642,1829.04,2011-03-16T09:47:00Z,2011-03-16T09:47:00Z
16153,1824.23,5,1073,364.846,2010-12-20T09:22:00Z,2011-10-21T10:50:00Z
16156,3092.04,9,1273,343.56,2011-02-02T12:02:00Z,2011-12-01T12:42:00Z
16157,656.69,3,347,218.89666666666668,2011-09-28T11:48:00Z,2011-11-24T11:41:00Z
16159,348.2,1,236,348.2,2011-03-03T12:27:00Z,2011-03-03T12:27:00Z
16160,1025.44,2,1162,512.72,2011-09-15T10:53:00Z,2011-10-05T14:19:00Z
16161,5533.67,19,2583,291.2457894736842,2010-12-06T10:03:00Z,2011-12-08T12:10:00Z
16162,37.4,1,4,37.4,2011-04-01T15:03:00Z,2011-04-01T15:03:00Z
16163,856.6,2,192,428.3,2010-12-09T16:28:00Z,2011-04-21T15:15:00Z
16164,822.48,3,433,274.16,2011-10-28T09:12:00Z,2011-11-22T15:04:00Z
16168,3787.6,27,1892,140.28148148148148,2010-12-05T11:38:00Z,2011-11-29T12:45:00Z
16169,1822.97,4,1325,455.7425,2011-09-25T11:33:00Z,2011-12-01T15:28:00Z
16170,1885.05,6,1770,314.175,2011-04-05T13:42:00Z,2011-10-20T08:21:00Z
16171,73.2,1,24,73.2,2011-10-11T14:51:00Z,2011-10-11T14:51:00Z
16172,1140.21,5,787,228.042,2011-04-12T12:02:00Z,2011-09-05T13:22:00Z
16173,1418.32,6,575,236.38666666666666,2011-09-02T15:23:00Z,2011-11-24T10:53:00Z
16174,1009.5500000000001,3,651,336.5166666666667,2011-07-11T09:23:00Z,2011-08-05T13:26:00Z
16175,1037.59,4,533,259.3975,2011-04-13T14:38:00Z,2011-09-06T14:32:00Z
16177,331.95,1,95,331.95,2011-10-20T12:57:00Z,2011-10-20T12:57:00Z
16178,197.9,1,94,197.9,2011-07-24T16:05:00Z,2011-07-24T16:05:00Z
16179,215.83,1,99,215.83,2011-10-10T09:41:00Z,2011-10-10T09:41:00Z
16180,10254.18,8,5867,1281.7725,2011-04-01T10:23:00Z,2011-08-31T16:28:00Z
16181,305.54,1,152,305.54,2011-09-27T13:38:00Z,2011-09-27T13:38:00Z
16182,6617.65,4,3791,1654.4125,2011-02-18T10:11:00Z,2011-09-28T13:23:00Z
16183,338.71000000000004,1,113,338.71000000000004,2011-10-03T14:59:00Z,2011-10-03T14:59:00Z
16184,1158.79,6,561,193.13166666666666,2011-05-12T13:33:00Z,2011-10-06T17:43:00Z
16185,529.41,2,260,264.705,2011-04-21T11:59:00Z,2011-11-23T09:41:00Z
16186,4006.94,12,3020,333.9116666666667,2010-12-02T14:40:00Z,2011-11-17T12:43:00Z
16187,6911.4400000000005,15,5048,460.7626666666667,2011-02-28T13:34:00Z,2011-11-08T09:50:00Z
16188,981.86,4,782,245.465,2011-04-11T09:44:00Z,2011-10-26T12:19:00Z
16189,215.48,2,134,107.74,2011-09-15T15:21:00Z,2011-11-24T11:47:00Z
16190,215.08,1,88,215.08,2011-10-30T15:59:00Z,2011-10-30T15:59:00Z
16191,5180.52,13,3351,398.5015384615385,2010-12-14T12:38:00Z,2011-12-07T11:26:00Z
16193,314.45,1,219,314.45,2011-04-17T11:45:00Z,2011-04-17T11:45:00Z
16198,400.68100000000004,1,129,400.68100000000004,2011-09-25T14:58:00Z,2011-09-25T14:58:00Z
16200,1068.8700000000001,2,516,534.4350000000001,2011-06-28T15:47:00Z,2011-12-05T14:40:00Z
16201,1863.47,4,1286,465.8675,2011-08-22T10:47:00Z,2011-12-06T16:02:00Z
16202,365.27,1,191,365.27,2010-12-14T10:43:00Z,2010-12-14T10:43:00Z
16203,592.9,4,262,148.225,2010-12-02T15:39:00Z,2011-10-12T12:31:00Z
16204,384.18,1,218,384.18,2011-11-16T13:40:00Z,2011-11-16T13:40:00Z
16205,757.63,4,516,189.4075,2011-06-13T11:33:00Z,2011-11-09T09:32:00Z
16206,537.0600000000001,4,272,134.26500000000001,2011-01-16T11:07:00Z,2011-10-16T10:41:00Z
16207,394.38,1,140,394.38,2011-11-14T13:51:00Z,2011-11-14T13:51:00Z
16208,664.26,2,333,332.13,2011-02-23T13:37:00Z,2011-10-26T11:36:00Z
16209,2262.62,5,1179,452.524,2011-04-07T12:23:00Z,2011-09-12T11:58:00Z
16210,21086.3,18,7559,1171.461111111111,2010-12-01T12:27:00Z,2011-12-08T12:36:00Z
16211,547.02,1,154,547.02,2011-09-12T12:11:00Z,2011-09-12T12:11:00Z
16212,690.34,2,244,345.17,2011-03-01T12:51:00Z,2011-11-20T13:00:00Z
16213,159,1,48,159,2011-09-22T10:03:00Z,2011-09-22T10:03:00Z
16214,1062.75,3,420,354.25,2011-03-15T13:23:00Z,2011-06-22T11:30:00Z
16215,242.35,1,104,242.35,2011-09-20T10:18:00Z,2011-09-20T10:18:00Z
16216,914.9300000000001,1,254,914.9300000000001,2011-03-17T15:34:00Z,2011-03-17T15:34:00Z
16217,304.25,2,91,152.125,2011-03-02T15:28:00Z,2011-04-18T13:31:00Z
16218,3084.68,7,2088,440.6685714285714,2010-12-01T11:29:00Z,2011-11-10T09:59:00Z
16221,860.86,3,714,286.9533333333333,2010-12-07T13:13:00Z,2011-11-03T11:43:00Z
16222,773.5500000000001,1,325,773.5500000000001,2011-01-25T13:38:00Z,2011-01-25T13:38:00Z
16224,1295.3,4,1116,323.825,2011-04-04T12:00:00Z,2011-10-13T17:51:00Z
16225,1096.32,5,493,219.26399999999998,2011-03-07T12:17:00Z,2011-10-26T08:30:00Z
16226,255.12,3,192,85.04,2011-04-18T12:58:00Z,2011-05-20T14:41:00Z
16227,314.22,1,90,314.22,2011-04-28T13:33:00Z,2011-04-28T13:33:00Z
16229,1010.6,2,318,505.3,2011-05-11T10:18:00Z,2011-09-13T17:16:00Z
16230,542.03,2,365,271.015,2011-05-03T15:12:00Z,2011-06-03T10:06:00Z
16232,990.88,4,550,247.72,2011-05-08T14:05:00Z,2011-10-27T12:16:00Z
16233,536.6800000000001,3,174,178.89333333333335,2010-12-08T12:51:00Z,2011-09-29T17:27:00Z
16235,867.3100000000001,5,330,173.46200000000002,2011-01-11T15:42:00Z,2011-10-30T10:56:00Z
16236,432.2,1,184,432.2,2011-09-22T14:10:00Z,2011-09-22T14:10:00Z
16239,414.2,2,228,207.1,2011-06-03T09:30:00Z,2011-10-14T08:29:00Z
16240,3718.8,2,1641,1859.4,2011-09-23T13:44:00Z,2011-11-15T14:30:00Z
16241,2590.31,13,1443,199.2546153846154,2010-12-05T11:04:00Z,2011-11-30T11:08:00Z
16242,3579.86,7,1969,511.40857142857146,2011-03-07T17:04:00Z,2011-12-01T15:12:00Z
16243,409.1,2,110,204.55,2011-10-16T12:09:00Z,2011-11-06T12:32:00Z
16244,1522.75,2,855,761.375,2010-12-02T11:41:00Z,2011-05-12T10:18:00Z
16245,1413.66,3,1014,471.22,2011-03-28T09:30:00Z,2011-11-16T10:14:00Z
16247,114.56,1,182,114.56,2011-06-22T14:23:00Z,2011-06-22T14:23:00Z
16248,152.94,1,78,152.94,2011-10-09T11:32:00Z,2011-10-09T11:32:00Z
16249,1800.07,5,950,360.014,2011-04-14T13:50:00Z,2011-10-18T10:07:00Z
16250,389.44,2,208,194.72,2010-12-01T09:59:00Z,2011-03-23T15:07:00Z
16253,3683.86,2,3233,1841.93,2011-03-29T13:33:00Z,2011-10-04T09:09:00Z
16255,2619.91,8,1767,327.48875,2010-12-09T14:25:00Z,2011-11-23T12:40:00Z
16256,752.4300000000001,1,581,752.4300000000001,2011-03-18T12:18:00Z,2011-03-18T12:18:00Z
16257,46.95,1,2,46.95,2011-06-16T10:11:00Z,2011-06-16T10:11:00Z
16258,5203.51,5,2994,1040.702,2011-05-04T14:33:00Z,2011-10-25T13:30:00Z
16260,1035.45,1,311,1035.45,2011-10-20T09:40:00Z,2011-10-20T09:40:00Z
16261,728.54,4,301,182.135,2011-04-07T19:05:00Z,2011-11-22T17:23:00Z
16265,5447,9,2646,605.2222222222222,2010-12-10T10:21:00Z,2011-11-30T16:41:00Z
16266,861.89,7,398,123.12714285714286,2011-05-17T14:50:00Z,2011-09-27T12:08:00Z
16268,667.65,2,533,333.825,2011-09-29T18:30:00Z,2011-09-29T18:30:00Z
16270,1141.24,1,688,1141.24,2010-12-21T14:26:00Z,2010-12-21T14:26:00Z
16271,1404.64,5,1024,280.928,2010-12-16T16:36:00Z,2011-12-07T12:45:00Z
16272,411.7,1,224,411.7,2011-08-15T10:53:00Z,2011-08-15T10:54:00Z
16274,351.75,1,153,351.75,2010-12-01T15:35:00Z,2010-12-01T15:35:00Z
16275,559.87,1,336,559.87,2011-05-27T12:41:00Z,2011-05-27T12:41:00Z
16276,810.6000000000001,1,420,810.6000000000001,2011-06-16T09:34:00Z,2011-06-16T09:34:00Z
16278,566.38,1,114,566.38,2011-08-31T17:12:00Z,2011-08-31T17:12:00Z
16279,1502.78,3,1046,500.9266666666667,2011-06-16T11:50:00Z,2011-11-18T15:00:00Z
16281,2062.06,1,934,2062.06,2011-09-28T14:57:00Z,2011-09-28T14:57:00Z
16282,168.3,1,114,168.3,2011-01-04T11:42:00Z,2011-01-04T11:42:00Z
16283,1570.81,5,1236,314.162,2011-05-15T13:37:00Z,2011-12-04T12:08:00Z
16284,812.68,2,535,406.34,2011-10-20T13:54:00Z,2011-11-08T16:12:00Z
16287,142.5,1,298,142.5,2011-06-23T09:08:00Z,2011-06-23T09:08:00Z
16292,302.25,1,191,302.25,2011-08-10T12:24:00Z,2011-08-10T12:24:00Z
16293,2248.9900000000002,10,982,224.89900000000003,2010-12-07T15:02:00Z,2011-11-18T09:58:00Z
16295,1328.55,4,841,332.1375,2011-10-06T10:45:00Z,2011-11-30T08:17:00Z
16297,301.9,1,206,301.9,2011-03-16T08:29:00Z,2011-03-16T08:29:00Z
16298,598.2,3,198,199.4,2011-06-06T10:06:00Z,2011-11-17T11:59:00Z
16302,233.22,1,158,233.22,2011-08-05T09:44:00Z,2011-08-05T09:44:00Z
16303,5360.63,3,2659,1786.8766666666668,2011-01-10T14:16:00Z,2011-11-14T10:49:00Z
16305,361.21999999999997,1,256,361.21999999999997,2011-07-24T12:18:00Z,2011-07-24T12:18:00Z
16306,632.27,6,487,105.37833333333333,2010-12-07T15:18:00Z,2011-05-10T12:12:00Z
16308,2560,4,8000,640,2011-03-23T14:46:00Z,2011-11-02T11:24:00Z
16309,706.57,2,467,353.285,2011-04-13T11:46:00Z,2011-08-25T15:35:00Z
16311,616.26,2,394,308.13,2011-10-21T13:13:00Z,2011-11-22T08:54:00Z
16313,274.15000000000003,2,165,137.07500000000002,2011-10-21T09:04:00Z,2011-12-06T13:02:00Z
16315,226.37,1,75,226.37,2011-01-13T11:57:00Z,2011-01-13T11:57:00Z
16316,2938.91,8,1484,367.36375,2010-12-16T14:26:00Z,2011-10-06T13:48:00Z
16317,1341.65,3,890,447.2166666666667,2011-02-15T14:30:00Z,2011-08-12T12:46:00Z
16318,328.15,1,199,328.15,2011-11-04T13:05:00Z,2011-11-04T13:05:00Z
16319,404.40000000000003,1,72,404.40000000000003,2011-05-06T11:27:00Z,2011-05-06T11:27:00Z
16320,1038.46,2,732,519.23,2011-05-10T15:31:00Z,2011-06-20T15:25:00Z
16321,373.65000000000003,5,135,74.73,2011-01-20T12:11:00Z,2011-09-28T14:55:00Z
16322,326.75,2,231,163.375,2011-11-03T14:33:00Z,2011-12-08T15:41:00Z
16323,207.50000000000003,1,50,207.50000000000003,2011-05-27T14:48:00Z,2011-05-27T14:48:00Z
16324,408.59,3,270,136.19666666666666,2011-06-15T14:26:00Z,2011-08-03T12:58:00Z
16325,594.24,3,194,198.08,2011-04-08T09:20:00Z,2011-10-24T08:48:00Z
16326,3039.2200000000003,14,682,217.08714285714288,2011-01-09T12:01:00Z,2011-12-04T10:11:00Z
16327,3820.27,6,2560,636.7116666666667,2010-12-05T12:43:00Z,2011-11-25T13:23:00Z
16330,251.91,3,147,83.97,2011-08-19T17:08:00Z,2011-11-22T12:24:00Z
16332,1582.8,7,797,226.1142857142857,2011-02-07T14:16:00Z,2011-11-11T14:22:00Z
16333,26626.8,22,32184,1210.3090909090909,2011-02-03T10:50:00Z,2011-12-02T12:19:00Z
16337,151.05,1,87,151.05,2011-11-03T10:03:00Z,2011-11-03T10:03:00Z
16338,214.8,1,94,214.8,2011-07-05T13:56:00Z,2011-07-05T13:56:00Z
16339,94.05,1,21,94.05,2011-02-28T13:41:00Z,2011-02-28T13:41:00Z
16340,534.31,1,486,534.31,2011-08-24T14:53:00Z,2011-08-24T14:53:00Z
16341,1971.8700000000001,4,1398,492.96750000000003,2011-05-22T13:20:00Z,2011-11-15T09:12:00Z
16342,322.41,4,157,80.6025,2011-06-13T10:10:00Z,2011-09-25T14:36:00Z
16343,328.58,2,175,164.29,2011-11-23T17:43:00Z,2011-11-23T17:45:00Z
16344,101.10000000000001,1,18,101.10000000000001,2011-07-04T15:50:00Z,2011-07-04T15:50:00Z
16345,565.46,1,288,565.46,2011-10-26T16:03:00Z,2011-10-26T16:03:00Z
16347,847.45,2,341,423.725,2011-11-03T13:01:00Z,2011-11-28T13:14:00Z
16348,1415.65,7,805,202.2357142857143,2011-04-13T15:49:00Z,2011-11-07T15:44:00Z
16349,53.5,1,9,53.5,2011-02-22T12:40:00Z,2011-02-22T12:40:00Z
16350,1116.47,4,545,279.1175,2011-01-10T09:44:00Z,2011-11-18T15:53:00Z
16351,153.9,1,90,153.9,2011-01-11T10:26:00Z,2011-01-11T10:26:00Z
16352,494.44,2,300,247.22,2011-11-02T08:44:00Z,2011-11-22T10:32:00Z
16353,6675.71,23,2006,290.24826086956523,2010-12-05T12:09:00Z,2011-12-06T12:23:00Z
16354,395.8,2,150,197.9,2011-09-27T16:28:00Z,2011-10-07T14:28:00Z
16356,211.77,3,93,70.59,2011-03-07T12:31:00Z,2011-05-26T11:51:00Z
16357,658.88,3,246,219.62666666666667,2011-05-10T10:35:00Z,2011-11-06T16:04:00Z
16358,2027.5,4,1302,506.875,2011-06-08T15:05:00Z,2011-12-08T15:09:00Z
16359,1750.92,9,1183,194.54666666666668,2011-01-12T10:49:00Z,2011-12-02T17:04:00Z
16360,3450.41,6,2110,575.0683333333333,2011-09-12T13:50:00Z,2011-12-05T12:16:00Z
16361,891.21,4,418,222.8025,2011-09-29T13:13:00Z,2011-11-30T12:32:00Z
16362,709.99,5,340,141.998,2011-09-09T14:47:00Z,2011-11-07T13:01:00Z
16363,109.36,1,52,109.36,2011-10-17T14:14:00Z,2011-10-17T14:14:00Z
16364,705.79,2,279,352.895,2011-07-25T14:35:00Z,2011-11-28T11:27:00Z
16365,1540.42,9,504,171.1577777777778,2010-12-07T17:19:00Z,2011-11-22T11:24:00Z
16366,327.3,1,256,327.3,2011-11-21T08:19:00Z,2011-11-21T08:19:00Z
16367,800.67,2,643,400.335,2010-12-12T12:01:00Z,2011-11-02T13:13:00Z
16368,479.91,2,251,239.955,2011-11-11T15:08:00Z,2011-12-07T13:12:00Z
16369,1545.41,3,1030,515.1366666666667,2011-05-27T09:39:00Z,2011-11-21T16:25:00Z
16370,1301.91,4,640,325.4775,2011-04-28T16:40:00Z,2011-09-18T15:55:00Z
16372,355.73,2,158,177.865,2011-11-06T12:50:00Z,2011-11-06T13:08:00Z
16374,466.73,2,237,233.365,2011-03-22T13:46:00Z,2011-10-04T15:21:00Z
16376,974.96,2,691,487.48,2011-11-22T16:47:00Z,2011-12-01T11:38:00Z
16377,676.2,1,1500,676.2,2011-03-17T15:41:00Z,2011-03-17T15:41:00Z
16378,362.95,3,267,120.98333333333333,2011-02-02T12:42:00Z,2011-04-06T15:07:00Z
16379,2157.4,4,1410,539.35,2011-09-22T09:33:00Z,2011-12-05T15:38:00Z
16380,1743.15,1,1428,1743.15,2011-10-09T15:40:00Z,2011-10-09T15:40:00Z
16383,643.76,2,467,321.88,2011-03-16T13:00:00Z,2011-09-26T12:45:00Z
16384,584.5,2,260,292.25,2011-03-21T10:13:00Z,2011-09-11T11:19:00Z
16385,554.86,3,258,184.95333333333335,2010-12-08T12:56:00Z,2011-10-10T13:12:00Z
16386,302.57,2,205,151.285,2011-03-31T12:19:00Z,2011-11-11T12:28:00Z
16387,94.36,1,44,94.36,2011-01-21T11:34:00Z,2011-01-21T11:34:00Z
16389,1382.07,4,1242,345.5175,2011-03-01T15:47:00Z,2011-10-17T14:41:00Z
16392,217.89,1,201,217.89,2011-03-15T12:11:00Z,2011-03-15T12:11:00Z
16393,3040.96,13,1573,233.92000000000002,2010-12-05T13:10:00Z,2011-12-07T12:51:00Z
16394,1555.34,5,2604,311.068,2011-02-23T10:58:00Z,2011-10-14T09:48:00Z
16395,1482.06,5,1472,296.412,2011-01-13T12:10:00Z,2011-10-10T12:50:00Z
16398,1705.8,2,758,852.9,2011-03-31T09:38:00Z,2011-07-08T15:16:00Z
16399,408.02,2,263,204.01,2011-04-18T13:46:00Z,2011-11-20T16:12:00Z
16400,303.93,1,172,303.93,2011-09-06T12:27:00Z,2011-09-06T12:27:00Z
16401,4098.32,12,3882,341.52666666666664,2011-01-16T10:56:00Z,2011-12-08T18:15:00Z
16402,293.45,2,146,146.725,2010-12-05T13:42:00Z,2011-03-20T12:25:00Z
16403,177.5,1,114,177.5,2011-01-31T13:39:00Z,2011-01-31T13:39:00Z
16404,443.05,1,157,443.05,2011-09-30T14:55:00Z,2011-09-30T14:55:00Z
16405,167.25,2,187,83.625,2011-02-02T17:08:00Z,2011-02-10T15:24:00Z
16406,154.35,1,117,154.35,2011-11-21T11:57:00Z,2011-11-21T11:57:00Z
16407,2079.68,10,1093,207.968,2011-01-31T14:02:00Z,2011-11-27T11:05:00Z
16409,2022.98,5,1304,404.596,2011-01-26T14:51:00Z,2011-11-03T16:45:00Z
16411,211.7,2,131,105.85,2010-12-05T13:26:00Z,2011-11-20T13:23:00Z
16412,135.99,1,63,135.99,2011-10-17T12:35:00Z,2011-10-17T12:35:00Z
16413,262.2,1,148,262.2,2011-10-14T12:08:00Z,2011-10-14T12:08:00Z
16414,126.25,2,27,63.125,2011-03-04T13:27:00Z,2011-11-18T09:42:00Z
16415,200.27,1,178,200.27,2011-10-26T13:35:00Z,2011-10-26T13:35:00Z
16416,1051.4,3,672,350.4666666666667,2011-10-14T13:35:00Z,2011-11-13T12:50:00Z
16418,631.12,3,280,210.37333333333333,2011-04-27T16:54:00Z,2011-10-26T12:39:00Z
16419,958.71,6,428,159.785,2011-02-01T12:25:00Z,2011-08-19T12:33:00Z
16422,34684.4,51,33704,680.086274509804,2010-12-05T15:35:00Z,2011-11-22T14:00:00Z
16423,346.12,1,230,346.12,2011-11-15T09:21:00Z,2011-11-15T09:21:00Z
16424,133.56,1,88,133.56,2011-06-01T13:40:00Z,2011-06-01T13:40:00Z
16425,302.7,1,199,302.7,2011-02-10T14:30:00Z,2011-02-10T14:30:00Z
16426,1863.76,10,1215,186.376,2011-03-08T15:45:00Z,2011-12-07T14:01:00Z
16427,241.06,2,156,120.53,2011-02-28T15:18:00Z,2011-03-21T17:10:00Z
16429,284.55,1,9,284.55,2011-08-25T13:54:00Z,2011-08-25T13:54:00Z
16430,300.85,1,103,300.85,2011-10-13T14:47:00Z,2011-10-13T14:47:00Z
16431,623.28,3,442,207.76,2011-02-15T14:02:00Z,2011-05-10T14:09:00Z
16432,287.4,1,276,287.4,2011-10-06T13:59:00Z,2011-10-06T13:59:00Z
16433,184.26,1,106,184.26,2011-11-11T14:09:00Z,2011-11-11T14:09:00Z
16434,1511.8,7,760,215.97142857142856,2011-02-13T12:17:00Z,2011-11-10T14:28:00Z
16438,798.35,5,463,159.67000000000002,2011-09-18T13:31:00Z,2011-12-04T10:51:00Z
16440,3640.67,5,2018,728.134,2011-05-09T12:25:00Z,2011-12-02T12:02:00Z
16441,381.2,2,173,190.6,2011-02-21T17:35:00Z,2011-10-03T17:48:00Z
16442,609.3,3,443,203.1,2010-12-14T10:46:00Z,2011-12-08T11:43:00Z
16444,654.67,4,407,163.6675,2011-03-20T12:14:00Z,2011-10-24T13:50:00Z
16445,230.51,1,111,230.51,2011-11-06T12:32:00Z,2011-11-06T12:32:00Z
16446,168472.5,2,80997,84236.25,2011-05-18T09:52:00Z,2011-12-09T09:15:00Z
16447,255.91,1,221,255.91,2011-07-27T12:45:00Z,2011-07-27T12:45:00Z
16448,182.99,1,76,182.99,2011-05-25T16:28:00Z,2011-05-25T16:28:00Z
16449,707.69,2,367,353.845,2011-03-04T12:15:00Z,2011-05-26T10:25:00Z
16450,311.92,1,200,311.92,2011-07-13T11:47:00Z,2011-07-13T11:47:00Z
16451,266.97,1,120,266.97,2011-09-13T09:17:00Z,2011-09-13T09:17:00Z
16454,6.9,2,3,3.45,2011-10-06T16:57:00Z,2011-10-26T11:40:00Z
16455,1841.18,7,988,263.0257142857143,2010-12-03T16:44:00Z,2011-10-07T12:17:00Z
16456,2158.18,5,1147,431.63599999999997,2010-12-01T14:11:00Z,2011-09-01T13:50:00Z
16457,208.36,1,140,208.36,2011-05-05T13:19:00Z,2011-05-05T13:19:00Z
16458,3482.7400000000002,18,2154,193.48555555555558,2010-12-14T11:51:00Z,2011-12-07T09:34:00Z
16460,811.23,3,876,270.41,2011-09-19T10:15:00Z,2011-11-11T13:46:00Z
16461,142.92,1,48,142.92,2011-06-15T12:07:00Z,2011-06-15T12:07:00Z
16462,136,3,16,45.333333333333336,2011-03-01T08:58:00Z,2011-09-27T10:24:00Z
16463,1422.4,4,1163,355.6,2011-05-19T14:45:00Z,2011-11-18T14:01:00Z
16464,1298.66,3,952,432.8866666666667,2011-07-20T13:53:00Z,2011-11-20T12:11:00Z
16466,1595.96,7,785,227.99428571428572,2011-02-20T11:39:00Z,2011-11-06T11:35:00Z
16468,74.9,1,31,74.9,2011-09-26T14:13:00Z,2011-09-26T14:13:00Z
16469,625.42,4,260,156.355,2011-04-07T13:11:00Z,2011-11-16T12:25:00Z
16470,752.77,4,522,188.1925,2010-12-16T11:53:00Z,2011-10-19T12:11:00Z
16471,223.95000000000002,1,141,223.95000000000002,2011-03-10T09:41:00Z,2011-03-10T09:41:00Z
16473,316.11,3,196,105.37,2011-01-07T10:55:00Z,2011-06-28T09:10:00Z
16474,1810.65,7,909,258.6642857142857,2011-07-17T14:51:00Z,2011-12-02T13:02:00Z
16475,544.3,4,319,136.075,2011-03-11T09:39:00Z,2011-09-12T14:37:00Z
16477,2494.46,7,1415,356.3514285714286,2010-12-03T12:48:00Z,2011-10-07T09:44:00Z
16478,331,3,224,110.33333333333333,2011-10-05T12:02:00Z,2011-11-14T15:51:00Z
16479,300.83,2,102,150.415,2011-11-29T13:04:00Z,2011-11-29T13:40:00Z
16480,769.29,1,455,769.29,2011-09-25T11:40:00Z,2011-09-25T11:40:00Z
16482,220.62,1,346,220.62,2011-11-24T12:33:00Z,2011-11-24T12:33:00Z
16483,139.35,1,44,139.35,2011-05-31T13:08:00Z,2011-05-31T13:08:00Z
16484,404.3,2,200,202.15,2011-06-02T10:39:00Z,2011-06-19T12:06:00Z
16485,363.65,1,235,363.65,2011-09-23T15:50:00Z,2011-09-23T15:50:00Z
16488,498.8,3,728,166.26666666666668,2011-07-14T11:46:00Z,2011-11-06T13:42:00Z
16491,731.5,1,478,731.5,2011-10-24T10:18:00Z,2011-10-24T10:18:00Z
16493,1351.63,4,1164,337.9075,2011-01-14T08:16:00Z,2011-09-21T11:10:00Z
16494,826.53,1,675,826.53,2011-02-16T12:49:00Z,2011-02-16T12:49:00Z
16495,648.26,3,328,216.08666666666667,2011-03-08T16:38:00Z,2011-12-06T13:20:00Z
16496,1599.52,3,1111,533.1733333333333,2011-01-27T09:42:00Z,2011-12-01T10:31:00Z
16497,2965.69,6,1396,494.2816666666667,2011-01-10T13:20:00Z,2011-10-21T10:55:00Z
16498,100.97,2,45,50.485,2011-06-30T19:52:00Z,2011-07-01T15:07:00Z
16499,365.45,2,127,182.725,2010-12-10T10:27:00Z,2010-12-14T13:31:00Z
16500,400.86,6,123,66.81,2011-01-13T10:28:00Z,2011-12-05T12:04:00Z
16503,1431.93,4,569,357.9825,2010-12-14T13:50:00Z,2011-08-25T11:46:00Z
16504,465.88,1,510,465.88,2011-11-14T15:18:00Z,2011-11-14T15:18:00Z
16505,777.6,1,576,777.6,2011-11-08T12:14:00Z,2011-11-08T12:14:00Z
16506,90.30000000000001,2,42,45.150000000000006,2011-10-30T15:50:00Z,2011-11-20T12:17:00Z
16509,363.7,1,64,363.7,2011-02-16T09:25:00Z,2011-02-16T09:25:00Z
16510,248.1,1,92,248.1,2010-12-02T13:39:00Z,2010-12-02T13:39:00Z
16511,918.33,3,405,306.11,2011-03-18T11:24:00Z,2011-11-18T10:41:00Z
16513,874.59,4,407,218.6475,2011-10-27T14:56:00Z,2011-12-05T10:18:00Z
16515,1624.14,5,826,324.82800000000003,2011-02-01T13:09:00Z,2011-10-18T13:10:00Z
16516,101.7,1,58,101.7,2011-11-09T14:59:00Z,2011-11-09T14:59:00Z
16517,162.7,1,96,162.7,2011-03-07T13:50:00Z,2011-03-07T13:50:00Z
16518,484.32,2,327,242.16,2011-02-28T16:36:00Z,2011-10-09T15:04:00Z
16519,215.07999999999998,2,54,107.53999999999999,2010-12-09T14:08:00Z,2011-11-14T15:41:00Z
16520,1046.57,3,558,348.8566666666666,2010-12-09T13:08:00Z,2011-06-06T13:24:00Z
16523,9418.470000000001,21,4265,448.4985714285715,2011-01-28T12:06:00Z,2011-12-08T09:06:00Z
16525,13027.45,26,7397,501.0557692307693,2010-12-08T11:31:00Z,2011-12-07T15:07:00Z
16526,290.36,1,106,290.36,2011-06-21T12:02:00Z,2011-06-21T12:02:00Z
16527,228.06000000000003,1,106,228.06000000000003,2011-09-19T16:21:00Z,2011-09-19T16:21:00Z
16528,244.41,1,171,244.41,2011-12-06T12:45:00Z,2011-12-06T12:45:00Z
16529,455.25,1,198,455.25,2011-06-02T17:23:00Z,2011-06-02T17:23:00Z
16531,1244.59,7,915,177.79857142857142,2010-12-14T13:19:00Z,2011-11-17T16:29:00Z
16532,6748.8,3,2016,2249.6,2011-01-05T12:37:00Z,2011-11-22T11:08:00Z
16533,1082.81,3,611,360.93666666666667,2011-10-02T15:07:00Z,2011-11-20T13:08:00Z
16535,593.75,1,356,593.75,2011-12-04T15:18:00Z,2011-12-04T15:18:00Z
16536,548.12,1,250,548.12,2011-08-21T15:54:00Z,2011-08-21T15:54:00Z
16539,1388.81,4,477,347.2025,2010-12-01T15:40:00Z,2011-12-07T08:41:00Z
16542,119.62,1,46,119.62,2011-10-17T10:47:00Z,2011-10-17T10:47:00Z
16545,339.3,1,78,339.3,2011-06-28T10:37:00Z,2011-06-28T10:37:00Z
16546,787.15,2,549,393.575,2010-12-02T12:07:00Z,2011-02-22T11:20:00Z
16549,4034.9,10,2294,403.49,2011-01-09T14:03:00Z,2011-11-29T15:06:00Z
16550,2298.97,5,1540,459.794,2010-12-06T13:53:00Z,2011-08-23T11:12:00Z
16551,922.12,3,970,307.37333333333333,2011-01-07T10:24:00Z,2011-09-05T09:38:00Z
16552,379.73,2,219,189.865,2010-12-01T12:36:00Z,2011-04-11T10:04:00Z
16553,5719.82,12,4600,476.65166666666664,2010-12-14T13:58:00Z,2011-06-29T15:42:00Z
16554,837.1,3,402,279.03333333333336,2011-01-12T12:41:00Z,2011-10-28T14:51:00Z
16555,285.89,2,175,142.945,2011-08-22T12:32:00Z,2011-11-04T14:31:00Z
16556,3313.79,7,1890,473.3985714285714,2010-12-14T13:32:00Z,2011-10-04T11:36:00Z
16557,281.85,2,111,140.925,2011-07-25T13:28:00Z,2011-11-15T14:04:00Z
16558,8338.49,20,5377,416.92449999999997,2010-12-08T12:01:00Z,2011-12-09T10:20:00Z
16560,841.41,2,504,420.705,2010-12-16T14:36:00Z,2011-11-13T10:35:00Z
16561,511.12,2,244,255.56,2011-10-11T09:53:00Z,2011-12-04T11:50:00Z
16563,1077.74,1,486,1077.74,2011-10-17T11:51:00Z,2011-10-17T11:51:00Z
16565,173.7,1,46,173.7,2010-12-10T15:21:00Z,2010-12-10T15:21:00Z
16566,614.66,5,362,122.93199999999999,2011-02-20T10:29:00Z,2011-11-24T16:34:00Z
16567,865.6,2,996,432.8,2011-01-07T09:31:00Z,2011-05-29T13:57:00Z
16569,124.2,1,93,124.2,2011-12-06T15:32:00Z,2011-12-06T15:32:00Z
16570,3738.4,10,2112,373.84000000000003,2011-02-01T10:37:00Z,2011-11-24T17:02:00Z
16571,1421.69,3,1239,473.8966666666667,2011-03-03T09:41:00Z,2011-11-13T11:46:00Z
16572,1009.6,3,532,336.53333333333336,2011-03-09T12:04:00Z,2011-08-04T16:34:00Z
16573,663.61,2,360,331.805,2011-02-22T15:14:00Z,2011-09-16T09:13:00Z
16574,451.44,1,416,451.44,2011-09-29T13:39:00Z,2011-09-29T13:39:00Z
16581,105.84,1,134,105.84,2011-06-10T10:05:00Z,2011-06-10T10:05:00Z
16582,313.62,1,164,313.62,2011-08-18T17:02:00Z,2011-08-18T17:02:00Z
16583,233.45000000000002,1,111,233.45000000000002,2010-12-01T12:03:00Z,2010-12-01T12:03:00Z
16584,936.08,2,646,468.04,2011-03-30T13:14:00Z,2011-09-20T13:45:00Z
16586,463.95,1,95,463.95,2011-04-05T09:32:00Z,2011-04-05T09:32:00Z
16587,225.15,1,71,225.15,2011-04-21T15:51:00Z,2011-04-21T15:51:00Z
16589,459.24,3,368,153.08,2011-07-01T13:31:00Z,2011-09-29T14:50:00Z
16591,213.5,1,41,213.5,2011-10-02T10:43:00Z,2011-10-02T10:43:00Z
16592,4113.68,16,2927,257.105,2011-02-25T10:19:00Z,2011-12-05T13:49:00Z
16593,330.03,3,116,110.00999999999999,2011-01-16T12:11:00Z,2011-10-20T12:41:00Z
16594,181.09,1,64,181.09,2011-09-25T14:08:00Z,2011-09-25T14:08:00Z
16595,360.16,1,335,360.16,2011-10-09T13:15:00Z,2011-10-09T13:15:00Z
16596,250.15,2,97,125.075,2010-12-08T16:18:00Z,2011-11-24T10:02:00Z
16597,90.04,1,184,90.04,2011-12-05T15:44:00Z,2011-12-05T15:44:00Z
16598,145.04999999999998,1,73,145.04999999999998,2011-02-27T11:42:00Z,2011-02-27T11:42:00Z
16600,813.52,6,1145,135.58666666666667,2011-01-05T12:13:00Z,2011-12-05T16:00:00Z
16601,242.7,1,133,242.7,2011-10-30T11:09:00Z,2011-10-30T11:09:00Z
16602,528.08,1,336,528.08,2011-11-03T15:54:00Z,2011-11-03T15:54:00Z
16603,482.47,2,480,241.235,2011-09-09T13:02:00Z,2011-09-26T10:06:00Z
16607,3347.71,14,2859,239.12214285714285,2010-12-16T08:41:00Z,2011-11-22T10:24:00Z
16609,5493.46,7,2420,784.78,2011-04-01T10:11:00Z,2011-11-24T13:32:00Z
16610,75.66,1,66,75.66,2011-05-04T13:13:00Z,2011-05-04T13:13:00Z
16611,129.49,1,47,129.49,2011-06-06T15:46:00Z,2011-06-06T15:46:00Z
16612,1187.66,4,506,296.915,2011-02-01T10:38:00Z,2011-11-07T07:38:00Z
16613,618.59,1,293,618.59,2011-09-30T15:52:00Z,2011-09-30T15:52:00Z
16614,506.19,1,223,506.19,2011-06-10T11:36:00Z,2011-06-10T11:36:00Z
16616,500.42,2,370,250.21,2011-07-05T13:38:00Z,2011-11-24T16:31:00Z
16617,151.85,1,91,151.85,2011-04-18T10:35:00Z,2011-04-18T10:35:00Z
16618,2647.59,5,1363,529.518,2011-01-21T11:55:00Z,2011-11-08T13:52:00Z
16619,226.21,1,133,226.21,2011-03-21T08:18:00Z,2011-03-21T08:18:00Z
16620,178.96,2,88,89.48,2011-03-24T10:37:00Z,2011-12-06T12:19:00Z
16621,813.48,4,302,203.37,2011-03-07T11:32:00Z,2011-10-19T11:38:00Z
16623,129.45000000000002,1,39,129.45000000000002,2011-04-08T10:09:00Z,2011-04-08T10:09:00Z
16624,810.5699999999999,2,488,405.28499999999997,2011-05-26T14:20:00Z,2011-09-20T12:39:00Z
16625,333.08,1,164,333.08,2011-03-10T12:50:00Z,2011-03-10T12:50:00Z
16626,4413.1,17,2690,259.59411764705885,2011-03-18T12:27:00Z,2011-12-09T11:56:00Z
16627,322.8,1,162,322.8,2011-09-21T14:38:00Z,2011-09-21T14:38:00Z
16628,2188.05,5,1205,437.61,2011-04-19T08:55:00Z,2011-11-10T12:45:00Z
16629,408.63,2,489,204.315,2011-09-04T16:12:00Z,2011-09-27T10:34:00Z
16633,2883.1,6,1138,480.51666666666665,2011-04-19T14:36:00Z,2011-11-22T13:41:00Z
16634,217.9,2,82,108.95,2010-12-02T17:41:00Z,2011-05-01T12:09:00Z
16637,1154.47,4,927,288.6175,2011-04-28T10:20:00Z,2011-11-07T13:17:00Z
16638,1680.72,10,1255,168.072,2010-12-06T10:19:00Z,2011-11-17T11:09:00Z
16639,1257.51,3,510,419.17,2011-04-18T09:31:00Z,2011-11-08T13:20:00Z
16641,231.1,1,256,231.1,2011-08-26T12:49:00Z,2011-08-26T12:49:00Z
16642,688.33,2,479,344.165,2011-05-16T12:35:00Z,2011-12-05T11:31:00Z
16643,487.51,1,269,487.51,2011-04-08T08:24:00Z,2011-04-08T08:24:00Z
16644,833.78,2,826,416.89,2011-05-11T12:53:00Z,2011-06-15T12:39:00Z
16647,214.06,2,146,107.03,2011-05-19T09:31:00Z,2011-06-23T11:47:00Z
16648,290.65999999999997,1,281,290.65999999999997,2011-10-28T08:58:00Z,2011-10-28T08:58:00Z
16650,518.42,1,372,518.42,2011-09-29T09:51:00Z,2011-09-29T09:51:00Z
16652,6773.97,7,3283,967.71,2011-03-11T13:13:00Z,2011-10-12T09:38:00Z
16653,1212.66,2,733,606.33,2011-09-29T13:38:00Z,2011-11-23T14:51:00Z
16654,601.27,4,282,150.3175,2010-12-06T15:09:00Z,2011-07-21T15:23:00Z
16655,3789.52,6,2363,631.5866666666667,2011-01-12T10:16:00Z,2011-11-22T11:25:00Z
16656,8625.8,15,8894,575.0533333333333,2010-12-10T11:23:00Z,2011-11-17T14:43:00Z
16657,874.43,4,1130,218.6075,2011-03-30T12:02:00Z,2011-11-30T11:48:00Z
16658,123.24,1,40,123.24,2010-12-06T13:47:00Z,2010-12-06T13:47:00Z
16659,39.12,1,72,39.12,2011-06-03T15:03:00Z,2011-06-03T15:03:00Z
16660,1267.6499999999999,4,571,316.91249999999997,2011-01-24T12:44:00Z,2011-11-23T14:53:00Z
16665,135.4,1,59,135.4,2010-12-12T14:03:00Z,2010-12-12T14:03:00Z
16666,118.98,1,233,118.98,2011-11-20T14:01:00Z,2011-11-20T14:01:00Z
16667,567.18,2,236,283.59,2011-02-28T12:57:00Z,2011-10-02T15:26:00Z
16668,306.71999999999997,6,318,51.12,2011-02-28T12:46:00Z,2011-11-24T17:43:00Z
16669,1348.88,3,881,449.6266666666667,2011-09-22T14:13:00Z,2011-11-16T12:26:00Z
16670,4095.9,11,2556,372.3545454545455,2010-12-16T10:30:00Z,2011-11-23T09:34:00Z
16671,1692.27,3,875,564.09,2011-06-28T11:20:00Z,2011-11-11T13:40:00Z
16672,8134.94,20,2832,406.74699999999996,2011-03-18T10:15:00Z,2011-12-07T16:29:00Z
16674,304.24,2,181,152.12,2011-09-02T13:59:00Z,2011-10-16T11:31:00Z
16676,1592.1200000000001,4,636,398.03000000000003,2011-01-06T13:00:00Z,2011-11-06T12:01:00Z
16678,3109.99,12,2397,259.1658333333333,2011-03-02T09:24:00Z,2011-12-07T12:17:00Z
16679,129.75,1,29,129.75,2010-12-08T13:51:00Z,2010-12-08T13:51:00Z
16680,183.7,1,94,183.7,2011-10-27T17:35:00Z,2011-10-27T17:35:00Z
16681,1770.34,6,1407,295.0566666666667,2011-03-31T13:46:00Z,2011-09-28T11:11:00Z
16682,1028,5,1040,205.6,2011-06-05T11:02:00Z,2011-12-05T12:13:00Z
16684,66653.56,28,50255,2380.4842857142858,2010-12-16T17:34:00Z,2011-12-05T14:06:00Z
16685,324.24,2,396,162.12,2011-10-09T13:44:00Z,2011-10-09T13:58:00Z
16686,2959.88,7,1977,422.84000000000003,2010-12-19T14:41:00Z,2011-10-23T13:49:00Z
16688,1260.86,4,804,315.215,2011-10-10T12:23:00Z,2011-12-08T15:24:00Z
16689,422.59999999999997,2,330,211.29999999999998,2011-09-18T13:29:00Z,2011-09-25T11:39:00Z
16690,225.57999999999998,2,138,112.78999999999999,2011-05-22T10:53:00Z,2011-09-28T15:02:00Z
16692,1276,2,152,638,2011-02-23T15:41:00Z,2011-03-28T14:46:00Z
16693,477.86,2,203,238.93,2011-03-13T11:06:00Z,2011-10-02T11:10:00Z
16696,657.9000000000001,4,146,164.47500000000002,2011-04-05T15:20:00Z,2011-07-27T14:23:00Z
16697,112.75,1,27,112.75,2011-04-12T17:12:00Z,2011-04-12T17:12:00Z
16698,1998,2,840,999,2011-03-31T13:33:00Z,2011-04-27T10:52:00Z
16700,5076.55,13,4024,390.50384615384615,2010-12-08T16:34:00Z,2011-12-01T11:00:00Z
16701,5398.3,13,6393,415.25384615384615,2010-12-13T11:51:00Z,2011-12-01T11:10:00Z
16705,14034.99,20,5476,701.7495,2010-12-16T10:51:00Z,2011-12-09T12:08:00Z
16706,531.35,3,249,177.11666666666667,2011-08-17T15:53:00Z,2011-11-02T13:50:00Z
16708,656.63,1,285,656.63,2011-10-25T12:20:00Z,2011-10-25T12:20:00Z
16709,3029.87,5,851,605.9739999999999,2011-03-03T10:55:00Z,2011-09-16T10:56:00Z
16710,2467.99,10,1823,246.79899999999998,2010-12-06T13:13:00Z,2011-11-20T14:50:00Z
16711,1651.03,5,833,330.206,2010-12-17T12:43:00Z,2011-12-06T16:32:00Z
16712,3611.31,11,1730,328.3009090909091,2011-03-08T15:07:00Z,2011-11-30T13:48:00Z
16713,6910.78,15,4271,460.71866666666665,2010-12-08T13:01:00Z,2011-11-21T12:36:00Z
16714,1129.06,3,589,376.3533333333333,2011-01-26T13:40:00Z,2011-05-05T11:09:00Z
16715,301.71999999999997,1,642,301.71999999999997,2011-09-22T18:15:00Z,2011-09-22T18:15:00Z
16716,901.2,2,120,450.6,2011-02-01T15:35:00Z,2011-03-18T10:03:00Z
16717,3843.08,6,1860,640.5133333333333,2010-12-08T16:48:00Z,2011-11-16T12:16:00Z
16718,606.0500000000001,1,407,606.0500000000001,2010-12-05T13:03:00Z,2010-12-05T13:03:00Z
16719,1770.22,7,1175,252.88857142857142,2010-12-06T12:06:00Z,2011-11-25T09:27:00Z
16720,152.95,1,180,152.95,2011-11-13T16:22:00Z,2011-11-13T16:22:00Z
16721,292.47,1,172,292.47,2011-03-22T16:08:00Z,2011-03-22T16:08:00Z
16722,4730.81,13,5001,363.90846153846155,2010-12-06T12:59:00Z,2011-11-22T13:28:00Z
16723,576.4,2,398,288.2,2011-08-24T11:31:00Z,2011-09-09T13:01:00Z
16725,758.27,7,288,108.32428571428571,2010-12-03T16:02:00Z,2011-02-10T16:52:00Z
16726,1358.74,5,945,271.748,2010-12-13T13:28:00Z,2011-11-13T14:53:00Z
16727,256.32,1,167,256.32,2010-12-10T13:48:00Z,2010-12-10T13:48:00Z
16728,1048.28,4,671,262.07,2011-03-20T13:28:00Z,2011-10-24T14:36:00Z
16729,7205.33,21,5722,343.11095238095237,2011-04-12T14:22:00Z,2011-11-01T14:29:00Z
16730,743.11,3,994,247.70333333333335,2011-01-24T14:01:00Z,2011-10-18T14:11:00Z
16732,603.75,1,317,603.75,2011-11-08T09:54:00Z,2011-11-08T09:54:00Z
16734,646.76,3,345,215.58666666666667,2011-08-17T15:00:00Z,2011-10-18T13:44:00Z
16735,2247.41,5,1532,449.48199999999997,2011-01-09T12:53:00Z,2011-09-22T11:49:00Z
16737,417.59999999999997,1,288,417.59999999999997,2011-10-17T13:03:00Z,2011-10-17T13:03:00Z
16738,3.75,1,3,3.75,2011-02-15T09:46:00Z,2011-02-15T09:46:00Z
16739,323,1,172,323,2011-06-16T09:17:00Z,2011-06-16T09:17:00Z
16742,464.9,1,1,464.9,2011-10-24T12:02:00Z,2011-10-24T12:02:00Z
16743,2213.13,7,2035,316.1614285714286,2010-12-16T12:15:00Z,2011-11-10T13:13:00Z
16744,1291.91,7,798,184.55857142857144,2011-06-19T15:13:00Z,2011-11-28T13:06:00Z
16745,7180.7,17,6719,422.3941176470588,2011-02-01T11:31:00Z,2011-09-14T11:58:00Z
16746,6680.11,18,4660,371.1172222222222,2010-12-16T11:43:00Z,2011-12-05T12:33:00Z
16747,836.06,2,583,418.03,2011-10-03T10:18:00Z,2011-11-02T11:37:00Z
16748,1515.9,5,880,303.18,2011-01-09T13:50:00Z,2011-11-22T10:17:00Z
16750,623.93,5,214,124.78599999999999,2011-04-21T16:53:00Z,2011-10-26T12:48:00Z
16751,1764.72,1,1031,1764.72,2011-11-09T10:48:00Z,2011-11-09T10:48:00Z
16752,207.5,1,54,207.5,2010-12-02T12:18:00Z,2010-12-02T12:18:00Z
16753,223.92000000000002,1,189,223.92000000000002,2011-10-12T13:14:00Z,2011-10-12T13:14:00Z
16754,2002.4,1,4280,2002.4,2010-12-02T17:38:00Z,2010-12-02T17:38:00Z
16755,1475.43,3,1058,491.81,2011-01-28T10:47:00Z,2011-08-17T13:21:00Z
16756,239.4,1,106,239.4,2011-05-09T09:33:00Z,2011-05-09T09:33:00Z
16757,106.83000000000001,1,81,106.83000000000001,2011-01-25T11:59:00Z,2011-01-25T11:59:00Z
16758,369.34,1,203,369.34,2011-10-05T14:47:00Z,2011-10-05T14:47:00Z
16759,789.79,3,609,263.2633333333333,2011-11-09T09:06:00Z,2011-12-02T12:42:00Z
16761,316.62,1,341,316.62,2011-09-04T11:15:00Z,2011-09-04T11:15:00Z
16762,1207.24,3,480,402.41333333333336,2011-07-18T12:52:00Z,2011-11-20T11:43:00Z
16763,611.85,1,319,611.85,2011-05-25T11:52:00Z,2011-05-25T11:52:00Z
16764,2790.9500000000003,13,1253,214.68846153846155,2011-07-19T17:17:00Z,2011-12-06T11:41:00Z
16765,34,1,4,34,2011-02-18T15:41:00Z,2011-02-18T15:41:00Z
16766,1145.6,2,536,572.8,2011-03-11T13:34:00Z,2011-03-11T15:22:00Z
16767,5575.56,11,4423,506.86909090909097,2011-01-27T13:38:00Z,2011-11-09T09:42:00Z
16768,478.09000000000003,3,196,159.36333333333334,2011-03-13T10:25:00Z,2011-10-23T10:38:00Z
16769,361.54,1,80,361.54,2011-03-24T13:41:00Z,2011-03-24T13:41:00Z
16770,757.1,5,456,151.42000000000002,2010-12-02T15:49:00Z,2011-10-13T12:21:00Z
16771,2242.61,5,1487,448.52200000000005,2011-01-05T13:57:00Z,2011-11-06T13:28:00Z
16773,171.59,1,171,171.59,2011-10-13T14:37:00Z,2011-10-13T14:37:00Z
16774,661.52,4,322,165.38,2011-06-14T12:45:00Z,2011-10-03T12:41:00Z
16775,1691.51,11,439,153.77363636363637,2010-12-07T15:15:00Z,2011-11-29T15:22:00Z
16776,371.54,1,254,371.54,2011-10-10T13:04:00Z,2011-10-10T13:04:00Z
16777,222.62,2,62,111.31,2011-03-27T14:34:00Z,2011-09-20T13:41:00Z
16778,245.94,2,194,122.97,2011-03-10T15:21:00Z,2011-09-26T13:48:00Z
16779,10611.72,22,5301,482.35090909090906,2010-12-08T09:56:00Z,2011-12-07T14:54:00Z
16780,422.24,2,270,211.12,2011-03-25T17:34:00Z,2011-08-31T16:09:00Z
16781,311.25,1,113,311.25,2010-12-02T14:26:00Z,2010-12-02T14:26:00Z
16782,2267.9500000000003,13,705,174.45769230769233,2010-12-09T11:28:00Z,2011-11-29T13:20:00Z
16784,107.6,1,24,107.6,2011-11-20T12:20:00Z,2011-11-20T12:20:00Z
16788,594.39,2,304,297.195,2011-03-30T13:05:00Z,2011-08-08T14:53:00Z
16789,80.8,1,32,80.8,2011-12-01T15:12:00Z,2011-12-01T15:12:00Z
16790,1545.6200000000001,6,898,257.60333333333335,2011-11-02T11:23:00Z,2011-12-06T11:53:00Z
16791,1705.78,7,757,243.68285714285713,2011-01-11T15:42:00Z,2011-11-10T19:12:00Z
16792,110.38000000000001,2,44,55.190000000000005,2011-03-02T14:39:00Z,2011-03-02T14:41:00Z
16793,243.84,1,146,243.84,2011-10-13T15:08:00Z,2011-10-13T15:08:00Z
16794,1196.5,10,923,119.65,2011-06-12T14:15:00Z,2011-12-08T17:54:00Z
16795,414.88,1,239,414.88,2010-12-09T14:08:00Z,2010-12-09T14:08:00Z
16796,305.62,1,186,305.62,2011-09-11T14:01:00Z,2011-09-11T14:01:00Z
16800,1162.65,1,524,1162.65,2011-11-28T14:06:00Z,2011-11-28T14:06:00Z
16801,1594.23,4,493,398.5575,2011-03-11T13:56:00Z,2011-06-29T15:33:00Z
16803,332.3,1,245,332.3,2011-10-05T14:28:00Z,2011-10-05T14:28:00Z
16804,536.99,3,246,178.99666666666667,2011-03-14T15:48:00Z,2011-11-16T16:43:00Z
16805,460.59,2,539,230.295,2010-12-14T13:35:00Z,2011-06-19T11:23:00Z
16806,762.16,4,356,190.54,2011-04-14T19:59:00Z,2011-08-28T15:27:00Z
16807,1121.59,3,778,373.8633333333333,2011-03-14T09:46:00Z,2011-07-20T12:00:00Z
16808,288.42,2,196,144.21,2011-03-10T19:05:00Z,2011-09-01T19:34:00Z
16809,914.69,5,652,182.93800000000002,2011-03-22T15:20:00Z,2011-11-16T15:45:00Z
16810,309.54,1,114,309.54,2011-05-31T15:32:00Z,2011-05-31T15:32:00Z
16811,547.07,2,477,273.535,2011-11-22T17:19:00Z,2011-12-05T11:39:00Z
16812,479.35,1,81,479.35,2010-12-14T12:35:00Z,2010-12-14T12:35:00Z
16813,1652.18,10,1501,165.21800000000002,2011-05-19T13:28:00Z,2011-12-01T14:03:00Z
16814,6416.7,21,2697,305.5571428571428,2010-12-05T11:45:00Z,2011-11-25T13:27:00Z
16816,417.06,4,274,104.265,2010-12-16T17:01:00Z,2011-08-28T14:16:00Z
16817,1604.75,9,822,178.30555555555554,2010-12-06T14:19:00Z,2011-12-07T11:03:00Z
16818,3349.57,11,2165,304.50636363636363,2011-05-18T11:42:00Z,2011-11-29T10:41:00Z
16820,497.61,1,307,497.61,2011-09-05T12:06:00Z,2011-09-05T12:06:00Z
16823,358.38,1,136,358.38,2011-04-26T15:00:00Z,2011-04-26T15:00:00Z
16824,460.64,2,236,230.32,2011-06-28T13:36:00Z,2011-11-24T12:38:00Z
16825,775.1800000000001,2,566,387.59000000000003,2011-06-07T09:44:00Z,2011-11-01T11:51:00Z
16826,341.7,1,158,341.7,2011-10-19T14:05:00Z,2011-10-19T14:05:00Z
16828,128.5,2,59,64.25,2011-08-19T13:24:00Z,2011-09-07T15:10:00Z
16829,197.22,1,99,197.22,2011-07-06T10:48:00Z,2011-07-06T10:48:00Z
16830,325.91,1,264,325.91,2011-11-01T11:35:00Z,2011-11-01T11:35:00Z
16832,199.15,3,33,66.38333333333334,2011-05-06T14:12:00Z,2011-06-08T15:36:00Z
16833,1106.53,4,440,276.6325,2011-01-09T13:02:00Z,2011-12-08T14:39:00Z
16834,413.46,1,358,413.46,2011-04-26T09:37:00Z,2011-04-26T09:37:00Z
16835,180.85,2,61,90.425,2010-12-01T17:15:00Z,2011-08-03T13:50:00Z
16836,251.87,2,165,125.935,2011-08-15T12:38:00Z,2011-10-31T10:05:00Z
16837,3170.98,11,1563,288.2709090909091,2011-04-08T08:48:00Z,2011-11-08T14:27:00Z
16838,588.85,2,185,294.425,2011-02-24T15:01:00Z,2011-05-26T13:13:00Z
16839,16594.35,34,8975,488.06911764705876,2010-12-05T11:15:00Z,2011-12-01T09:03:00Z
16841,1869.82,6,2250,311.63666666666666,2011-02-25T12:40:00Z,2011-11-03T11:51:00Z
16842,1264.19,3,693,421.3966666666667,2011-02-10T14:51:00Z,2011-08-31T10:42:00Z
16843,10196.57,16,10159,637.285625,2011-01-16T16:10:00Z,2011-10-28T09:06:00Z
16846,214.32,1,135,214.32,2011-10-20T13:55:00Z,2011-10-20T13:55:00Z
16847,193.44,1,78,193.44,2011-10-27T13:29:00Z,2011-10-27T13:29:00Z
16848,281.42,1,182,281.42,2011-10-18T08:42:00Z,2011-10-18T08:42:00Z
16849,124.57,1,33,124.57,2011-06-06T09:16:00Z,2011-06-06T09:16:00Z
16850,332.41,1,249,332.41,2011-01-10T11:09:00Z,2011-01-10T11:09:00Z
16851,342.45,3,271,114.14999999999999,2011-10-19T09:48:00Z,2011-12-05T13:32:00Z
16852,144.91,2,56,72.455,2011-06-16T15:49:00Z,2011-11-29T13:22:00Z
16855,328.4,2,164,164.2,2011-10-27T16:31:00Z,2011-11-16T12:03:00Z
16856,35.400000000000006,1,12,35.400000000000006,2011-11-25T08:59:00Z,2011-11-25T08:59:00Z
16858,375.69,1,91,375.69,2010-12-06T09:52:00Z,2010-12-06T09:52:00Z
16859,747.81,2,827,373.905,2011-03-23T13:39:00Z,2011-07-18T12:19:00Z
16861,173.76000000000002,2,140,86.88000000000001,2011-07-04T15:38:00Z,2011-10-11T09:05:00Z
16863,502.8,2,409,251.4,2010-12-08T08:58:00Z,2011-11-08T15:26:00Z
16866,207.73999999999998,3,60,69.24666666666666,2011-07-01T12:34:00Z,2011-07-22T10:06:00Z
16869,817.12,4,583,204.28,2011-06-17T13:01:00Z,2011-11-17T12:02:00Z
16871,2812.34,6,1253,468.72333333333336,2011-03-14T10:31:00Z,2011-11-17T19:27:00Z
16872,680.0200000000001,3,600,226.67333333333337,2011-06-08T14:32:00Z,2011-09-23T16:05:00Z
16873,7123.62,6,3840,1187.27,2010-12-10T15:45:00Z,2011-12-05T12:05:00Z
16875,2095.53,5,1069,419.10600000000005,2011-01-04T10:37:00Z,2011-10-03T13:39:00Z
16877,846.62,6,458,141.10333333333332,2011-05-15T16:13:00Z,2011-11-27T13:47:00Z
16878,13.3,1,12,13.3,2011-09-16T17:39:00Z,2011-09-16T17:39:00Z
16880,1491.43,7,746,213.0614285714286,2011-06-03T16:45:00Z,2011-11-09T11:33:00Z
16881,432,1,600,432,2011-10-04T10:33:00Z,2011-10-04T10:33:00Z
16882,705.12,3,424,235.04,2011-01-26T17:43:00Z,2011-10-04T10:42:00Z
16883,272.48,2,103,136.24,2010-12-03T10:33:00Z,2011-06-05T12:51:00Z
16884,429.84000000000003,2,320,214.92000000000002,2011-11-02T10:16:00Z,2011-11-02T11:52:00Z
16885,450.41,3,178,150.13666666666668,2010-12-17T17:23:00Z,2011-11-24T13:40:00Z
16887,192.33,1,156,192.33,2011-11-04T14:07:00Z,2011-11-04T14:07:00Z
16889,1578.67,3,925,526.2233333333334,2011-01-07T10:47:00Z,2011-05-29T11:05:00Z
16891,742.4300000000001,5,265,148.48600000000002,2010-12-03T11:35:00Z,2011-12-08T11:15:00Z
16892,518.19,5,236,103.638,2011-06-09T11:35:00Z,2011-12-08T13:18:00Z
16893,145.93,1,62,145.93,2010-12-08T12:06:00Z,2010-12-08T12:06:00Z
16895,202.27,1,91,202.27,2011-10-06T12:15:00Z,2011-10-06T12:15:00Z
16897,289.78000000000003,2,73,144.89000000000001,2011-01-30T11:52:00Z,2011-02-13T15:02:00Z
16898,501.03,3,412,167.01,2010-12-06T12:23:00Z,2011-11-13T15:44:00Z
16899,1271.06,6,520,211.84333333333333,2010-12-14T13:11:00Z,2011-12-02T12:03:00Z
16900,887.11,3,833,295.7033333333333,2011-10-07T13:17:00Z,2011-11-23T10:32:00Z
16902,1706.88,1,629,1706.88,2011-08-15T14:17:00Z,2011-08-15T14:17:00Z
16903,363.2,1,247,363.2,2011-11-10T15:32:00Z,2011-11-10T15:32:00Z
16904,3653.75,16,1984,228.359375,2010-12-07T13:29:00Z,2011-12-05T13:10:00Z
16905,3037.6,7,1381,433.9428571428571,2010-12-03T10:43:00Z,2011-12-04T14:01:00Z
16906,559.59,4,263,139.8975,2011-04-05T12:30:00Z,2011-09-19T11:49:00Z
16907,928.76,5,286,185.752,2010-12-09T16:52:00Z,2011-11-10T18:04:00Z
16909,379.14,1,436,379.14,2011-09-28T16:45:00Z,2011-09-28T16:45:00Z
16910,1508.96,8,884,188.62,2011-09-09T14:14:00Z,2011-12-05T12:51:00Z
16912,2555.58,11,1025,232.32545454545453,2011-01-20T15:42:00Z,2011-11-11T12:18:00Z
16913,113.44,1,82,113.44,2011-02-22T12:56:00Z,2011-02-22T12:56:00Z
16914,183.76,1,112,183.76,2011-11-03T15:27:00Z,2011-11-03T15:27:00Z
16915,621.6800000000001,6,132,103.61333333333334,2011-03-01T09:52:00Z,2011-11-30T16:39:00Z
16916,562.41,2,431,281.205,2010-12-02T13:14:00Z,2011-11-16T12:08:00Z
16917,391.52,1,232,391.52,2011-03-08T11:55:00Z,2011-03-08T11:55:00Z
16918,1068.82,6,721,178.13666666666666,2011-01-26T17:37:00Z,2011-10-21T12:50:00Z
16919,2592.25,11,1403,235.6590909090909,2010-12-06T12:52:00Z,2011-07-06T13:35:00Z
16921,154.18,1,154,154.18,2011-10-09T16:22:00Z,2011-10-09T16:22:00Z
16923,7069.08,19,3344,372.0568421052632,2010-12-12T11:06:00Z,2011-11-27T13:00:00Z
16924,829.89,3,467,276.63,2011-09-16T12:54:00Z,2011-11-18T12:53:00Z
16926,230.25,1,35,230.25,2010-12-03T13:42:00Z,2010-12-03T13:42:00Z
16927,543.05,3,993,181.01666666666665,2010-12-13T11:57:00Z,2011-08-16T11:10:00Z
16928,2814.7,17,2092,165.5705882352941,2010-12-01T15:21:00Z,2011-09-20T15:10:00Z
16929,1295.39,7,929,185.0557142857143,2011-07-07T12:39:00Z,2011-12-06T08:37:00Z
16930,378.89,3,339,126.29666666666667,2011-10-02T14:25:00Z,2011-11-13T16:13:00Z
16931,4554.87,21,3134,216.89857142857142,2010-12-05T11:40:00Z,2011-12-04T13:15:00Z
16932,150.23,1,82,150.23,2011-10-17T14:12:00Z,2011-10-17T14:12:00Z
16933,563.23,2,288,281.615,2011-04-14T13:33:00Z,2011-12-08T12:54:00Z
16934,931.03,2,397,465.515,2011-10-16T12:25:00Z,2011-10-16T12:40:00Z
16936,261.9,1,171,261.9,2011-11-14T11:04:00Z,2011-11-14T11:04:00Z
16938,2711.6800000000003,4,2533,677.9200000000001,2011-02-04T09:34:00Z,2011-12-01T10:20:00Z
16940,3049.88,3,2169,1016.6266666666667,2011-02-23T12:27:00Z,2011-10-18T13:15:00Z
16942,1904.99,9,805,211.66555555555556,2011-04-26T11:59:00Z,2011-11-27T12:40:00Z
16943,816.73,3,145,272.24333333333334,2011-01-25T14:00:00Z,2011-05-12T11:57:00Z
16945,4345.5,19,2725,228.71052631578948,2010-12-16T17:49:00Z,2011-11-18T11:39:00Z
16947,406.48,1,312,406.48,2011-04-18T09:38:00Z,2011-04-18T09:38:00Z
16948,435.02000000000004,3,1614,145.0066666666667,2011-01-18T10:58:00Z,2011-07-24T12:46:00Z
16949,1286.27,6,791,214.37833333333333,2011-01-27T12:11:00Z,2011-12-06T11:07:00Z
16950,1178.56,3,644,392.8533333333333,2010-12-07T15:20:00Z,2011-10-14T09:06:00Z
16951,1277.75,3,1318,425.9166666666667,2011-02-08T14:58:00Z,2011-07-28T12:05:00Z
16952,167.60999999999999,2,92,83.80499999999999,2011-08-22T12:58:00Z,2011-08-22T13:03:00Z
16953,20.8,1,10,20.8,2011-11-09T15:54:00Z,2011-11-09T15:54:00Z
16954,2085.08,9,1054,231.67555555555555,2010-12-15T10:41:00Z,2011-12-09T09:46:00Z
16955,518.67,4,266,129.6675,2010-12-01T13:31:00Z,2011-06-08T10:36:00Z
16956,308.74,1,114,308.74,2011-11-22T08:56:00Z,2011-11-22T08:56:00Z
16957,416.64,2,172,208.32,2011-03-03T09:25:00Z,2011-04-14T13:56:00Z
16959,117.35000000000001,1,49,117.35000000000001,2011-09-13T15:03:00Z,2011-09-13T15:03:00Z
16960,507.05,3,304,169.01666666666668,2011-04-01T11:54:00Z,2011-11-01T11:35:00Z
16961,234.17,1,125,234.17,2011-08-15T13:46:00Z,2011-08-15T13:46:00Z
16963,110.55000000000001,1,35,110.55000000000001,2011-06-05T13:48:00Z,2011-06-05T13:48:00Z
16965,201.19,1,291,201.19,2011-04-27T12:08:00Z,2011-04-27T12:08:00Z
16966,2154.97,7,1981,307.8528571428571,2011-04-13T14:17:00Z,2011-12-01T13:40:00Z
16967,319.02,1,333,319.02,2011-06-03T14:24:00Z,2011-06-03T14:24:00Z
16968,439.43,2,326,219.715,2011-08-24T10:51:00Z,2011-12-05T15:02:00Z
16969,650.41,3,816,216.8033333333333,2011-06-01T12:10:00Z,2011-10-31T13:12:00Z
16971,357.21,1,72,357.21,2011-11-01T15:06:00Z,2011-11-01T15:06:00Z
16976,251.51999999999998,1,88,251.51999999999998,2011-03-17T16:33:00Z,2011-03-17T16:33:00Z
16978,344.33,1,166,344.33,2011-09-23T12:50:00Z,2011-09-23T12:50:00Z
16979,1852,6,865,308.6666666666667,2011-02-15T09:20:00Z,2011-12-06T12:21:00Z
16980,1028.46,2,739,514.23,2011-02-21T12:58:00Z,2011-03-29T16:36:00Z
16982,384.06,1,182,384.06,2011-10-10T12:28:00Z,2011-10-10T12:28:00Z
16983,1905.87,7,1335,272.26714285714286,2010-12-05T12:34:00Z,2011-11-27T12:10:00Z
16984,4459.52,2,2380,2229.76,2011-08-01T17:37:00Z,2011-09-12T13:43:00Z
16985,5464.12,10,1832,546.412,2010-12-16T10:38:00Z,2011-11-22T13:33:00Z
16986,1873.2,2,1040,936.6,2011-11-09T15:52:00Z,2011-11-10T11:55:00Z
16987,1616.8,7,401,230.97142857142856,2011-05-18T15:55:00Z,2011-12-06T17:26:00Z
16988,126.12,1,43,126.12,2011-12-04T16:02:00Z,2011-12-04T16:02:00Z
16989,1133.25,6,1233,188.875,2011-07-12T09:11:00Z,2011-12-02T16:39:00Z
16990,179,1,100,179,2011-05-05T08:30:00Z,2011-05-05T08:30:00Z
16992,1614.31,5,860,322.86199999999997,2011-02-28T10:37:00Z,2011-11-29T11:50:00Z
16996,1456.96,6,544,242.82666666666668,2010-12-21T13:22:00Z,2011-11-09T16:43:00Z
16997,702,3,360,234,2011-01-18T11:51:00Z,2011-02-24T17:28:00Z
16998,295,4,76,73.75,2011-02-08T15:42:00Z,2011-07-13T09:44:00Z
16999,484.82,2,294,242.41,2011-09-26T15:43:00Z,2011-11-16T13:53:00Z
17001,3989.57,11,2164,362.6881818181818,2010-12-16T09:35:00Z,2011-12-09T09:38:00Z
17002,1493.73,3,679,497.91,2011-02-22T11:46:00Z,2011-09-15T12:40:00Z
17004,1312.14,2,771,656.07,2011-09-08T12:16:00Z,2011-10-24T14:25:00Z
17006,781.78,4,272,195.445,2011-09-25T12:15:00Z,2011-12-05T12:09:00Z
17007,889.9300000000001,6,597,148.3216666666667,2010-12-17T13:57:00Z,2011-10-20T10:47:00Z
17010,195.36,1,118,195.36,2011-11-21T14:49:00Z,2011-11-21T14:49:00Z
17011,270.9,1,186,270.9,2011-11-09T13:30:00Z,2011-11-09T13:30:00Z
17014,583.4300000000001,3,243,194.4766666666667,2011-10-04T11:36:00Z,2011-12-01T14:09:00Z
17015,1838.6100000000001,3,1978,612.87,2011-06-07T13:19:00Z,2011-11-11T10:45:00Z
17017,8694.26,20,6673,434.713,2010-12-02T10:17:00Z,2011-12-07T09:32:00Z
17018,920.1,2,176,460.05,2011-01-18T08:46:00Z,2011-10-30T11:42:00Z
17019,1258.08,4,820,314.52,2010-12-06T12:55:00Z,2011-11-28T13:06:00Z
17022,71,1,108,71,2011-11-08T17:09:00Z,2011-11-08T17:09:00Z
17024,95.85,3,69,31.95,2011-07-05T09:31:00Z,2011-10-25T13:47:00Z
17025,357.77,3,235,119.25666666666666,2010-12-01T15:45:00Z,2011-10-10T09:06:00Z
17026,154.82999999999998,2,97,77.41499999999999,2010-12-05T12:47:00Z,2011-06-07T14:28:00Z
17027,877.5600000000001,6,416,146.26000000000002,2011-01-26T14:19:00Z,2011-09-22T12:24:00Z
17029,716,2,400,358,2011-04-17T10:57:00Z,2011-08-21T11:06:00Z
17030,146.87,1,146,146.87,2011-10-07T08:49:00Z,2011-10-07T08:49:00Z
17031,380.35,2,235,190.175,2011-07-08T09:38:00Z,2011-11-28T10:23:00Z
17033,1030.1399999999999,3,750,343.37999999999994,2010-12-15T13:21:00Z,2011-09-14T14:34:00Z
17034,745.52,3,410,248.50666666666666,2011-02-25T10:10:00Z,2011-11-23T15:14:00Z
17035,433.53000000000003,2,229,216.76500000000001,2011-02-01T12:27:00Z,2011-04-08T11:23:00Z
17037,1267.32,1,656,1267.32,2011-09-13T12:49:00Z,2011-09-13T12:49:00Z
17038,112.4,1,28,112.4,2011-11-09T13:50:00Z,2011-11-09T13:50:00Z
17040,449.73,1,181,449.73,2011-07-25T10:19:00Z,2011-07-25T10:19:00Z
17041,1071.49,3,927,357.16333333333336,2010-12-14T11:43:00Z,2011-11-13T11:21:00Z
17042,1036.58,5,990,207.31599999999997,2011-04-06T14:53:00Z,2011-12-07T12:26:00Z
17043,1735.18,4,998,433.795,2011-03-18T14:53:00Z,2011-11-07T15:33:00Z
17044,948.48,1,504,948.48,2011-11-14T14:28:00Z,2011-11-14T14:28:00Z
17045,339.44,3,106,113.14666666666666,2011-04-06T12:08:00Z,2011-08-18T17:09:00Z
17046,642.02,1,510,642.02,2011-07-05T14:24:00Z,2011-07-05T14:24:00Z
17047,1100.9,3,533,366.9666666666667,2011-05-18T16:50:00Z,2011-09-15T13:27:00Z
17048,925.35,3,485,308.45,2011-01-12T16:51:00Z,2011-08-14T11:49:00Z
17049,5655.03,9,2673,628.3366666666666,2011-03-09T08:33:00Z,2011-12-07T10:48:00Z
17050,3185.64,6,1595,530.9399999999999,2011-02-13T12:41:00Z,2011-09-04T13:48:00Z
17051,240.89,1,179,240.89,2011-05-29T14:13:00Z,2011-05-29T14:13:00Z
17052,399.09,1,251,399.09,2011-11-11T14:50:00Z,2011-11-11T14:50:00Z
17053,498.48,1,122,498.48,2011-08-01T10:23:00Z,2011-08-01T10:23:00Z
17054,1356.33,5,804,271.26599999999996,2011-04-08T13:14:00Z,2011-11-11T12:56:00Z
17058,1179.89,3,592,393.2966666666667,2011-04-14T09:18:00Z,2011-09-19T10:13:00Z
17059,3080.39,5,1850,616.078,2010-12-05T12:35:00Z,2011-11-10T12:27:00Z
17060,234.24,1,216,234.24,2011-03-18T13:27:00Z,2011-03-18T13:27:00Z
17061,5232.2300000000005,11,1526,475.65727272727275,2011-04-21T13:29:00Z,2011-09-27T11:24:00Z
17062,533.33,4,418,133.3325,2010-12-05T11:59:00Z,2011-01-30T11:01:00Z
17063,1461.14,7,770,208.73428571428573,2011-02-23T13:44:00Z,2011-11-18T16:19:00Z
17064,855.45,3,316,285.15000000000003,2011-01-16T16:10:00Z,2011-10-12T10:18:00Z
17068,4552.14,21,2164,216.76857142857145,2010-12-06T13:58:00Z,2011-11-27T13:14:00Z
17069,2709.7000000000003,9,1506,301.0777777777778,2010-12-01T16:49:00Z,2011-11-11T17:13:00Z
17070,304.24,1,131,304.24,2011-08-17T17:01:00Z,2011-08-17T17:01:00Z
17071,2429.03,9,1197,269.89222222222224,2011-02-03T08:18:00Z,2011-11-11T16:31:00Z
17073,1446.09,4,759,361.5225,2011-08-22T14:37:00Z,2011-11-22T11:47:00Z
17075,834.12,4,292,208.53,2011-01-26T13:20:00Z,2011-11-22T11:58:00Z
17076,841.0799999999999,3,295,280.35999999999996,2010-12-10T10:08:00Z,2011-11-03T17:53:00Z
17078,378.2,2,788,189.1,2011-11-03T18:49:00Z,2011-11-03T19:17:00Z
17079,118.80000000000001,1,24,118.80000000000001,2011-09-22T15:34:00Z,2011-09-22T15:34:00Z
17080,287.62,2,166,143.81,2011-03-15T12:05:00Z,2011-11-17T12:59:00Z
17081,288.91,2,77,144.455,2011-10-24T13:08:00Z,2011-11-14T12:56:00Z
17082,2003.85,2,1049,1001.925,2011-01-25T14:36:00Z,2011-11-06T15:17:00Z
17083,1405.78,3,772,468.5933333333333,2011-02-09T11:38:00Z,2011-08-22T15:43:00Z
17084,2747.9900000000002,2,1702,1373.9950000000001,2011-11-04T14:49:00Z,2011-11-04T14:54:00Z
17085,1562.4,5,785,312.48,2010-12-12T12:24:00Z,2011-08-08T14:15:00Z
17086,2050.08,6,1859,341.68,2011-10-07T11:22:00Z,2011-12-02T13:54:00Z
17088,1991.01,4,868,497.7525,2011-03-31T09:48:00Z,2011-11-11T14:23:00Z
17090,1974.65,7,903,282.09285714285716,2010-12-20T13:52:00Z,2011-12-05T13:44:00Z
17091,3827.76,9,1746,425.3066666666667,2010-12-07T09:55:00Z,2011-12-07T10:43:00Z
17092,1774.03,4,1130,443.5075,2011-03-07T14:51:00Z,2011-10-20T19:51:00Z
17094,302,1,152,302,2011-01-21T13:09:00Z,2011-01-21T13:09:00Z
17095,1324.16,3,618,441.3866666666667,2011-01-09T11:05:00Z,2011-11-17T12:21:00Z
17096,1022.13,4,339,255.5325,2011-03-23T12:05:00Z,2011-11-24T15:01:00Z
17097,954.42,8,459,119.3025,2010-12-09T14:55:00Z,2011-12-07T17:05:00Z
17100,971.74,2,800,485.87,2011-11-21T16:36:00Z,2011-11-21T16:36:00Z
17101,1621.73,4,815,405.4325,2011-06-14T14:49:00Z,2011-11-29T13:57:00Z
17102,25.5,1,2,25.5,2011-03-23T10:08:00Z,2011-03-23T10:08:00Z
17105,665.78,2,693,332.89,2011-02-06T14:46:00Z,2011-07-03T15:53:00Z
17107,10797.48,6,4826,1799.58,2011-03-06T15:17:00Z,2011-11-06T14:14:00Z
17109,881.29,6,588,146.88166666666666,2011-04-21T15:46:00Z,2011-11-10T16:59:00Z
17110,163.29999999999998,1,50,163.29999999999998,2011-06-27T12:58:00Z,2011-06-27T12:58:00Z
17111,231.61,1,282,231.61,2011-10-23T15:59:00Z,2011-10-23T15:59:00Z
17114,801.12,8,215,100.14,2011-01-09T11:39:00Z,2011-12-04T12:17:00Z
17115,837.5,3,372,279.1666666666667,2011-04-20T14:46:00Z,2011-12-01T14:30:00Z
17117,116.19999999999999,1,68,116.19999999999999,2011-02-24T13:54:00Z,2011-02-24T13:54:00Z
17118,157.02,1,154,157.02,2011-01-26T12:19:00Z,2011-01-26T12:19:00Z
17119,606.91,2,334,303.455,2011-10-11T11:03:00Z,2011-12-06T14:40:00Z
17120,307.46,1,120,307.46,2011-04-20T15:21:00Z,2011-04-20T15:21:00Z
17122,138.32,1,80,138.32,2011-08-12T14:33:00Z,2011-08-12T14:33:00Z
17123,345.3,1,246,345.3,2011-07-01T10:47:00Z,2011-07-01T10:47:00Z
17124,294.24,1,129,294.24,2011-06-07T14:02:00Z,2011-06-07T14:02:00Z
17125,230.5,1,281,230.5,2011-10-20T14:41:00Z,2011-10-20T14:41:00Z
17126,989.45,5,780,197.89000000000001,2010-12-12T11:26:00Z,2011-07-10T13:52:00Z
17128,157.09,1,76,157.09,2011-01-09T12:02:00Z,2011-01-09T12:02:00Z
17131,2463.17,5,983,492.634,2011-09-25T12:42:00Z,2011-12-04T12:52:00Z
17133,4892.24,7,2730,698.8914285714285,2011-03-18T13:47:00Z,2011-11-24T12:27:00Z
17134,413.2,2,98,206.6,2011-03-20T11:56:00Z,2011-08-25T09:53:00Z
17135,1139.73,7,1224,162.81857142857143,2010-12-03T09:31:00Z,2011-11-23T16:48:00Z
17138,380.5,1,126,380.5,2011-03-09T11:54:00Z,2011-03-09T11:54:00Z
17139,10650.77,12,5176,887.5641666666667,2011-02-24T09:32:00Z,2011-11-24T10:12:00Z
17140,454.12,1,296,454.12,2011-04-06T13:33:00Z,2011-04-06T13:33:00Z
17142,579,1,81,579,2011-04-14T18:22:00Z,2011-04-14T18:22:00Z
17144,984.57,2,483,492.285,2011-09-16T12:50:00Z,2011-12-08T17:57:00Z
17146,749.78,3,212,249.92666666666665,2010-12-16T12:20:00Z,2011-08-26T12:44:00Z
17147,1714.59,4,882,428.6475,2011-02-01T09:36:00Z,2011-11-17T12:32:00Z
17148,124.88,1,82,124.88,2011-10-19T09:59:00Z,2011-10-19T09:59:00Z
17152,1689.5,3,517,563.1666666666666,2011-03-21T16:20:00Z,2011-05-29T12:19:00Z
17153,213.78,1,104,213.78,2011-11-15T13:42:00Z,2011-11-15T13:42:00Z
17154,329.34,1,490,329.34,2011-09-25T13:42:00Z,2011-09-25T13:42:00Z
17155,251.7,2,242,125.85,2011-06-15T10:22:00Z,2011-11-22T12:38:00Z
17157,319,2,172,159.5,2011-06-16T15:08:00Z,2011-12-02T09:10:00Z
17158,1266.97,3,778,422.3233333333333,2010-12-14T13:03:00Z,2011-11-07T15:15:00Z
17159,1538.88,3,1111,512.96,2011-06-21T09:49:00Z,2011-11-18T10:52:00Z
17160,3518.03,6,2856,586.3383333333334,2011-04-12T12:00:00Z,2011-11-08T14:05:00Z
17162,1715.46,10,1001,171.546,2011-02-07T12:27:00Z,2011-11-11T11:34:00Z
17163,293.1,2,66,146.55,2011-09-22T15:54:00Z,2011-11-18T08:57:00Z
17164,2467.35,7,1501,352.4785714285714,2011-03-11T14:26:00Z,2011-11-07T09:14:00Z
17165,158.68,1,100,158.68,2011-02-28T16:39:00Z,2011-02-28T16:39:00Z
17166,206.34,2,78,103.17,2011-05-20T08:18:00Z,2011-11-01T09:46:00Z
17169,835.78,2,526,417.89,2011-06-09T13:16:00Z,2011-10-13T10:25:00Z
17171,224.91,1,185,224.91,2011-02-23T16:37:00Z,2011-02-23T16:37:00Z
17172,317.76,1,480,317.76,2011-09-22T09:36:00Z,2011-09-22T09:36:00Z
17173,3766.6,8,1122,470.825,2011-07-31T15:26:00Z,2011-12-04T14:40:00Z
17174,59.9,1,41,59.9,2011-05-06T11:47:00Z,2011-05-06T11:47:00Z
17175,1443.69,4,866,360.9225,2011-02-16T14:56:00Z,2011-10-26T15:31:00Z
17176,306.13,1,170,306.13,2011-05-22T12:41:00Z,2011-05-22T12:41:00Z
17179,711.79,3,290,237.26333333333332,2010-12-13T14:24:00Z,2011-06-14T16:48:00Z
17180,783.97,4,670,195.9925,2011-01-27T18:05:00Z,2011-10-14T15:46:00Z
17181,239.92000000000002,2,241,119.96000000000001,2010-12-01T12:38:00Z,2011-10-13T14:48:00Z
17183,3347.31,6,1296,557.885,2011-08-26T15:25:00Z,2011-12-02T10:07:00Z
17186,144,2,200,72,2011-10-10T12:52:00Z,2011-10-24T10:20:00Z
17187,203.95,1,144,203.95,2011-04-27T12:39:00Z,2011-04-27T12:39:00Z
17188,2474.23,7,1328,353.4614285714286,2010-12-12T12:56:00Z,2011-11-28T13:53:00Z
17189,383.75,2,226,191.875,2010-12-15T17:28:00Z,2011-08-25T19:39:00Z
17190,444.74,2,161,222.37,2011-05-16T15:29:00Z,2011-10-12T11:33:00Z
17191,2093.68,7,1166,299.09714285714284,2010-12-06T14:36:00Z,2011-11-11T16:58:00Z
17193,1699.3,7,1254,242.75714285714284,2011-06-16T10:04:00Z,2011-11-04T12:47:00Z
17194,262.62,2,119,131.31,2010-12-14T12:06:00Z,2011-03-11T12:05:00Z
17197,1013.01,1,191,1013.01,2011-11-10T10:32:00Z,2011-11-10T10:32:00Z
17198,692.22,3,357,230.74,2010-12-03T14:54:00Z,2011-11-16T10:39:00Z
17201,289.78,1,231,289.78,2011-10-17T11:55:00Z,2011-10-17T11:55:00Z
17203,3560.08,6,2846,593.3466666666667,2011-10-10T14:37:00Z,2011-11-04T12:27:00Z
17204,1564.56,4,646,391.14,2011-03-21T12:42:00Z,2011-06-17T14:46:00Z
17205,384.08,1,884,384.08,2011-10-17T12:46:00Z,2011-10-17T12:46:00Z
17206,204.24,1,76,204.24,2011-10-17T13:25:00Z,2011-10-17T13:25:00Z
17211,2317.2200000000003,8,1323,289.65250000000003,2010-12-05T12:44:00Z,2011-11-13T12:03:00Z
17212,226.85,1,147,226.85,2011-03-31T19:42:00Z,2011-03-31T19:42:00Z
17213,2781.23,7,1176,397.31857142857143,2010-12-08T13:03:00Z,2011-10-30T14:53:00Z
17214,1059.1200000000001,6,272,176.52,2010-12-15T15:14:00Z,2011-10-10T13:17:00Z
17217,113.5,1,24,113.5,2011-04-19T17:19:00Z,2011-04-19T17:19:00Z
17218,1951.97,10,955,195.197,2010-12-06T15:25:00Z,2011-12-05T13:52:00Z
17219,114.23,1,89,114.23,2011-11-08T11:25:00Z,2011-11-08T11:25:00Z
17220,3187.55,14,1897,227.68214285714288,2010-12-10T14:54:00Z,2011-11-15T13:47:00Z
17221,334.48,2,287,167.24,2011-11-03T17:39:00Z,2011-12-02T13:35:00Z
17222,328.65,1,122,328.65,2011-10-05T13:58:00Z,2011-10-05T13:58:00Z
17223,416.89,2,110,208.445,2010-12-06T14:08:00Z,2011-02-02T15:57:00Z
17226,393.49,1,406,393.49,2011-02-04T11:52:00Z,2011-02-04T11:52:00Z
17227,939.32,6,741,156.55333333333334,2010-12-06T11:16:00Z,2011-11-21T10:51:00Z
17228,1906.09,8,1532,238.26125,2010-12-02T16:00:00Z,2011-11-24T10:24:00Z
17229,318.76,2,185,159.38,2011-07-20T12:38:00Z,2011-09-04T13:56:00Z
17230,3638.41,8,1651,454.80125,2010-12-15T11:22:00Z,2011-03-20T16:12:00Z
17231,3124.72,10,1724,312.472,2010-12-13T14:16:00Z,2011-11-27T15:18:00Z
17232,417.77,2,202,208.885,2011-11-25T12:24:00Z,2011-12-07T12:21:00Z
17233,190.88,1,131,190.88,2011-11-04T14:06:00Z,2011-11-04T14:06:00Z
17234,149.89,1,55,149.89,2011-06-10T11:20:00Z,2011-06-10T11:20:00Z
17235,550.06,2,224,275.03,2010-12-02T13:38:00Z,2011-11-14T15:51:00Z
17236,916.13,6,474,152.68833333333333,2010-12-12T11:49:00Z,2011-11-27T12:00:00Z
17237,314.69,2,105,157.345,2011-11-17T12:55:00Z,2011-11-28T15:02:00Z
17238,3719.1,17,1807,218.7705882352941,2010-12-03T15:05:00Z,2011-12-07T11:35:00Z
17239,382.5,1,150,382.5,2011-01-31T09:41:00Z,2011-01-31T09:41:00Z
17242,1135.04,2,611,567.52,2011-06-12T13:04:00Z,2011-08-23T14:55:00Z
17243,8540.05,26,3320,328.4634615384615,2010-12-05T10:03:00Z,2011-12-08T13:26:00Z
17244,954.9,1,616,954.9,2011-10-17T15:19:00Z,2011-10-17T15:19:00Z
17245,171.45,1,75,171.45,2011-05-19T10:43:00Z,2011-05-19T10:43:00Z
17247,280.09000000000003,1,105,280.09000000000003,2011-11-24T15:21:00Z,2011-11-24T15:21:00Z
17248,318.65,1,213,318.65,2011-08-11T13:34:00Z,2011-08-11T13:34:00Z
17250,381.97,2,167,190.985,2011-03-23T16:45:00Z,2011-12-06T12:15:00Z
17251,269.83,1,108,269.83,2010-12-12T11:06:00Z,2010-12-12T11:06:00Z
17252,348.91,2,192,174.455,2011-06-06T16:41:00Z,2011-08-15T09:45:00Z
17253,178.26,1,43,178.26,2011-11-21T12:59:00Z,2011-11-21T12:59:00Z
17254,271.19,2,251,135.595,2011-11-24T14:09:00Z,2011-12-05T12:46:00Z
17255,291.48,2,227,145.74,2011-02-13T15:18:00Z,2011-10-30T12:18:00Z
17256,240,2,141,120,2011-01-31T14:53:00Z,2011-08-24T13:30:00Z
17259,581.23,2,388,290.615,2010-12-06T12:55:00Z,2011-07-14T15:01:00Z
17262,1253.3600000000001,5,367,250.67200000000003,2010-12-08T13:30:00Z,2011-10-18T12:56:00Z
17263,63.44,1,36,63.44,2011-05-15T14:32:00Z,2011-05-15T14:32:00Z
17265,550.01,2,389,275.005,2011-06-12T12:00:00Z,2011-07-24T10:49:00Z
17266,296.58,3,153,98.86,2011-07-15T11:57:00Z,2011-12-07T14:12:00Z
17267,317.2,2,158,158.6,2011-08-04T17:19:00Z,2011-08-04T17:22:00Z
17268,763.64,4,844,190.91,2011-04-08T13:20:00Z,2011-08-24T10:06:00Z
17272,2148.63,4,1778,537.1575,2011-03-22T12:05:00Z,2011-10-28T16:37:00Z
17274,107.82,1,77,107.82,2011-11-04T13:16:00Z,2011-11-04T13:16:00Z
17277,1065.3500000000001,2,430,532.6750000000001,2011-01-21T12:37:00Z,2011-04-26T12:47:00Z
17278,246.04,1,179,246.04,2011-04-12T13:10:00Z,2011-04-12T13:10:00Z
17279,187.83,1,48,187.83,2011-10-13T11:58:00Z,2011-10-13T11:58:00Z
17282,1685.46,3,1866,561.82,2011-02-13T11:36:00Z,2011-08-01T14:29:00Z
17284,1647.48,6,1362,274.58,2011-01-07T14:31:00Z,2011-10-10T14:38:00Z
17286,151.37,1,117,151.37,2011-11-18T12:47:00Z,2011-11-18T12:47:00Z
17287,1049.06,7,556,149.8657142857143,2010-12-02T12:22:00Z,2011-11-13T13:27:00Z
17288,1417.63,7,1201,202.51857142857145,2010-12-16T13:33:00Z,2011-11-30T16:09:00Z
17289,931.02,3,513,310.34,2011-06-12T13:51:00Z,2011-11-08T12:01:00Z
17290,513.01,2,397,256.505,2011-11-23T15:53:00Z,2011-12-06T12:38:00Z
17291,550.8000000000001,1,72,550.8000000000001,2011-02-04T13:04:00Z,2011-02-04T13:04:00Z
17293,1854.06,9,1135,206.00666666666666,2010-12-13T14:55:00Z,2011-12-01T14:37:00Z
17295,547,3,293,182.33333333333334,2011-10-06T12:22:00Z,2011-11-11T10:49:00Z
17297,128.18,1,65,128.18,2011-11-22T14:43:00Z,2011-11-22T14:43:00Z
17298,498.42,2,387,249.21,2011-08-07T12:21:00Z,2011-08-30T16:43:00Z
17299,656.61,4,668,164.1525,2011-06-19T16:04:00Z,2011-11-28T12:01:00Z
17301,163.24,1,137,163.24,2011-11-18T13:43:00Z,2011-11-18T13:43:00Z
17302,1135.63,5,575,227.12600000000003,2011-02-07T10:14:00Z,2011-11-25T09:36:00Z
17303,250.04,1,144,250.04,2010-12-13T13:32:00Z,2010-12-13T13:32:00Z
17306,8631.31,19,11491,454.2794736842105,2010-12-21T13:34:00Z,2011-11-29T12:14:00Z
17309,82.75,1,41,82.75,2011-09-05T15:20:00Z,2011-09-05T15:20:00Z
17311,1384.85,2,1005,692.425,2011-01-27T10:56:00Z,2011-09-22T14:11:00Z
17312,644.3,3,372,214.76666666666665,2011-07-03T13:12:00Z,2011-07-24T11:52:00Z
17313,2328.84,1,1402,2328.84,2011-11-08T15:45:00Z,2011-11-08T15:45:00Z
17314,2527.92,8,1896,315.99,2011-01-31T11:25:00Z,2011-11-15T09:41:00Z
17315,6281.23,38,3863,165.29552631578946,2010-12-17T12:24:00Z,2011-12-08T12:15:00Z
17317,2600.34,3,1146,866.7800000000001,2011-09-11T12:45:00Z,2011-10-24T17:19:00Z
17320,1200.6200000000001,3,634,400.2066666666667,2010-12-06T15:38:00Z,2011-08-31T13:31:00Z
17321,657.16,2,364,328.58,2011-10-03T11:34:00Z,2011-12-01T13:41:00Z
17323,906.52,7,760,129.50285714285715,2011-02-20T14:38:00Z,2011-11-24T17:29:00Z
17324,986.48,4,843,246.62,2010-12-08T12:45:00Z,2011-11-22T10:34:00Z
17325,96.8,1,60,96.8,2011-03-04T13:09:00Z,2011-03-04T13:09:00Z
17329,523.11,2,142,261.555,2011-01-28T15:29:00Z,2011-11-25T14:24:00Z
17330,363.9,2,120,181.95,2011-10-03T11:26:00Z,2011-11-17T08:56:00Z
17331,175.2,1,16,175.2,2011-08-08T11:55:00Z,2011-08-08T11:55:00Z
17333,494.25,1,375,494.25,2011-09-15T10:11:00Z,2011-09-15T10:11:00Z
17334,307.02,2,315,153.51,2011-02-04T09:03:00Z,2011-02-10T14:59:00Z
17337,1981.06,4,1247,495.265,2011-02-02T17:06:00Z,2011-07-11T14:55:00Z
17338,6493.54,8,3059,811.6925,2010-12-13T12:57:00Z,2011-11-22T14:23:00Z
17339,243.36,2,152,121.68,2010-12-09T14:44:00Z,2011-09-06T13:29:00Z
17340,12353.29,11,5967,1123.0263636363636,2010-12-08T15:56:00Z,2011-11-10T10:45:00Z
17341,682.29,3,443,227.42999999999998,2010-12-08T12:46:00Z,2011-07-06T12:33:00Z
17343,193.64,1,56,193.64,2010-12-19T15:07:00Z,2010-12-19T15:07:00Z
17344,157.62,1,65,157.62,2011-10-24T12:56:00Z,2011-10-24T12:56:00Z
17345,519.6899999999999,4,341,129.92249999999999,2011-05-27T12:26:00Z,2011-11-24T15:03:00Z
17346,2622.88,15,1617,174.85866666666666,2010-12-01T14:34:00Z,2011-12-06T12:18:00Z
17347,228.96,1,216,228.96,2011-09-14T13:12:00Z,2011-09-14T13:12:00Z
17348,1156.6,5,1398,231.32,2011-02-15T10:49:00Z,2011-11-25T11:25:00Z
17349,98.25,1,102,98.25,2011-06-13T14:29:00Z,2011-06-13T14:29:00Z
17350,1281.32,4,770,320.33,2011-10-19T16:05:00Z,2011-12-01T15:47:00Z
17351,587.15,3,113,195.71666666666667,2011-03-11T16:05:00Z,2011-11-03T18:45:00Z
17353,1740,2,1200,870,2011-07-08T16:17:00Z,2011-08-02T17:19:00Z
17354,1393.06,1,1006,1393.06,2011-10-20T10:34:00Z,2011-10-20T10:34:00Z
17356,178.22,1,166,178.22,2011-02-01T11:07:00Z,2011-02-01T11:07:00Z
17357,384.39,2,152,192.195,2011-11-15T16:29:00Z,2011-11-15T16:30:00Z
17358,360.81,2,190,180.405,2010-12-19T14:16:00Z,2011-02-09T16:57:00Z
17359,127.86,1,161,127.86,2011-11-28T14:37:00Z,2011-11-28T14:37:00Z
17360,568.24,3,328,189.41333333333333,2011-06-08T17:09:00Z,2011-11-22T13:11:00Z
17361,488.2,3,157,162.73333333333332,2011-02-21T09:55:00Z,2011-10-21T15:43:00Z
17362,312.23,2,191,156.115,2011-02-03T10:26:00Z,2011-04-14T14:43:00Z
17364,4462.68,11,2692,405.69818181818187,2011-01-12T16:57:00Z,2011-12-09T09:00:00Z
17365,4767.36,8,4749,595.92,2011-01-11T12:11:00Z,2011-11-27T12:13:00Z
17367,167.55,1,149,167.55,2011-04-15T14:21:00Z,2011-04-15T14:21:00Z
17368,1878.87,8,1377,234.85875,2011-01-06T11:57:00Z,2011-11-16T15:26:00Z
17370,446.18,4,540,111.545,2011-06-23T11:50:00Z,2011-09-28T10:14:00Z
17371,418.4,3,151,139.46666666666667,2010-12-13T15:20:00Z,2011-11-22T13:30:00Z
17372,1337.18,8,747,167.1475,2010-12-12T12:00:00Z,2011-10-30T11:37:00Z
17373,646.92,4,408,161.73,2011-01-31T11:46:00Z,2011-10-30T15:28:00Z
17374,495.77,2,85,247.885,2011-03-03T12:53:00Z,2011-05-05T09:05:00Z
17375,400.1,3,367,133.36666666666667,2010-12-13T15:16:00Z,2011-05-24T15:45:00Z
17376,203.2,2,86,101.6,2011-02-01T14:12:00Z,2011-09-30T12:36:00Z
17377,4058.32,20,2038,202.916,2010-12-01T12:35:00Z,2011-11-16T11:17:00Z
17379,389.72,1,623,389.72,2011-11-28T13:56:00Z,2011-11-28T13:56:00Z
17381,20275.61,29,25649,699.1589655172414,2010-12-02T12:58:00Z,2011-12-01T11:59:00Z
17382,65.4,1,25,65.4,2011-10-05T13:05:00Z,2011-10-05T13:05:00Z
17383,193.39,1,148,193.39,2011-12-05T17:36:00Z,2011-12-05T17:36:00Z
17384,336.40000000000003,2,88,168.20000000000002,2011-05-04T16:07:00Z,2011-11-20T15:48:00Z
17385,256.11,1,197,256.11,2011-11-25T11:02:00Z,2011-11-25T11:02:00Z
17386,2686.42,6,1902,447.7366666666667,2011-06-27T12:11:00Z,2011-12-02T11:28:00Z
17387,746.81,2,522,373.405,2011-11-06T11:25:00Z,2011-11-20T11:00:00Z
17388,1259.5600000000002,4,1068,314.89000000000004,2011-02-25T12:28:00Z,2011-09-23T10:31:00Z
17389,31833.68,34,7612,936.2847058823529,2011-01-12T15:48:00Z,2011-12-09T09:38:00Z
17391,508.8,2,480,254.4,2011-06-28T12:21:00Z,2011-06-29T09:58:00Z
17392,417.27,2,277,208.635,2010-12-16T19:04:00Z,2011-02-06T12:48:00Z
17394,203.86999999999998,1,241,203.86999999999998,2011-05-04T13:22:00Z,2011-05-04T13:22:00Z
17396,7330.8,8,2005,916.35,2010-12-03T09:45:00Z,2011-10-31T14:12:00Z
17397,681.41,2,250,340.705,2011-11-17T13:58:00Z,2011-11-17T14:08:00Z
17398,653.38,3,310,217.79333333333332,2011-03-29T13:04:00Z,2011-08-17T09:48:00Z
17400,2097.84,5,1088,419.56800000000004,2010-12-21T17:16:00Z,2011-08-05T15:38:00Z
17402,2633.85,13,701,202.60384615384615,2010-12-05T13:53:00Z,2011-12-05T10:15:00Z
17403,263.92,1,111,263.92,2011-11-03T15:18:00Z,2011-11-03T15:18:00Z
17404,31906.82,15,32748,2127.1213333333335,2010-12-14T13:28:00Z,2011-12-05T16:26:00Z
17405,1031.41,3,726,343.80333333333334,2011-07-12T14:17:00Z,2011-12-08T17:12:00Z
17406,2184.42,3,780,728.14,2010-12-08T10:35:00Z,2011-01-10T15:07:00Z
17408,32.65,1,3,32.65,2011-06-29T12:53:00Z,2011-06-29T12:53:00Z
17409,771.85,2,105,385.925,2011-04-05T16:42:00Z,2011-06-08T10:36:00Z
17410,1214.72,5,616,242.94400000000002,2011-05-08T15:21:00Z,2011-11-23T15:46:00Z
17411,778.94,3,306,259.6466666666667,2011-03-23T13:44:00Z,2011-11-27T14:25:00Z
17412,1258.06,7,738,179.72285714285712,2010-12-02T16:29:00Z,2011-12-07T11:36:00Z
17414,778,2,2100,389,2011-06-08T11:43:00Z,2011-10-27T12:13:00Z
17415,507.84,1,114,507.84,2011-09-21T12:50:00Z,2011-09-21T12:50:00Z
17416,6893.42,7,4302,984.7742857142857,2011-03-03T13:45:00Z,2011-11-10T12:47:00Z
17418,463.46000000000004,2,289,231.73000000000002,2011-01-20T11:39:00Z,2011-10-28T13:00:00Z
17419,4226.57,12,1876,352.21416666666664,2010-12-07T15:03:00Z,2011-11-28T13:47:00Z
17420,598.83,3,265,199.61,2010-12-01T09:56:00Z,2011-10-20T14:52:00Z
17422,1979.37,6,2253,329.895,2011-02-16T14:44:00Z,2011-11-23T13:27:00Z
17423,698.41,2,459,349.205,2011-05-06T09:14:00Z,2011-10-24T13:36:00Z
17425,759.17,2,407,379.585,2011-10-10T11:37:00Z,2011-11-20T15:30:00Z
17426,5037.26,6,3094,839.5433333333334,2011-03-02T16:34:00Z,2011-12-01T18:07:00Z
17427,100.8,1,34,100.8,2011-09-29T11:29:00Z,2011-09-29T11:29:00Z
17428,17256.85,28,9474,616.3160714285714,2010-12-06T09:37:00Z,2011-12-09T09:45:00Z
17429,524.9200000000001,3,624,174.97333333333336,2011-05-05T09:53:00Z,2011-08-03T13:22:00Z
17430,265.76,2,190,132.88,2010-12-09T13:05:00Z,2011-11-07T09:24:00Z
17431,403.3,1,292,403.3,2011-01-30T14:36:00Z,2011-01-30T14:36:00Z
17432,365.76,2,207,182.88,2011-11-02T17:30:00Z,2011-11-21T17:33:00Z
17433,303.16,1,185,303.16,2011-09-12T14:24:00Z,2011-09-12T14:24:00Z
17434,2373.82,7,1693,339.1171428571429,2011-09-15T13:54:00Z,2011-12-07T13:16:00Z
17436,216.29999999999998,2,90,108.14999999999999,2011-04-27T11:33:00Z,2011-12-08T12:30:00Z
17438,388.45000000000005,1,103,388.45000000000005,2011-03-31T10:26:00Z,2011-03-31T10:26:00Z
17440,186.42000000000002,3,246,62.14000000000001,2011-04-06T12:05:00Z,2011-07-06T11:54:00Z
17442,2248.56,6,1496,374.76,2011-02-22T13:02:00Z,2011-11-03T09:17:00Z
17443,534.24,1,504,534.24,2011-05-04T10:47:00Z,2011-05-04T10:47:00Z
17444,2940.04,3,2119,980.0133333333333,2011-06-20T09:04:00Z,2011-07-15T12:05:00Z
17446,120.9,2,198,60.45,2011-02-02T14:40:00Z,2011-06-16T10:42:00Z
17447,541.53,2,443,270.765,2011-09-29T10:10:00Z,2011-10-30T14:18:00Z
17449,2519.21,7,1121,359.88714285714286,2010-12-15T10:57:00Z,2011-12-07T16:56:00Z
17450,194390.79,46,69973,4225.886739130435,2010-12-07T09:23:00Z,2011-12-01T13:29:00Z
17451,1721.4,7,1203,245.91428571428574,2011-08-26T11:54:00Z,2011-12-08T15:02:00Z
17453,486.71999999999997,2,219,243.35999999999999,2011-10-06T17:02:00Z,2011-11-22T09:42:00Z
17454,517.53,4,243,129.3825,2010-12-15T10:54:00Z,2011-05-31T13:58:00Z
17455,131.7,1,66,131.7,2011-05-20T12:31:00Z,2011-05-20T12:31:00Z
17456,249.85999999999999,1,222,249.85999999999999,2010-12-09T15:23:00Z,2010-12-09T15:23:00Z
17457,1737.7,5,826,347.54,2011-01-04T14:33:00Z,2011-08-05T12:48:00Z
17458,316.5,1,170,316.5,2011-11-24T13:01:00Z,2011-11-24T13:01:00Z
17459,657.3,2,537,328.65,2011-10-10T17:00:00Z,2011-10-27T13:25:00Z
17460,622.4300000000001,6,236,103.73833333333334,2010-12-01T16:24:00Z,2011-09-06T15:04:00Z
17461,735.82,3,770,245.27333333333334,2011-11-10T12:01:00Z,2011-11-17T10:21:00Z
17462,675.69,2,227,337.845,2011-02-28T17:01:00Z,2011-10-10T13:56:00Z
17463,1875.86,5,1086,375.17199999999997,2011-01-30T15:48:00Z,2011-11-23T13:40:00Z
17464,289.96,1,220,289.96,2011-07-04T13:19:00Z,2011-07-04T13:19:00Z
17466,763.28,2,306,381.64,2011-09-22T09:16:00Z,2011-11-29T13:15:00Z
17468,137,2,116,68.5,2011-11-25T12:52:00Z,2011-11-29T15:33:00Z
17469,1870.97,5,787,374.194,2011-05-19T08:55:00Z,2011-11-23T13:15:00Z
17470,1125.07,5,1675,225.01399999999998,2010-12-07T09:57:00Z,2011-10-26T12:42:00Z
17472,697.54,3,455,232.51333333333332,2011-02-13T14:40:00Z,2011-06-01T14:57:00Z
17475,194.37,1,178,194.37,2011-09-21T14:55:00Z,2011-09-21T14:55:00Z
17480,511.82,1,338,511.82,2011-09-23T11:39:00Z,2011-09-23T11:39:00Z
17481,1255.59,4,1061,313.8975,2011-09-07T09:57:00Z,2011-12-06T12:28:00Z
17483,414.04,3,191,138.01333333333335,2011-06-09T19:40:00Z,2011-10-05T13:10:00Z
17486,396.87,1,191,396.87,2011-03-23T14:00:00Z,2011-03-23T14:00:00Z
17489,376.64,2,428,188.32,2011-05-11T11:34:00Z,2011-10-12T08:56:00Z
17490,2092.32,7,1134,298.90285714285716,2011-06-16T09:15:00Z,2011-12-09T09:08:00Z
17491,3558.87,10,2013,355.887,2010-12-07T12:18:00Z,2011-12-08T16:18:00Z
17492,374.57,1,155,374.57,2011-04-05T15:21:00Z,2011-04-05T15:21:00Z
17495,497.56,2,229,248.78,2011-11-01T12:06:00Z,2011-12-02T12:08:00Z
17496,271.05,1,79,271.05,2010-12-16T08:39:00Z,2010-12-16T08:39:00Z
17498,272.22,1,394,272.22,2011-09-25T12:25:00Z,2011-09-25T12:25:00Z
17499,622.88,1,711,622.88,2011-02-23T09:14:00Z,2011-02-23T09:14:00Z
17500,1138,3,17,379.3333333333333,2011-11-10T09:08:00Z,2011-11-22T14:25:00Z
17501,288.6,2,160,144.3,2011-05-03T09:46:00Z,2011-05-03T09:47:00Z
17502,689.1,4,376,172.275,2011-11-10T16:39:00Z,2011-11-30T13:13:00Z
17503,558.96,2,486,279.48,2011-11-01T11:12:00Z,2011-12-07T09:18:00Z
17504,2997.03,9,1664,333.00333333333333,2011-01-21T11:09:00Z,2011-05-17T12:59:00Z
17505,1145.84,2,556,572.92,2011-05-18T09:01:00Z,2011-07-01T12:50:00Z
17506,302.2,1,139,302.2,2011-09-25T11:39:00Z,2011-09-25T11:39:00Z
17507,605.58,2,359,302.79,2011-02-03T18:08:00Z,2011-03-23T11:48:00Z
17508,387.31,1,289,387.31,2011-03-04T08:10:00Z,2011-03-04T08:10:00Z
17509,6083.64,8,3512,760.455,2011-10-07T13:14:00Z,2011-10-13T10:26:00Z
17510,308.48,1,214,308.48,2011-11-15T10:00:00Z,2011-11-15T10:00:00Z
17511,91062.38,31,64549,2937.496129032258,2010-12-01T10:19:00Z,2011-12-07T10:12:00Z
17512,2924.9900000000002,10,2753,292.499,2011-02-11T12:22:00Z,2011-11-11T12:11:00Z
17513,513.2,1,254,513.2,2011-09-28T16:42:00Z,2011-09-28T16:42:00Z
17514,208.65,1,135,208.65,2011-08-03T15:45:00Z,2011-08-03T15:45:00Z
17515,639.02,4,243,159.755,2011-01-25T14:33:00Z,2011-11-08T14:04:00Z
17516,764.88,5,414,152.976,2011-02-27T12:41:00Z,2011-11-24T16:51:00Z
17517,153.94,1,102,153.94,2011-02-04T11:48:00Z,2011-02-04T11:48:00Z
17519,1844.02,6,1236,307.33666666666664,2010-12-06T15:18:00Z,2011-11-22T16:43:00Z
17520,546.81,1,365,546.81,2011-10-17T12:04:00Z,2011-10-17T12:04:00Z
17521,723.2099999999999,3,519,241.06999999999996,2011-05-24T15:14:00Z,2011-11-10T11:22:00Z
17522,1070.71,5,1034,214.142,2011-05-05T16:31:00Z,2011-12-08T12:31:00Z
17523,652.74,4,872,163.185,2011-11-20T13:40:00Z,2011-11-28T13:20:00Z
17524,145,1,90,145,2010-12-13T14:32:00Z,2010-12-13T14:32:00Z
17525,422.70000000000005,1,82,422.70000000000005,2010-12-15T12:05:00Z,2010-12-15T12:05:00Z
17526,1195.8999999999999,4,310,298.97499999999997,2010-12-09T12:20:00Z,2011-12-05T11:05:00Z
17527,939.37,4,488,234.8425,2011-05-05T13:43:00Z,2011-10-17T12:32:00Z
17528,3628.5,8,2138,453.5625,2011-09-29T13:04:00Z,2011-12-08T13:27:00Z
17530,2367.12,10,1514,236.712,2010-12-09T20:01:00Z,2011-12-08T18:42:00Z
17531,296.7,1,136,296.7,2011-06-02T19:17:00Z,2011-06-02T19:17:00Z
17534,223.36,1,103,223.36,2011-10-17T12:47:00Z,2011-10-17T12:47:00Z
17535,164.4,1,136,164.4,2011-03-04T15:20:00Z,2011-03-04T15:20:00Z
17536,76.5,1,6,76.5,2011-06-15T13:23:00Z,2011-06-15T13:23:00Z
17537,887.67,2,699,443.835,2011-02-09T13:37:00Z,2011-11-10T10:56:00Z
17538,98.42,1,134,98.42,2011-11-14T12:12:00Z,2011-11-14T12:12:00Z
17540,578.9,2,194,289.45,2011-01-27T14:35:00Z,2011-11-15T11:56:00Z
17542,170.75,1,134,170.75,2011-03-15T11:45:00Z,2011-03-15T11:45:00Z
17545,642.32,3,337,214.10666666666668,2011-10-27T13:48:00Z,2011-10-27T14:04:00Z
17548,103.3,1,58,103.3,2011-04-20T12:01:00Z,2011-04-20T12:01:00Z
17549,148.86,2,210,74.43,2011-10-19T10:05:00Z,2011-11-16T09:59:00Z
17550,267.16,3,86,89.05333333333334,2011-04-10T15:19:00Z,2011-05-26T14:09:00Z
17551,290.34,1,142,290.34,2010-12-15T14:12:00Z,2010-12-15T14:12:00Z
17552,930.41,4,719,232.6025,2010-12-02T18:45:00Z,2011-10-10T17:00:00Z
17553,1487.6,1,1048,1487.6,2011-08-02T10:00:00Z,2011-08-02T10:00:00Z
17554,1952.45,5,1763,390.49,2011-07-14T20:01:00Z,2011-12-08T14:15:00Z
17555,480.31,2,348,240.155,2011-01-09T12:31:00Z,2011-11-20T12:22:00Z
17556,157.9,1,101,157.9,2011-05-18T10:48:00Z,2011-05-18T10:48:00Z
17557,541.46,3,306,180.48666666666668,2011-09-19T14:23:00Z,2011-11-25T12:57:00Z
17560,854.95,5,651,170.99,2011-02-02T11:14:00Z,2011-09-06T09:18:00Z
17561,165.12,1,144,165.12,2011-11-20T12:53:00Z,2011-11-20T12:53:00Z
17562,1122.38,7,817,160.34,2011-06-19T13:06:00Z,2011-11-25T14:21:00Z
17564,454.01,3,146,151.33666666666667,2011-09-20T14:00:00Z,2011-11-15T13:27:00Z
17566,869.77,2,497,434.885,2011-11-14T13:42:00Z,2011-12-01T19:54:00Z
17567,4331.48,8,2632,541.435,2010-12-02T15:18:00Z,2011-12-02T15:48:00Z
17569,344.14,1,159,344.14,2011-01-11T14:15:00Z,2011-01-11T14:15:00Z
17571,1425.67,4,876,356.4175,2011-02-14T15:15:00Z,2011-10-20T15:57:00Z
17572,226.75000000000003,4,95,56.68750000000001,2010-12-01T12:51:00Z,2011-09-29T17:53:00Z
17573,380.6,3,308,126.86666666666667,2011-09-07T10:36:00Z,2011-11-10T13:01:00Z
17574,185.65,1,77,185.65,2011-04-11T09:47:00Z,2011-04-11T09:47:00Z
17576,3564.83,19,1967,187.62263157894736,2010-12-09T16:57:00Z,2011-12-01T17:56:00Z
17578,143.46,1,138,143.46,2011-05-05T18:38:00Z,2011-05-05T18:38:00Z
17579,448.90000000000003,3,258,149.63333333333335,2011-06-13T14:12:00Z,2011-12-05T12:28:00Z
17580,215.72,3,88,71.90666666666667,2010-12-16T15:27:00Z,2011-04-01T12:41:00Z
17581,11025.24,25,5915,441.0096,2010-12-02T14:47:00Z,2011-12-09T12:21:00Z
17582,175.27,1,123,175.27,2011-04-17T13:18:00Z,2011-04-17T13:18:00Z
17584,1242.3,2,458,621.15,2011-08-04T14:12:00Z,2011-12-02T17:12:00Z
17585,1116.68,4,1650,279.17,2011-01-05T15:09:00Z,2011-08-22T13:30:00Z
17588,1240.2,3,676,413.40000000000003,2011-04-21T10:31:00Z,2011-08-31T13:37:00Z
17589,2404.17,4,1631,601.0425,2011-04-13T13:47:00Z,2011-10-10T16:58:00Z
17590,1468.02,3,822,489.34,2011-10-30T14:05:00Z,2011-12-07T12:55:00Z
17591,2203.67,7,1000,314.81,2010-12-07T15:39:00Z,2011-09-27T13:42:00Z
17593,3923.86,5,3089,784.772,2010-12-22T10:29:00Z,2011-12-06T10:30:00Z
17594,993.18,2,550,496.59,2011-03-30T10:32:00Z,2011-09-15T16:34:00Z
17595,386.69,2,228,193.345,2011-11-02T16:19:00Z,2011-11-27T16:08:00Z
17596,2806.69,7,4376,400.9557142857143,2010-12-06T12:34:00Z,2011-11-16T14:11:00Z
17597,2044.3700000000001,1,1176,2044.3700000000001,2011-05-10T11:54:00Z,2011-05-10T11:54:00Z
17600,161.67000000000002,1,144,161.67000000000002,2011-11-22T09:43:00Z,2011-11-22T09:43:00Z
17601,116.00999999999999,1,103,116.00999999999999,2011-04-14T18:02:00Z,2011-04-14T18:02:00Z
17602,5054.42,6,4116,842.4033333333333,2011-01-19T16:18:00Z,2011-12-07T13:53:00Z
17603,394.72,1,74,394.72,2011-09-22T14:18:00Z,2011-09-22T14:18:00Z
17604,309.36,2,169,154.68,2011-01-31T15:09:00Z,2011-05-06T13:43:00Z
17608,191.99,2,229,95.995,2011-11-06T13:00:00Z,2011-11-06T13:06:00Z
17609,1105.78,5,719,221.156,2011-01-16T16:23:00Z,2011-10-30T12:28:00Z
17611,3961.12,15,2550,264.07466666666664,2010-12-13T13:52:00Z,2011-12-02T13:29:00Z
17612,2048.45,6,1808,341.4083333333333,2011-02-15T10:40:00Z,2011-10-17T14:59:00Z
17613,4544.55,14,2490,324.6107142857143,2011-02-07T11:20:00Z,2011-11-17T10:51:00Z
17614,386.32,1,235,386.32,2011-10-13T16:01:00Z,2011-10-13T16:01:00Z
17615,329.6,3,140,109.86666666666667,2011-05-01T15:33:00Z,2011-08-01T14:06:00Z
17616,571.1999999999999,3,224,190.39999999999998,2010-12-07T10:04:00Z,2011-06-19T10:11:00Z
17618,930.28,3,319,310.0933333333333,2010-12-12T16:05:00Z,2011-12-04T11:50:00Z
17619,214.37,1,124,214.37,2011-01-31T14:18:00Z,2011-01-31T14:18:00Z
17620,81.44,1,60,81.44,2011-10-11T12:08:00Z,2011-10-11T12:08:00Z
17621,1379.9,3,514,459.9666666666667,2010-12-20T13:31:00Z,2011-11-18T17:11:00Z
17623,527.0500000000001,1,265,527.0500000000001,2011-11-07T11:32:00Z,2011-11-07T11:32:00Z
17624,843.48,2,554,421.74,2011-05-05T17:59:00Z,2011-11-25T10:52:00Z
17625,2020.4,4,1180,505.1,2011-03-27T12:21:00Z,2011-11-21T13:36:00Z
17628,75.75,1,79,75.75,2011-09-19T15:21:00Z,2011-09-19T15:21:00Z
17629,1814.12,8,1629,226.765,2010-12-15T09:58:00Z,2011-12-04T10:56:00Z
17630,503.59999999999997,2,158,251.79999999999998,2011-04-21T14:03:00Z,2011-06-23T11:58:00Z
17631,528.33,3,334,176.11,2011-04-21T13:22:00Z,2011-12-08T09:47:00Z
17633,1324.84,4,644,331.21,2011-08-11T15:43:00Z,2011-11-08T13:25:00Z
17634,2358.59,9,838,262.0655555555556,2011-01-06T12:45:00Z,2011-11-03T13:09:00Z
17636,285.56,1,182,285.56,2011-11-20T14:40:00Z,2011-11-20T14:40:00Z
17637,547.0600000000001,2,280,273.53000000000003,2011-08-16T13:25:00Z,2011-11-08T12:51:00Z
17639,108.5,1,49,108.5,2011-03-08T15:22:00Z,2011-03-08T15:22:00Z
17640,621.66,1,250,621.66,2011-09-14T09:13:00Z,2011-09-14T09:13:00Z
17642,712.29,2,474,356.145,2011-06-16T12:55:00Z,2011-08-12T09:11:00Z
17643,101.55,1,71,101.55,2010-12-01T14:38:00Z,2010-12-01T14:38:00Z
17644,2895.64,11,1793,263.24,2011-03-24T09:44:00Z,2011-12-08T13:43:00Z
17646,1008.39,3,323,336.13,2010-12-09T14:28:00Z,2011-05-04T13:17:00Z
17647,133.06,1,30,133.06,2011-10-05T15:38:00Z,2011-10-05T15:38:00Z
17648,1797.5,4,487,449.375,2011-04-04T10:29:00Z,2011-10-10T09:41:00Z
17649,868.49,1,399,868.49,2011-07-24T15:53:00Z,2011-07-24T15:53:00Z
17650,166.08,1,150,166.08,2011-11-18T14:52:00Z,2011-11-18T14:52:00Z
17651,3945,10,3112,394.5,2011-06-15T15:57:00Z,2011-11-28T10:29:00Z
17652,4867.72,12,2509,405.6433333333334,2011-03-03T14:05:00Z,2011-11-14T12:55:00Z
17653,1207.56,4,1409,301.89,2011-08-11T15:24:00Z,2011-11-03T12:46:00Z
17654,117.55,1,41,117.55,2011-03-07T13:17:00Z,2011-03-07T13:17:00Z
17655,2638.94,7,1116,376.99142857142857,2010-12-08T16:45:00Z,2011-11-29T11:34:00Z
17656,1674.69,5,1399,334.938,2011-08-03T10:45:00Z,2011-09-27T13:04:00Z
17658,595.42,2,616,297.71,2011-05-12T15:23:00Z,2011-11-14T12:07:00Z
17659,2999.46,12,1525,249.955,2010-12-02T16:46:00Z,2011-11-22T13:29:00Z
17660,178.75,1,121,178.75,2011-07-21T13:37:00Z,2011-07-21T13:37:00Z
17663,1802.91,7,797,257.55857142857144,2011-02-25T14:11:00Z,2011-11-14T08:56:00Z
17664,604.64,2,604,302.32,2011-05-11T14:17:00Z,2011-11-21T11:29:00Z
17666,728.16,2,596,364.08,2011-10-05T11:06:00Z,2011-12-06T09:06:00Z
17667,2055.51,5,1037,411.10200000000003,2011-02-14T09:24:00Z,2011-10-04T14:32:00Z
17668,347.75,2,93,173.875,2011-11-01T14:45:00Z,2011-12-08T13:25:00Z
17669,3406.7200000000003,7,1916,486.67428571428576,2011-04-04T10:11:00Z,2011-10-28T08:53:00Z
17670,205.7,1,110,205.7,2011-04-26T09:12:00Z,2011-04-26T09:12:00Z
17671,1572.71,4,772,393.1775,2010-12-09T14:27:00Z,2011-11-24T12:21:00Z
17672,3178.17,2,1690,1589.085,2011-02-03T13:29:00Z,2011-10-20T14:18:00Z
17673,1594.97,6,1462,265.8283333333333,2011-01-23T15:16:00Z,2011-12-08T12:50:00Z
17674,551.0400000000001,2,672,275.52000000000004,2010-12-06T10:20:00Z,2011-09-26T13:35:00Z
17675,20374.28,31,8360,657.2348387096774,2010-12-07T13:22:00Z,2011-12-08T18:03:00Z
17676,1371.18,6,922,228.53,2010-12-08T13:49:00Z,2011-12-05T15:16:00Z
17677,16345.380000000001,30,9772,544.846,2010-12-06T08:42:00Z,2011-12-08T09:56:00Z
17678,298.11,1,207,298.11,2011-03-21T11:52:00Z,2011-03-21T11:52:00Z
17679,1992.11,2,729,996.055,2011-09-15T10:35:00Z,2011-10-18T07:43:00Z
17680,184.4,1,96,184.4,2011-11-16T12:42:00Z,2011-11-16T12:42:00Z
17682,2474.33,6,1367,412.3883333333333,2010-12-06T13:35:00Z,2011-11-29T15:59:00Z
17684,239.41,1,145,239.41,2011-10-27T11:10:00Z,2011-10-27T11:10:00Z
17685,3155.83,7,1907,450.8328571428571,2010-12-02T14:42:00Z,2011-11-23T11:36:00Z
17686,5739.46,7,2478,819.9228571428572,2011-02-10T10:18:00Z,2011-12-02T15:39:00Z
17690,4726.8,15,1769,315.12,2010-12-01T16:15:00Z,2011-11-09T15:17:00Z
17691,290.40000000000003,2,134,145.20000000000002,2010-12-06T11:10:00Z,2010-12-16T17:20:00Z
17692,740.9399999999999,4,672,185.23499999999999,2010-12-15T13:37:00Z,2011-08-04T14:01:00Z
17693,200.47,1,231,200.47,2011-07-25T15:48:00Z,2011-07-25T15:48:00Z
17694,283.12,1,184,283.12,2011-07-21T12:00:00Z,2011-07-21T12:00:00Z
17695,765.34,2,779,382.67,2011-06-21T12:35:00Z,2011-07-31T10:40:00Z
17696,2285.71,8,1756,285.71375,2010-12-10T09:51:00Z,2011-11-01T13:43:00Z
17697,338.95,1,93,338.95,2011-04-17T15:40:00Z,2011-04-17T15:40:00Z
17698,154.95,1,93,154.95,2011-03-24T11:34:00Z,2011-03-24T11:34:00Z
17700,2534.64,4,1266,633.66,2011-03-03T16:34:00Z,2011-11-23T11:51:00Z
17701,417.95,1,109,417.95,2011-04-01T12:25:00Z,2011-04-01T12:25:00Z
17702,1824.3700000000001,4,1353,456.09250000000003,2011-05-17T16:23:00Z,2011-11-09T16:03:00Z
17703,798.74,3,590,266.24666666666667,2011-07-24T13:30:00Z,2011-11-04T15:51:00Z
17704,885.19,2,343,442.595,2011-04-14T09:28:00Z,2011-06-24T09:40:00Z
17705,1823.52,9,963,202.61333333333334,2011-02-11T10:57:00Z,2011-12-06T13:45:00Z
17706,10504.49,17,3899,617.9111764705882,2010-12-08T11:02:00Z,2011-12-05T13:34:00Z
17707,152.4,2,144,76.2,2011-01-07T13:30:00Z,2011-06-07T15:03:00Z
17708,263.33,2,90,131.665,2011-01-19T10:09:00Z,2011-06-05T10:12:00Z
17709,137.45000000000002,1,17,137.45000000000002,2011-06-23T11:55:00Z,2011-06-23T11:55:00Z
17711,385.1,2,246,192.55,2011-02-23T11:32:00Z,2011-11-29T11:40:00Z
17712,522.91,1,215,522.91,2011-10-26T12:28:00Z,2011-10-26T12:28:00Z
17714,153,1,92,153,2011-01-23T10:32:00Z,2011-01-23T10:32:00Z
17715,326.4,1,384,326.4,2011-05-23T12:32:00Z,2011-05-23T12:32:00Z
17716,5655.99,11,3072,514.180909090909,2011-03-17T10:38:00Z,2011-11-17T12:00:00Z
17718,139.35,1,83,139.35,2011-04-21T13:39:00Z,2011-04-21T13:39:00Z
17719,5396.04,15,2466,359.736,2011-03-29T11:29:00Z,2011-11-02T10:36:00Z
17720,1195.94,4,576,298.985,2010-12-07T10:43:00Z,2011-11-13T15:04:00Z
17722,2424.04,4,1595,606.01,2010-12-08T12:41:00Z,2011-09-04T15:22:00Z
17723,3276.4,6,792,546.0666666666667,2011-05-09T14:44:00Z,2011-08-04T18:37:00Z
17724,1033,3,300,344.3333333333333,2011-07-24T13:26:00Z,2011-09-29T15:26:00Z
17725,3439.08,11,2162,312.64363636363635,2011-03-17T19:47:00Z,2011-11-23T16:34:00Z
17727,1060.25,1,645,1060.25,2011-11-24T17:06:00Z,2011-11-24T17:06:00Z
17728,2876.01,3,1469,958.6700000000001,2011-09-14T11:39:00Z,2011-12-06T08:52:00Z
17730,5298.4800000000005,13,3576,407.5753846153847,2011-01-17T14:49:00Z,2011-12-06T15:43:00Z
17731,1240.11,4,493,310.0275,2011-06-09T14:18:00Z,2011-09-21T15:02:00Z
17732,303.97,1,93,303.97,2010-12-02T09:29:00Z,2010-12-02T09:29:00Z
17733,692.19,2,463,346.095,2011-03-23T09:54:00Z,2011-11-01T08:16:00Z
17734,700.63,3,422,233.54333333333332,2011-04-20T10:04:00Z,2011-10-17T12:33:00Z
17735,13110.02,19,8439,690.001052631579,2010-12-07T10:32:00Z,2011-12-07T16:47:00Z
17736,377.44,3,238,125.81333333333333,2011-08-18T14:33:00Z,2011-11-30T15:36:00Z
17737,168.24,2,108,84.12,2011-10-12T14:42:00Z,2011-11-30T15:16:00Z
17738,1879.05,4,1029,469.7625,2011-03-02T16:26:00Z,2011-11-20T15:05:00Z
17739,2791.35,7,861,398.7642857142857,2010-12-14T14:26:00Z,2011-11-28T09:12:00Z
17742,355.11,2,89,177.555,2011-01-11T10:04:00Z,2011-08-18T15:28:00Z
17744,2322.4,6,3412,387.06666666666666,2010-12-16T14:17:00Z,2011-12-06T12:11:00Z
17746,110.25,1,29,110.25,2011-04-13T14:31:00Z,2011-04-13T14:31:00Z
17747,71.4,1,12,71.4,2011-08-19T08:13:00Z,2011-08-19T08:13:00Z
17749,674.52,2,320,337.26,2011-03-28T13:39:00Z,2011-06-14T15:45:00Z
17750,1710.45,9,3747,190.05,2011-06-28T15:44:00Z,2011-12-04T14:09:00Z
17752,80.64,1,192,80.64,2010-12-15T16:19:00Z,2010-12-15T16:19:00Z
17754,1664.65,5,1816,332.93,2011-03-24T13:54:00Z,2011-12-09T11:20:00Z
17757,5593.39,30,3318,186.44633333333334,2010-12-02T17:17:00Z,2011-12-08T15:31:00Z
17758,3408.2000000000003,8,2054,426.02500000000003,2011-04-03T15:22:00Z,2011-11-20T14:45:00Z
17759,819.96,3,697,273.32,2011-06-23T13:35:00Z,2011-11-22T16:02:00Z
17760,287.59,2,239,143.795,2010-12-01T15:08:00Z,2011-11-18T10:56:00Z
17761,712.78,1,398,712.78,2011-11-07T10:23:00Z,2011-11-07T10:23:00Z
17763,15,1,12,15,2011-03-21T14:25:00Z,2011-03-21T14:25:00Z
17764,772.55,2,351,386.275,2011-05-12T16:11:00Z,2011-10-20T11:03:00Z
17765,367.63,3,143,122.54333333333334,2011-03-28T11:58:00Z,2011-07-04T12:41:00Z
17767,271.2,1,128,271.2,2011-11-24T14:42:00Z,2011-11-24T14:42:00Z
17768,2081.9,3,1122,693.9666666666667,2011-06-26T13:46:00Z,2011-12-01T13:22:00Z
17769,3957.43,10,1850,395.743,2011-01-23T11:15:00Z,2011-11-27T11:18:00Z
17770,1143.27,5,365,228.654,2011-03-02T13:35:00Z,2011-05-25T12:34:00Z
17771,245.81,2,287,122.905,2011-01-20T14:13:00Z,2011-10-14T11:43:00Z
17772,173.45,2,55,86.725,2011-11-29T10:57:00Z,2011-11-29T11:05:00Z
17774,1213.73,4,508,303.4325,2011-02-07T13:13:00Z,2011-09-04T12:49:00Z
17775,56.4,1,72,56.4,2011-03-30T10:50:00Z,2011-03-30T10:50:00Z
17777,647.56,3,501,215.85333333333332,2011-08-31T14:35:00Z,2011-11-15T12:02:00Z
17779,650.32,3,396,216.77333333333334,2011-07-19T12:19:00Z,2011-11-18T14:15:00Z
17781,188.02,2,34,94.01,2011-03-31T19:54:00Z,2011-07-03T16:00:00Z
17783,283.47,2,354,141.735,2011-04-06T10:07:00Z,2011-09-28T16:07:00Z
17785,131.94,1,67,131.94,2011-10-17T13:43:00Z,2011-10-17T13:43:00Z
17786,266.85,2,195,133.425,2011-01-26T14:35:00Z,2011-09-15T12:51:00Z
17787,1817.54,4,896,454.385,2010-12-03T13:43:00Z,2011-07-10T11:24:00Z
17788,1117.9,2,211,558.95,2011-08-02T10:38:00Z,2011-09-27T10:09:00Z
17789,225.9,1,74,225.9,2011-03-03T13:14:00Z,2011-03-03T13:14:00Z
17790,1964.3,14,835,140.30714285714285,2010-12-10T10:47:00Z,2011-11-13T11:30:00Z
17791,106.1,1,46,106.1,2011-11-10T12:09:00Z,2011-11-10T12:09:00Z
17793,300.34,1,226,300.34,2011-11-14T14:24:00Z,2011-11-14T14:24:00Z
17795,342.83,2,305,171.415,2011-03-20T12:02:00Z,2011-06-13T12:36:00Z
17796,690,4,176,172.5,2010-12-05T12:23:00Z,2011-10-30T15:38:00Z
17797,780.43,3,498,260.1433333333333,2011-06-10T11:29:00Z,2011-11-17T13:21:00Z
17799,3039.17,10,1753,303.91700000000003,2010-12-13T13:10:00Z,2011-11-17T15:16:00Z
17800,1187.21,9,732,131.91222222222223,2011-01-09T13:50:00Z,2011-11-02T12:57:00Z
17802,1285.04,3,752,428.34666666666664,2010-12-02T13:44:00Z,2011-09-18T14:56:00Z
17805,512.31,1,478,512.31,2011-09-27T11:49:00Z,2011-09-27T11:49:00Z
17806,546.04,1,727,546.04,2011-11-28T14:12:00Z,2011-11-28T14:12:00Z
17809,5411.91,12,2057,450.9925,2010-12-01T09:41:00Z,2011-11-23T12:59:00Z
17811,7761.82,39,4146,199.02102564102563,2011-01-10T10:58:00Z,2011-12-05T13:46:00Z
17812,699.81,4,329,174.9525,2010-12-06T15:27:00Z,2011-11-27T11:47:00Z
17813,1698.07,5,752,339.614,2011-09-29T15:57:00Z,2011-11-25T16:13:00Z
17816,36.56,4,30,9.14,2010-12-09T14:10:00Z,2011-11-03T11:34:00Z
17817,387.68,3,67,129.22666666666666,2011-03-07T17:30:00Z,2011-12-05T14:39:00Z
17819,3704.87,7,1031,529.2671428571429,2010-12-03T14:26:00Z,2011-09-29T10:52:00Z
17824,298.4,1,408,298.4,2011-10-19T14:14:00Z,2011-10-19T14:14:00Z
17827,1987.33,5,1240,397.466,2010-12-10T10:18:00Z,2011-12-04T15:00:00Z
17828,1820.09,4,667,455.0225,2011-06-08T08:31:00Z,2011-11-17T08:41:00Z
17829,889.24,1,496,889.24,2011-02-14T12:46:00Z,2011-02-14T12:46:00Z
17830,398.7,3,92,132.9,2011-02-24T10:15:00Z,2011-12-08T12:28:00Z
17831,35.400000000000006,1,12,35.400000000000006,2011-11-06T15:09:00Z,2011-11-06T15:09:00Z
17832,155.37,1,208,155.37,2011-10-21T11:43:00Z,2011-10-21T11:43:00Z
17835,342.24,3,344,114.08,2011-11-16T16:30:00Z,2011-12-07T11:48:00Z
17836,110.21,1,88,110.21,2011-10-23T16:13:00Z,2011-10-23T16:13:00Z
17837,1541.23,8,510,192.65375,2011-06-29T16:44:00Z,2011-10-28T16:13:00Z
17838,2720.8,5,1831,544.1600000000001,2010-12-02T15:55:00Z,2011-11-13T11:20:00Z
17839,318.15,1,257,318.15,2011-10-28T17:27:00Z,2011-10-28T17:27:00Z
17841,40519.84,124,22834,326.77290322580643,2010-12-01T14:41:00Z,2011-12-08T12:07:00Z
17843,205.48,1,113,205.48,2011-02-09T15:33:00Z,2011-02-09T15:33:00Z
17844,51.56,1,52,51.56,2011-08-25T11:27:00Z,2011-08-25T11:27:00Z
17846,2033.1,1,1,2033.1,2011-09-15T15:20:00Z,2011-09-15T15:20:00Z
17848,901.1999999999999,9,398,100.13333333333333,2010-12-16T18:38:00Z,2011-09-19T16:49:00Z
17849,605.8000000000001,4,114,151.45000000000002,2011-01-10T11:59:00Z,2011-05-05T13:46:00Z
17850,5391.21,34,1733,158.565,2010-12-01T08:26:00Z,2010-12-02T15:27:00Z
17852,114.34,2,53,57.17,2011-11-28T12:31:00Z,2011-11-28T12:36:00Z
17854,311.26,2,84,155.63,2011-04-26T16:53:00Z,2011-06-07T16:21:00Z
17855,208.97,1,197,208.97,2010-12-02T09:44:00Z,2010-12-02T09:44:00Z
17856,1418.03,4,842,354.5075,2011-03-03T11:40:00Z,2011-12-08T09:40:00Z
17857,26879.04,23,19256,1168.6539130434783,2010-12-09T11:35:00Z,2011-12-05T13:13:00Z
17858,5140.66,12,2694,428.3883333333333,2010-12-05T13:08:00Z,2011-12-04T11:56:00Z
17859,141.92000000000002,1,102,141.92000000000002,2011-02-08T10:32:00Z,2011-02-08T10:32:00Z
17860,226.45000000000002,1,93,226.45000000000002,2010-12-06T12:41:00Z,2010-12-06T12:41:00Z
17861,2097.88,8,1985,262.235,2011-01-24T11:34:00Z,2011-12-06T16:21:00Z
17862,330.9,1,100,330.9,2011-01-20T12:23:00Z,2011-01-20T12:23:00Z
17863,3160,6,2638,526.6666666666666,2010-12-05T13:21:00Z,2011-10-11T13:45:00Z
17864,554.85,3,706,184.95000000000002,2011-03-09T11:44:00Z,2011-11-27T11:15:00Z
17865,10526.32,20,5757,526.316,2010-12-10T14:53:00Z,2011-11-09T12:08:00Z
17866,329.65,1,174,329.65,2011-07-20T11:07:00Z,2011-07-20T11:07:00Z
17867,1157.8700000000001,6,508,192.97833333333335,2011-02-24T12:25:00Z,2011-11-09T14:15:00Z
17869,428.18,5,111,85.636,2010-12-06T17:16:00Z,2011-08-24T16:16:00Z
17870,1865.89,12,1351,155.49083333333334,2010-12-08T08:12:00Z,2011-12-07T15:07:00Z
17871,155.9,1,182,155.9,2011-05-19T11:32:00Z,2011-05-19T11:32:00Z
17873,1848.96,5,1035,369.79200000000003,2010-12-01T14:54:00Z,2011-09-20T16:41:00Z
17874,683.46,6,221,113.91000000000001,2011-03-29T11:25:00Z,2011-06-07T12:54:00Z
17877,237.60999999999999,1,98,237.60999999999999,2011-06-22T13:00:00Z,2011-06-22T13:00:00Z
17878,379.45,1,401,379.45,2011-10-27T11:24:00Z,2011-10-27T11:24:00Z
17879,178.51999999999998,1,45,178.51999999999998,2011-06-19T12:36:00Z,2011-06-19T12:36:00Z
17880,458.92,1,314,458.92,2010-12-10T10:21:00Z,2010-12-10T10:21:00Z
17881,133.35,1,32,133.35,2011-02-08T17:16:00Z,2011-02-08T17:16:00Z
17883,664.34,4,374,166.085,2011-04-07T19:16:00Z,2011-12-06T17:49:00Z
17884,695.0699999999999,4,817,173.76749999999998,2010-12-03T12:11:00Z,2011-12-06T11:33:00Z
17885,156.34,1,110,156.34,2011-11-27T14:40:00Z,2011-11-27T14:40:00Z
17886,869.28,3,469,289.76,2011-04-04T12:34:00Z,2011-11-08T10:09:00Z
17887,111.35,1,30,111.35,2011-08-02T17:29:00Z,2011-08-02T17:29:00Z
17888,716,8,973,89.5,2010-12-17T13:56:00Z,2011-11-18T13:45:00Z
17889,201.37,2,77,100.685,2011-01-21T17:14:00Z,2011-05-11T16:26:00Z
17890,586.89,2,402,293.445,2010-12-13T15:12:00Z,2011-01-21T11:19:00Z
17891,203.85999999999999,1,393,203.85999999999999,2011-06-30T20:08:00Z,2011-06-30T20:08:00Z
17892,244.1,3,109,81.36666666666666,2011-07-07T12:56:00Z,2011-10-14T16:49:00Z
17893,107.21,1,149,107.21,2011-04-28T13:50:00Z,2011-04-28T13:50:00Z
17894,1118.96,8,404,139.87,2010-12-08T14:50:00Z,2011-09-29T09:23:00Z
17895,95.45,1,127,95.45,2011-10-26T17:00:00Z,2011-10-26T17:00:00Z
17896,256.32,1,288,256.32,2011-11-16T13:59:00Z,2011-11-16T13:59:00Z
17897,541.8100000000001,3,222,180.60333333333335,2010-12-01T12:31:00Z,2011-06-20T11:23:00Z
17898,152.06,2,190,76.03,2011-05-16T17:13:00Z,2011-09-15T14:56:00Z
17899,154.54999999999998,1,170,154.54999999999998,2011-07-03T14:58:00Z,2011-07-03T14:58:00Z
17900,112.19999999999999,2,73,56.099999999999994,2011-06-02T14:28:00Z,2011-06-02T14:38:00Z
17901,110.38,1,24,110.38,2011-11-10T17:29:00Z,2011-11-10T17:29:00Z
17904,181.07,1,59,181.07,2011-11-18T12:57:00Z,2011-11-18T12:57:00Z
17905,798.99,4,406,199.7475,2010-12-01T13:21:00Z,2011-09-29T17:33:00Z
17906,72.9,1,26,72.9,2011-04-06T17:25:00Z,2011-04-06T17:25:00Z
17908,232.03,1,169,232.03,2010-12-01T11:45:00Z,2010-12-01T11:45:00Z
17911,366.23,1,223,366.23,2011-11-30T14:52:00Z,2011-11-30T14:52:00Z
17912,310.06,5,184,62.012,2010-12-10T11:11:00Z,2011-02-02T14:25:00Z
17913,408.65,2,288,204.325,2010-12-19T11:35:00Z,2011-10-12T10:45:00Z
17914,329.36,1,457,329.36,2011-12-06T11:58:00Z,2011-12-06T11:58:00Z
17917,335.03,3,184,111.67666666666666,2010-12-12T12:08:00Z,2011-10-25T13:20:00Z
17919,1304.04,1,756,1304.04,2011-09-12T13:41:00Z,2011-09-12T13:41:00Z
17920,4119.5,17,2473,242.3235294117647,2010-12-01T11:49:00Z,2011-12-05T14:29:00Z
17921,820.23,4,425,205.0575,2011-03-18T13:19:00Z,2011-10-06T18:56:00Z
17923,207.50000000000003,1,50,207.50000000000003,2011-03-02T15:15:00Z,2011-03-02T15:15:00Z
17924,2962.5,7,1160,423.2142857142857,2010-12-01T10:51:00Z,2011-11-28T09:11:00Z
17925,244.08,1,72,244.08,2010-12-02T10:10:00Z,2010-12-02T10:10:00Z
17926,397.29,2,306,198.645,2011-05-20T09:24:00Z,2011-07-29T14:39:00Z
17928,212.54000000000002,2,140,106.27000000000001,2011-04-07T18:03:00Z,2011-10-25T13:52:00Z
17929,843,4,108,210.75,2011-02-04T11:40:00Z,2011-11-28T16:01:00Z
17930,1740.48,5,1594,348.096,2011-04-14T15:46:00Z,2011-11-04T10:23:00Z
17931,408.36,2,249,204.18,2011-03-29T12:31:00Z,2011-07-28T18:33:00Z
17932,1331.57,3,789,443.8566666666666,2011-05-12T13:58:00Z,2011-11-10T19:49:00Z
17934,704.25,2,478,352.125,2011-10-12T10:50:00Z,2011-10-19T11:16:00Z
17935,145.79,2,82,72.895,2011-07-21T11:23:00Z,2011-07-24T13:18:00Z
17936,380.13,1,257,380.13,2011-12-04T13:32:00Z,2011-12-04T13:32:00Z
17937,4301.22,7,1754,614.46,2010-12-12T14:43:00Z,2011-12-01T11:45:00Z
17939,99.14,1,40,99.14,2011-07-03T12:27:00Z,2011-07-03T12:27:00Z
17940,4020.04,10,9323,402.004,2011-02-10T09:29:00Z,2011-10-21T13:27:00Z
17941,304.56,1,252,304.56,2011-08-01T08:30:00Z,2011-08-01T08:30:00Z
17942,77.50000000000001,1,38,77.50000000000001,2011-12-02T10:45:00Z,2011-12-02T10:45:00Z
17946,149.57999999999998,2,75,74.78999999999999,2011-03-25T14:34:00Z,2011-04-20T17:00:00Z
17947,176.68,1,168,176.68,2011-11-02T13:05:00Z,2011-11-02T13:05:00Z
17948,358.56000000000006,1,144,358.56000000000006,2011-07-15T12:58:00Z,2011-07-15T12:58:00Z
17949,58510.48,45,30546,1300.232888888889,2010-12-03T13:12:00Z,2011-12-08T18:46:00Z
17950,482.2,3,366,160.73333333333332,2010-12-09T15:16:00Z,2011-09-28T15:18:00Z
17951,1008.5400000000001,3,616,336.18,2010-12-01T12:40:00Z,2011-10-31T12:30:00Z
17954,2314.13,12,2221,192.84416666666667,2010-12-03T14:18:00Z,2011-12-04T14:15:00Z
17955,557.3,4,273,139.325,2011-05-04T12:29:00Z,2011-05-25T12:00:00Z
17956,12.75,1,1,12.75,2011-04-04T13:47:00Z,2011-04-04T13:47:00Z
17957,111.68,1,287,111.68,2011-10-04T14:58:00Z,2011-10-04T14:58:00Z
17958,508.46,1,84,508.46,2011-08-15T12:19:00Z,2011-08-15T12:19:00Z
17960,73.78,1,41,73.78,2011-06-21T14:15:00Z,2011-06-21T14:15:00Z
17961,1296.44,39,560,33.242051282051285,2010-12-02T19:18:00Z,2011-11-18T16:55:00Z
17962,102.41,1,127,102.41,2011-07-20T14:16:00Z,2011-07-20T14:16:00Z
17964,463.21,2,294,231.605,2010-12-02T13:32:00Z,2011-11-08T10:44:00Z
17965,2599.19,14,1532,185.65642857142856,2010-12-05T15:54:00Z,2011-11-02T09:31:00Z
17966,1098.43,5,2571,219.686,2011-03-23T17:25:00Z,2011-11-02T10:26:00Z
17967,112.27,1,73,112.27,2010-12-03T11:19:00Z,2010-12-03T11:19:00Z
17968,265.1,1,151,265.1,2010-12-01T12:23:00Z,2010-12-01T12:23:00Z
17969,228.2,2,152,114.1,2010-12-13T15:34:00Z,2011-06-26T13:00:00Z
17970,562.79,1,513,562.79,2011-05-12T20:03:00Z,2011-05-12T20:03:00Z
17972,135.19,1,36,135.19,2011-04-12T12:16:00Z,2011-04-12T12:16:00Z
17973,337.04,1,176,337.04,2011-10-19T10:34:00Z,2011-10-19T10:34:00Z
17974,703.99,3,500,234.66333333333333,2011-05-04T11:50:00Z,2011-11-15T11:37:00Z
17975,4483.26,13,1565,344.86615384615385,2010-12-08T11:38:00Z,2011-11-24T13:27:00Z
17976,321.79,1,93,321.79,2010-12-02T13:49:00Z,2010-12-02T13:49:00Z
17977,288.14,1,342,288.14,2011-11-10T13:28:00Z,2011-11-10T13:28:00Z
17978,300.92,1,499,300.92,2010-12-09T14:05:00Z,2010-12-09T14:05:00Z
17979,732.41,4,383,183.1025,2011-03-25T11:34:00Z,2011-11-04T12:05:00Z
17980,811.45,3,682,270.48333333333335,2010-12-15T15:50:00Z,2011-06-27T12:01:00Z
17984,152.68,1,98,152.68,2011-07-17T15:59:00Z,2011-07-17T15:59:00Z
17985,631.35,1,171,631.35,2011-11-17T14:24:00Z,2011-11-17T14:24:00Z
17986,20.8,1,10,20.8,2011-10-14T14:22:00Z,2011-10-14T14:22:00Z
17987,198.57,1,261,198.57,2011-06-07T14:22:00Z,2011-06-07T14:22:00Z
17988,201.12,7,43,28.731428571428573,2011-01-17T11:59:00Z,2011-11-28T11:00:00Z
17990,630.84,3,414,210.28,2010-12-13T12:10:00Z,2011-04-17T11:44:00Z
17991,93.35,2,25,46.675,2011-04-27T16:39:00Z,2011-04-28T15:58:00Z
17994,674.89,4,495,168.7225,2011-02-22T11:02:00Z,2011-08-10T11:41:00Z
17995,76.1,1,133,76.1,2011-03-03T12:30:00Z,2011-03-03T12:30:00Z
17997,1962.46,8,2273,245.3075,2011-06-28T17:28:00Z,2011-09-26T16:13:00Z
17999,380.39,2,219,190.195,2010-12-08T15:17:00Z,2011-11-02T15:56:00Z
18001,415.13,2,362,207.565,2011-09-14T11:21:00Z,2011-11-27T16:02:00Z
18004,157.92,1,75,157.92,2010-12-12T13:47:00Z,2010-12-12T13:47:00Z
18005,226.47,2,86,113.235,2011-10-23T14:40:00Z,2011-12-06T11:51:00Z
18006,444.68,1,220,444.68,2011-11-16T16:52:00Z,2011-11-16T16:52:00Z
18008,2116.19,9,1581,235.13222222222223,2011-01-25T12:26:00Z,2011-09-30T15:17:00Z
18009,247.39,1,125,247.39,2011-04-18T13:36:00Z,2011-04-18T13:36:00Z
18010,174.8,1,60,174.8,2011-03-28T12:27:00Z,2011-03-28T12:27:00Z
18011,102.78999999999999,1,71,102.78999999999999,2010-12-01T17:35:00Z,2010-12-01T17:35:00Z
18013,187.29,2,285,93.645,2011-07-07T14:08:00Z,2011-07-07T14:11:00Z
18014,162.22,1,66,162.22,2011-11-11T15:28:00Z,2011-11-11T15:28:00Z
18015,120.03,1,157,120.03,2011-12-05T14:49:00Z,2011-12-05T14:49:00Z
18016,1477.66,5,1027,295.53200000000004,2010-12-10T17:14:00Z,2011-11-07T13:25:00Z
18017,523,3,300,174.33333333333334,2011-02-02T13:57:00Z,2011-09-19T16:15:00Z
18018,122.14,2,55,61.07,2011-05-24T13:22:00Z,2011-08-23T17:37:00Z
18019,38.45,1,7,38.45,2011-10-19T12:10:00Z,2011-10-19T12:10:00Z
18022,612.72,1,703,612.72,2011-11-04T12:45:00Z,2011-11-04T12:45:00Z
18024,389.78,2,184,194.89,2011-07-10T12:28:00Z,2011-07-10T12:40:00Z
18027,115.31,1,78,115.31,2011-09-02T10:38:00Z,2011-09-02T10:38:00Z
18030,230.64999999999998,2,67,115.32499999999999,2011-10-28T13:55:00Z,2011-12-05T16:37:00Z
18032,73.5,1,42,73.5,2011-01-09T15:32:00Z,2011-01-09T15:32:00Z
18033,93.82000000000001,1,252,93.82000000000001,2011-10-05T17:28:00Z,2011-10-05T17:28:00Z
18034,418.68,2,559,209.34,2011-11-18T12:08:00Z,2011-11-18T12:22:00Z
18035,713.89,3,584,237.96333333333334,2011-10-27T17:48:00Z,2011-11-04T12:39:00Z
18036,403.12,3,232,134.37333333333333,2011-04-08T11:26:00Z,2011-11-07T14:40:00Z
18037,70.02,6,20,11.67,2010-12-12T16:20:00Z,2011-07-08T13:39:00Z
18040,357.2,2,148,178.6,2011-04-08T08:27:00Z,2011-11-20T14:20:00Z
18041,4097.37,21,3758,195.11285714285714,2010-12-02T11:21:00Z,2011-11-28T11:39:00Z
18042,165.04999999999998,1,33,165.04999999999998,2011-10-17T11:49:00Z,2011-10-17T11:49:00Z
18043,529.29,3,265,176.42999999999998,2010-12-08T12:35:00Z,2011-11-15T12:48:00Z
18044,2088.6,10,1033,208.85999999999999,2010-12-14T12:25:00Z,2011-12-05T14:26:00Z
18045,178.34,1,138,178.34,2011-10-25T13:07:00Z,2011-10-25T13:07:00Z
18048,172.29,2,127,86.145,2011-05-20T14:54:00Z,2011-05-20T14:58:00Z
18050,74.4,1,40,74.4,2010-12-15T14:25:00Z,2010-12-15T14:25:00Z
18053,300.02,1,302,300.02,2011-09-30T09:05:00Z,2011-09-30T09:05:00Z
18055,6761.34,10,2452,676.134,2010-12-05T10:52:00Z,2011-12-02T14:25:00Z
18056,363.65,1,211,363.65,2011-02-24T14:27:00Z,2011-02-24T14:27:00Z
18058,170.16,1,88,170.16,2011-11-30T08:38:00Z,2011-11-30T08:38:00Z
18059,306.46,3,263,102.15333333333332,2011-10-03T09:30:00Z,2011-11-16T16:49:00Z
18061,2119.41,10,955,211.94099999999997,2010-12-08T13:03:00Z,2011-11-18T11:20:00Z
18062,720.52,3,396,240.17333333333332,2011-01-06T10:03:00Z,2011-06-19T14:47:00Z
18064,814,2,384,407,2011-04-18T15:08:00Z,2011-07-29T16:39:00Z
18065,2392.83,14,1027,170.91642857142855,2010-12-10T12:44:00Z,2011-12-04T10:30:00Z
18066,318,1,108,318,2011-09-25T15:30:00Z,2011-09-25T15:30:00Z
18067,396.33,1,189,396.33,2011-10-30T15:58:00Z,2011-10-30T15:58:00Z
18068,101.69999999999999,1,6,101.69999999999999,2011-02-23T14:50:00Z,2011-02-23T14:50:00Z
18069,2009.24,5,1296,401.848,2011-01-16T15:50:00Z,2011-11-13T16:03:00Z
18071,453,2,260,226.5,2010-12-09T10:33:00Z,2011-03-27T11:59:00Z
18072,247.44,1,288,247.44,2011-06-07T10:44:00Z,2011-06-07T10:44:00Z
18073,3859.82,12,3102,321.6516666666667,2011-05-26T19:38:00Z,2011-08-17T14:02:00Z
18074,489.6,1,190,489.6,2010-12-01T09:53:00Z,2010-12-01T09:53:00Z
18075,2611.75,10,1464,261.175,2010-12-14T10:48:00Z,2011-11-16T15:21:00Z
18077,2584.41,11,1839,234.94636363636363,2010-12-08T10:21:00Z,2011-12-01T13:32:00Z
18078,336.13,2,145,168.065,2011-03-25T15:08:00Z,2011-05-06T14:32:00Z
18079,3613.15,4,7347,903.2875,2011-04-15T12:14:00Z,2011-10-25T15:27:00Z
18080,1231.5,2,642,615.75,2011-04-11T10:10:00Z,2011-11-21T08:02:00Z
18081,343.45,3,195,114.48333333333333,2011-07-29T11:56:00Z,2011-11-03T16:30:00Z
18082,680.84,1,608,680.84,2011-11-14T12:45:00Z,2011-11-14T12:45:00Z
18084,90.47999999999999,1,312,90.47999999999999,2011-11-23T13:57:00Z,2011-11-23T13:57:00Z
18085,689.95,2,265,344.975,2010-12-01T12:08:00Z,2011-01-13T15:17:00Z
18086,101.34,1,106,101.34,2011-03-10T13:34:00Z,2011-03-10T13:34:00Z
18087,4055.7199999999993,2,3907,2027.8599999999997,2011-02-22T10:43:00Z,2011-09-02T15:12:00Z
18088,166.03,1,107,166.03,2011-10-09T13:41:00Z,2011-10-09T13:41:00Z
18092,9068.26,11,4252,824.3872727272727,2010-12-09T10:00:00Z,2011-12-07T13:14:00Z
18093,2106.52,4,1392,526.63,2011-02-10T12:15:00Z,2011-09-07T15:43:00Z
18094,3017.3,7,2518,431.04285714285714,2011-02-21T08:50:00Z,2011-09-19T09:28:00Z
18095,580.0500000000001,2,419,290.02500000000003,2011-01-11T12:37:00Z,2011-01-31T12:50:00Z
18096,849.06,3,788,283.02,2011-10-07T11:55:00Z,2011-11-28T12:44:00Z
18097,2662.4,6,1662,443.73333333333335,2010-12-20T14:49:00Z,2011-12-02T11:16:00Z
18099,168.31,1,149,168.31,2011-08-04T15:52:00Z,2011-08-04T15:52:00Z
18101,222.4,2,87,111.2,2011-07-19T13:05:00Z,2011-11-28T13:37:00Z
18102,259657.3,60,64124,4327.621666666667,2010-12-07T16:42:00Z,2011-12-09T11:50:00Z
18104,754.64,1,362,754.64,2011-11-02T14:07:00Z,2011-11-02T14:07:00Z
18105,113.48,1,46,113.48,2011-11-02T12:04:00Z,2011-11-02T12:04:00Z
18106,421.9,1,126,421.9,2011-01-14T12:23:00Z,2011-01-14T12:23:00Z
18108,271,1,84,271,2011-03-30T13:56:00Z,2011-03-30T13:56:00Z
18109,8004.92,26,4230,307.88153846153847,2010-12-05T10:58:00Z,2011-12-08T11:36:00Z
18110,198.8,1,72,198.8,2011-11-20T12:34:00Z,2011-11-20T12:34:00Z
18112,352.69,2,255,176.345,2011-06-26T13:56:00Z,2011-11-27T14:43:00Z
18113,76.32000000000001,1,72,76.32000000000001,2010-12-06T12:31:00Z,2010-12-06T12:31:00Z
18114,220.1,1,55,220.1,2011-02-22T13:20:00Z,2011-02-22T13:20:00Z
18116,1403.1100000000001,8,837,175.38875000000002,2010-12-10T12:14:00Z,2011-10-03T11:00:00Z
18117,315.65,1,605,315.65,2011-11-14T12:47:00Z,2011-11-14T12:47:00Z
18118,5625.08,26,2865,216.34923076923076,2010-12-05T12:13:00Z,2011-11-29T11:32:00Z
18119,180.7,1,124,180.7,2010-12-07T11:59:00Z,2010-12-07T11:59:00Z
18120,111.15,1,31,111.15,2011-05-09T13:45:00Z,2011-05-09T13:45:00Z
18121,653.3,2,438,326.65,2011-07-08T12:14:00Z,2011-07-13T12:53:00Z
18122,1793.06,6,1225,298.8433333333333,2011-07-12T11:37:00Z,2011-12-01T13:08:00Z
18123,574.4399999999999,2,582,287.21999999999997,2011-11-08T13:31:00Z,2011-11-15T14:23:00Z
18125,1131.75,4,800,282.9375,2011-01-27T15:02:00Z,2011-11-10T12:29:00Z
18126,200.92,1,135,200.92,2011-10-10T12:19:00Z,2011-10-10T12:19:00Z
18127,347.08,3,187,115.69333333333333,2011-07-29T10:06:00Z,2011-11-20T14:05:00Z
18129,112.55,1,48,112.55,2011-04-10T14:16:00Z,2011-04-10T14:16:00Z
18130,1059.39,3,824,353.13000000000005,2011-10-13T15:58:00Z,2011-11-24T14:40:00Z
18133,931.4999999999999,1,1350,931.4999999999999,2011-05-11T14:14:00Z,2011-05-11T14:14:00Z
18135,681.9100000000001,5,349,136.382,2011-06-02T14:04:00Z,2011-11-10T19:32:00Z
18136,784.33,3,379,261.4433333333333,2011-01-24T12:08:00Z,2011-10-07T15:40:00Z
18138,152.65,1,38,152.65,2011-02-17T14:51:00Z,2011-02-17T14:51:00Z
18139,8438.34,6,5557,1406.39,2011-11-21T14:06:00Z,2011-11-22T10:44:00Z
18142,1019.52,2,1276,509.76,2011-05-08T12:31:00Z,2011-07-05T13:19:00Z
18143,1000.16,2,570,500.08,2011-07-21T10:44:00Z,2011-08-15T12:07:00Z
18144,2888.75,12,1343,240.72916666666666,2010-12-01T13:45:00Z,2011-12-02T12:46:00Z
18145,2861.55,4,2625,715.3875,2011-01-31T12:10:00Z,2011-11-27T11:22:00Z
18146,160.35000000000002,2,153,80.17500000000001,2011-05-03T16:35:00Z,2011-07-22T12:08:00Z
18147,179.34,2,203,89.67,2011-08-23T12:22:00Z,2011-10-25T11:46:00Z
18149,612.0799999999999,3,310,204.02666666666664,2011-03-11T12:44:00Z,2011-10-20T12:04:00Z
18150,566.58,3,332,188.86,2011-05-22T10:47:00Z,2011-11-07T16:49:00Z
18151,653.35,2,355,326.675,2011-02-23T08:29:00Z,2011-07-28T11:35:00Z
18154,399.19,2,255,199.595,2011-10-27T10:40:00Z,2011-12-06T16:41:00Z
18155,371.62,3,266,123.87333333333333,2011-02-21T10:36:00Z,2011-09-25T13:32:00Z
18156,675.64,2,283,337.82,2010-12-05T12:29:00Z,2011-11-27T12:24:00Z
18158,453.4,2,354,226.7,2011-09-12T09:03:00Z,2011-11-30T16:19:00Z
18159,530.15,1,139,530.15,2011-02-11T14:26:00Z,2011-02-11T14:26:00Z
18160,638.0600000000001,2,294,319.03000000000003,2011-05-23T13:41:00Z,2011-10-13T15:50:00Z
18161,1618.69,5,812,323.738,2011-01-24T11:56:00Z,2011-11-24T16:40:00Z
18164,399.65000000000003,1,184,399.65000000000003,2011-11-02T12:56:00Z,2011-11-02T12:56:00Z
18165,302.46000000000004,1,254,302.46000000000004,2011-06-15T13:23:00Z,2011-06-15T13:23:00Z
18167,1384.8600000000001,3,382,461.62000000000006,2011-08-26T11:40:00Z,2011-11-16T15:56:00Z
18168,1160.04,6,592,193.34,2010-12-02T18:08:00Z,2011-06-16T19:21:00Z
18169,202.65,1,61,202.65,2011-10-10T12:18:00Z,2011-10-10T12:18:00Z
18170,980.3100000000001,3,409,326.77000000000004,2011-05-06T15:13:00Z,2011-11-06T14:35:00Z
18171,1231.31,5,481,246.262,2011-01-10T09:55:00Z,2011-10-12T09:13:00Z
18172,7561.68,20,3184,378.084,2011-02-23T10:44:00Z,2011-11-25T11:12:00Z
18173,2106.84,4,1220,526.71,2011-03-10T11:56:00Z,2011-09-14T11:26:00Z
18174,104,1,50,104,2011-12-02T16:56:00Z,2011-12-02T16:56:00Z
18176,476.35,1,283,476.35,2010-12-16T15:45:00Z,2010-12-16T15:45:00Z
18177,1340.8700000000001,6,709,223.47833333333335,2011-03-29T08:46:00Z,2011-11-08T14:44:00Z
18178,1590.81,4,983,397.7025,2010-12-10T12:42:00Z,2011-08-03T09:30:00Z
18179,1793.17,6,1360,298.8616666666667,2011-01-07T14:22:00Z,2011-11-30T16:23:00Z
18180,1843.75,6,1721,307.2916666666667,2011-07-20T08:59:00Z,2011-12-05T08:39:00Z
18181,366.85,1,133,366.85,2011-11-15T15:08:00Z,2011-11-15T15:08:00Z
18183,632.07,2,371,316.035,2011-03-10T10:08:00Z,2011-04-26T15:26:00Z
18184,49.8,1,60,49.8,2011-11-24T15:28:00Z,2011-11-24T15:28:00Z
18185,304.25,1,183,304.25,2011-04-04T13:42:00Z,2011-04-04T13:42:00Z
18188,2001.04,3,1168,667.0133333333333,2011-02-22T14:43:00Z,2011-11-24T16:46:00Z
18189,1090.24,2,566,545.12,2011-03-17T09:49:00Z,2011-09-23T12:40:00Z
18190,284.46000000000004,2,140,142.23000000000002,2011-01-13T10:35:00Z,2011-05-31T14:48:00Z
18191,207.79999999999998,1,140,207.79999999999998,2011-03-23T12:08:00Z,2011-03-23T12:08:00Z
18192,957.97,1,339,957.97,2011-09-29T09:53:00Z,2011-09-29T09:53:00Z
18193,243.76,1,124,243.76,2011-06-27T13:58:00Z,2011-06-27T13:58:00Z
18194,973.8399999999999,1,632,973.8399999999999,2011-09-18T13:29:00Z,2011-09-18T13:29:00Z
18196,686.63,2,431,343.315,2011-02-22T16:13:00Z,2011-09-05T16:22:00Z
18198,5425.56,17,4074,319.15058823529415,2011-01-07T13:39:00Z,2011-12-05T14:49:00Z
18200,150.35,1,104,150.35,2011-08-25T18:45:00Z,2011-08-25T18:45:00Z
18202,1396.99,3,581,465.66333333333336,2011-02-01T13:36:00Z,2011-05-24T12:12:00Z
18203,160.42,1,43,160.42,2011-07-05T13:07:00Z,2011-07-05T13:07:00Z
18204,1975.35,3,1190,658.4499999999999,2011-05-31T15:26:00Z,2011-09-29T16:44:00Z
18205,517.36,2,192,258.68,2011-09-26T12:02:00Z,2011-11-03T13:22:00Z
18209,139.10000000000002,1,58,139.10000000000002,2011-11-11T12:07:00Z,2011-11-11T12:07:00Z
18210,2621.38,6,1398,436.8966666666667,2011-03-17T16:58:00Z,2011-12-08T11:02:00Z
18211,600.07,5,359,120.01400000000001,2011-03-06T12:09:00Z,2011-11-14T08:10:00Z
18212,216.07,1,92,216.07,2011-01-17T16:14:00Z,2011-01-17T16:14:00Z
18213,232.48000000000002,1,232,232.48000000000002,2011-04-17T10:21:00Z,2011-04-17T10:21:00Z
18215,299.34000000000003,1,118,299.34000000000003,2011-09-11T16:05:00Z,2011-09-11T16:05:00Z
18216,481.75,1,200,481.75,2011-11-08T16:55:00Z,2011-11-08T16:55:00Z
18217,621.75,2,491,310.875,2011-09-30T10:44:00Z,2011-11-10T13:18:00Z
18218,641.92,2,536,320.96,2011-03-03T12:24:00Z,2011-05-12T12:53:00Z
18219,2069.77,10,885,206.977,2010-12-06T10:05:00Z,2011-12-07T11:43:00Z
18220,305.28000000000003,1,288,305.28000000000003,2011-04-27T09:03:00Z,2011-04-27T09:03:00Z
18221,1041.61,5,791,208.32199999999997,2011-05-12T14:13:00Z,2011-11-17T14:40:00Z
18222,443,1,335,443,2011-09-08T10:45:00Z,2011-09-08T10:45:00Z
18223,6484.54,14,2948,463.18142857142857,2010-12-16T16:42:00Z,2011-12-05T09:11:00Z
18224,158.95000000000002,1,69,158.95000000000002,2011-03-21T10:30:00Z,2011-03-21T10:30:00Z
18225,5504.96,12,3242,458.74666666666667,2010-12-09T15:46:00Z,2011-12-06T13:27:00Z
18226,5228.05,11,3466,475.27727272727276,2011-01-06T09:00:00Z,2011-10-26T13:36:00Z
18227,93.75,1,21,93.75,2011-05-06T12:23:00Z,2011-05-06T12:23:00Z
18228,779.9,2,238,389.95,2011-09-21T10:48:00Z,2011-10-14T09:21:00Z
18229,7276.9,20,2488,363.84499999999997,2010-12-01T16:25:00Z,2011-11-28T09:48:00Z
18230,2810.2000000000003,7,1316,401.4571428571429,2011-02-10T13:06:00Z,2011-11-30T13:22:00Z
18231,2071.77,5,819,414.354,2011-02-24T09:08:00Z,2011-05-31T14:18:00Z
18232,592.97,4,302,148.2425,2011-05-26T16:30:00Z,2011-09-19T11:49:00Z
18233,440,1,4,440,2011-01-18T08:44:00Z,2011-01-18T08:44:00Z
18235,1796.48,3,1578,598.8266666666667,2011-05-06T13:35:00Z,2011-09-29T08:27:00Z
18236,882.24,6,403,147.04,2011-04-13T09:52:00Z,2011-11-10T08:06:00Z
18237,987.1,5,622,197.42000000000002,2011-07-28T13:05:00Z,2011-12-07T12:49:00Z
18239,1561.61,5,795,312.322,2010-12-02T17:48:00Z,2011-05-05T12:38:00Z
18240,422.58,1,126,422.58,2011-10-24T13:06:00Z,2011-10-24T13:06:00Z
18241,2073.09,17,1051,121.9464705882353,2011-05-06T09:22:00Z,2011-11-30T12:10:00Z
18242,2232.49,4,1017,558.1225,2011-05-10T11:20:00Z,2011-09-28T13:43:00Z
18245,2567.06,7,1788,366.72285714285715,2010-12-19T14:58:00Z,2011-12-02T14:48:00Z
18246,596.1,2,166,298.05,2011-04-20T13:55:00Z,2011-11-16T11:49:00Z
18248,804.02,2,511,402.01,2011-06-06T13:18:00Z,2011-08-09T10:19:00Z
18249,95.34,1,128,95.34,2011-11-22T15:07:00Z,2011-11-22T15:07:00Z
18250,349.27,1,199,349.27,2011-02-02T13:16:00Z,2011-02-02T13:16:00Z
18251,4314.72,1,7824,4314.72,2011-09-13T15:03:00Z,2011-09-13T15:03:00Z
18252,518.27,2,234,259.135,2011-06-21T11:47:00Z,2011-10-20T12:43:00Z
18255,103.3,1,74,103.3,2011-09-11T13:16:00Z,2011-09-11T13:16:00Z
18257,2337.63,8,1041,292.20375,2011-02-16T15:13:00Z,2011-10-31T14:48:00Z
18259,2338.6000000000004,3,714,779.5333333333334,2010-12-08T13:38:00Z,2011-11-15T12:34:00Z
18260,2628.35,6,1475,438.05833333333334,2010-12-16T18:23:00Z,2011-06-20T12:37:00Z
18261,324.24,2,146,162.12,2011-09-05T09:34:00Z,2011-10-27T15:36:00Z
18262,149.48,1,182,149.48,2011-07-22T16:04:00Z,2011-07-22T16:04:00Z
18263,1213.16,3,1468,404.3866666666667,2011-04-01T11:48:00Z,2011-11-14T09:00:00Z
18265,801.51,2,311,400.755,2011-07-04T15:26:00Z,2011-09-28T14:10:00Z
18268,25.5,1,2,25.5,2011-07-28T19:13:00Z,2011-07-28T19:13:00Z
18269,168.6,1,76,168.6,2010-12-08T13:53:00Z,2010-12-08T13:53:00Z
18270,283.15000000000003,2,101,141.57500000000002,2011-03-18T12:41:00Z,2011-11-01T13:57:00Z
18272,3078.58,6,2050,513.0966666666667,2011-04-07T09:35:00Z,2011-12-07T12:43:00Z
18273,204,3,80,68,2011-03-27T11:22:00Z,2011-12-07T13:16:00Z
18274,175.92,1,88,175.92,2011-11-09T17:03:00Z,2011-11-09T17:03:00Z
18276,335.86,1,186,335.86,2011-10-27T10:54:00Z,2011-10-27T10:54:00Z
18277,110.38,1,68,110.38,2011-10-12T15:22:00Z,2011-10-12T15:22:00Z
18278,173.9,1,66,173.9,2011-09-27T11:58:00Z,2011-09-27T11:58:00Z
18280,180.60000000000002,1,45,180.60000000000002,2011-03-07T09:52:00Z,2011-03-07T09:52:00Z
18281,80.82,1,54,80.82,2011-06-12T10:53:00Z,2011-06-12T10:53:00Z
18282,178.05,2,103,89.025,2011-08-05T13:35:00Z,2011-12-02T11:43:00Z
18283,2045.53,16,1357,127.845625,2011-01-06T14:14:00Z,2011-12-06T12:02:00Z
18287,1837.28,3,1586,612.4266666666666,2011-05-22T10:39:00Z,2011-10-28T09:29:00Z
