stock_code,description,total_revenue,total_quantity,total_orders,average_price
10002,INFLATABLE POLITICAL GLOBE,759.89,860,71,1.0866197183098592
10080,GROOVY CACTUS INFLATABLE,119.08999999999999,303,22,0.41090909090909095
10120,DOGGY RUBBER,40.32,192,29,0.21
10123C,HEARTS WRAPPING TAPE,3.25,5,3,0.65
10124A,SPOTS ON RED BOOKCOVER TAPE,6.72,16,5,0.42
10124G,ARMY CAMO BOOKCOVER TAPE,7.14,17,4,0.42
10125,MINI FUNKY DESIGN TAPES,993.99,1295,91,0.8597849462365591
10133,COLOURING PENCILS BROWN TUBE,1535.4,2846,195,0.6537435897435897
10135,COLOURING PENCILS BROWN TUBE,2204.89,2229,175,1.4128813559322033
11001,ASSTD DESIGN RACING CAR PEN,2389.44,1615,113,1.89
15030,FAN BLACK FRAME,41.47,143,12,0.29
15034,PAPER POCKET TRAVELING FAN,735.86,5247,136,0.3779411764705882
15036,ASSORTED COLOURS SILK FAN,18549.92,23802,517,1.0682239382239382
15039,SANDALWOOD FAN,1961.6399999999999,2070,144,1.2449999999999999
15044A,PINK PAPER PARASOL,1439.0200000000002,458,102,3.67
15044B,BLUE PAPER PARASOL,946.83,321,60,3.506666666666667
15044C,PURPLE PAPER PARASOL,1022.9900000000001,313,88,3.851818181818182
15044D,RED PAPER PARASOL,1819.76,644,84,3.3333333333333335
15056BL,EDWARDIAN PARASOL BLACK,16280.070000000002,2804,380,7.425315789473685
15056N,EDWARDIAN PARASOL NATURAL,23434.52,4026,537,7.817161410018553
15056P,EDWARDIAN PARASOL PINK,4731.7,803,169,7.3004142011834325
15058A,BLUE POLKADOT GARDEN PARASOL,1652.59,198,88,9.223295454545454
15058B,PINK POLKADOT GARDEN PARASOL,1885.27,228,97,9.890927835051546
15058C,ICE CREAM DESIGN GARDEN PARASOL,1429.82,240,72,9.33361111111111
15060B,FAIRY CAKE DESIGN UMBRELLA,1828.67,453,133,5.076766917293233
16008,SMALL FOLDING SCISSOR(POINTED EDGE),360.71,2892,70,0.13614285714285715
16010,FOLDING CAMPING SCISSOR W/KNIF & S,3.5999999999999996,30,3,0.12
16011,ANIMAL STICKERS,367.29,1749,46,0.21
16012,FOOD/DRINK SPONGE STICKERS,256.2,1220,35,0.21
16014,SMALL CHINESE STYLE SCISSOR,4335.76,13328,54,0.4014814814814815
16015,MEDIUM CHINESE STYLE SCISSOR,289.98,662,24,0.48833333333333334
16016,LARGE CHINESE STYLE SCISSOR,1053.45,1273,65,0.846
16020C,CLEAR STATIONERY BOX SET,69.89999999999999,84,17,0.8335294117647059
16033,MINI HIGHLIGHTER PENS,100.79999999999998,840,4,0.12
16043,POP ART PUSH DOWN RUBBER,11.759999999999998,98,2,0.12
16045,POPART WOODEN PENCILS ASST,380,8900,68,0.043478260869565216
16046,TEATIME PEN CASE & PENS,55.25,65,14,0.85
16048,TEATIME ROUND PENCIL SHARPENER,205.29999999999998,1460,67,0.3280882352941176
16049,TEATIME GEL PENS ASST,82.08,504,5,0.24
16052,TEATIME PUSH DOWN RUBBER,115.3,479,13,0.5892307692307692
16054,POPART RECT PENCIL SHARPENER ASST,140.52,1166,33,0.1290909090909091
16151A,FLOWERS HANDBAG blue and orange,61.25,49,3,1.25
16156L,WRAP CAROUSEL,157.5,375,14,0.42
16156L,"WRAP, CAROUSEL",42,100,4,0.42
16156S,WRAP PINK FAIRY CAKES,2331,5800,167,0.41688622754491017
16161G,WRAP BAD HAIR DAY,70,700,22,0.1
16161M,WRAP  PINK FLOCK,10.5,25,1,0.42
16161P,WRAP ENGLISH ROSE,2969.92,7176,247,0.4194331983805668
16161U,WRAP SUKI AND FRIENDS,1677,4050,133,0.4195488721804511
16162L,THE KING GIFT BAG,13,20,8,0.65
16162M,THE KING GIFT BAG 25x24x12cm,11.76,28,8,0.42
16168M,FUNKY MONKEY GIFT BAG MEDIUM,173.12,371,41,0.6314634146341463
16169E,WRAP 50'S  CHRISTMAS,1839.96,4438,147,0.4191891891891892
16169K,WRAP FOLK ART,84,200,8,0.42
16169M,WRAP DAISY CARPET,277.2,660,25,0.42
16169N,WRAP BLUE RUSSIAN FOLKART,10.5,25,1,0.42
16169P,WRAP GREEN RUSSIAN FOLKART,21,50,2,0.42
16202A,PASTEL PINK PHOTO ALBUM,3.5,7,2,0.5
16202B,PASTEL BLUE PHOTO ALBUM,14.5,29,2,0.5
16202E,BLACK PHOTO ALBUM,7.5,15,3,0.5
16206B,RED PURSE WITH PINK HEART,8.75,7,2,1.25
16207A,PINK STRAWBERRY HANDBAG,163.1,60,34,2.751764705882353
16207B,PINK HEART RED HANDBAG,76.14,29,18,2.6994444444444445
16216,LETTER SHAPE PENCIL SHARPENER,234,3333,45,0.15244444444444444
16218,CARTOON  PENCIL SHARPENERS,283.31,3821,64,0.26984375
16219,HOUSE SHAPE PENCIL SHARPENER,404.84,3000,99,0.5218181818181818
16225,RATTLE SNAKE EGGS,689.35,813,102,1.4634313725490196
16235,RECYCLED PENCIL WITH RABBIT ERASER,695.4,3068,168,0.31648809523809524
16236,KITTY PENCIL ERASERS,320.09,1438,136,0.30455882352941177
16237,SLEEPING CAT ERASERS,1035.33,4931,289,0.29877133105802045
16238,PARTY TIME PENCIL ERASERS,321.67,1396,134,0.3123880597014925
16244B,MAXWELL 2 TONE BLUE 60 PAGE PHOTO A,7.85,7,2,1.225
16248B,BLUE HOLE PUNCH,16.25,13,7,1.25
16254,TRANSPARENT ACRYLIC TAPE DISPENSER,42.58,40,17,1.3088235294117647
16258A,SWIRLY CIRCULAR RUBBERS IN BAG,178.54999999999998,471,58,0.5943103448275862
16259,PIECE OF CAMO STATIONERY SET,317.92,3272,30,0.09733333333333333
17001,HEAVENS SCENT FRAGRANCE OILS ASSTD,20.88,72,1,0.29
17003,BROCADE RING PURSE,6025.95,23020,239,0.363402489626556
17007B,S/3 POT POURI CUSHIONS BLUE COLOURS,50.400000000000006,24,2,2.1
17011F,ORIGAMI SANDLEWOOD INCENSE+FLOWER,66.36,81,7,1.572857142857143
17012A,ORIGAMI VANILLA INCENSE/CANDLE SET,375.93,323,65,1.9546969696969696
17012B,ORIGAMI JASMINE INCENSE/CANDLE SET,595.85,525,85,1.8828235294117646
17012C,ORIGAMI LAVENDER INCENSE/CANDL SET,481.79999999999995,420,85,1.7676470588235293
17012D,ORIGAMI ROSE INCENSE/CANDLE SET,547.24,461,97,1.8228865979381443
17012E,ORIGAMI OPIUM INCENSE/CANDLE SET,62.64,44,10,2.3169999999999997
17012F,ORIGAMI SANDLEWOOD INCENSE/CAND SET,530.6,448,94,1.7973404255319148
17013D,ORIGAMI ROSE INCENSE IN TUBE,267.82,535,13,1.2453846153846153
17014A,ORIGAMI VANILLA INCENSE CONES,71.19,155,8,0.9512499999999999
17021,NAMASTE SWAGAT INCENSE,632.34,2391,47,0.29411764705882354
17028J,INCENSE BAZAAR PEACH,2.52,6,1,0.42
17038,PORCELAIN BUDAH INCENSE HOLDER,158.06,1525,34,0.42
17084A,TRANQUILITY MASALA INCENSE,42,200,7,0.21
17084J,LOVE POTION MASALA INCENSE,47.25,225,8,0.21
17084N,FAIRY DREAMS INCENSE,313.31,1264,101,0.35386138613861384
17084P,DRAGONS BLOOD INCENSE,104.44,423,39,0.3507692307692308
17084R,ASSORTED INCENSE PACK,760.3199999999999,4032,27,0.20259259259259257
17090A,LAVENDER INCENSE 40 CONES IN TIN,107.44999999999999,109,10,1.17
17090D,VANILLA INCENSE 40 CONES IN TIN,36.25,29,12,1.25
17091A,LAVENDER INCENSE IN TIN,98.91,171,25,0.7976
17091J,VANILLA INCENSE IN TIN,920.67,2084,95,0.7027272727272728
17096,ASSORTED LAQUERED INCENSE HOLDERS,455.9800000000001,2545,24,0.3025
17107D,FLOWER FAIRY 5 DRAWER LINERS,150.45,59,20,2.55
17107D,FLOWER FAIRY 5 SUMMER DRAW LINERS,15.299999999999999,6,1,2.55
17107D,"FLOWER FAIRY,5 SUMMER B'DRAW LINERS",267.75,105,25,2.55
17109D,FLOWER FAIRY INCENSE BOUQUET,32.35,61,5,0.904
17129F,BLUE GLASS GEMS IN BAG,553.8299999999999,588,57,1.3699999999999999
17136A,BLUE STONES ON WIRE FOR CANDLE,29.59,352,17,0.10294117647058823
17164B,ASS COL SMALL SAND GECKO P'WEIGHT,11.34,27,9,0.42
17165D,ASS COL LARGE SAND FROG P'WEIGHT,28.35,27,7,1.05
17174,ASSTD RASTA KEY-CHAINS,3.7800000000000002,9,3,0.42
17191A,ROSE FLOWER CANDLE+INCENSE 16X16CM,15,4,2,3.75
18007,ESSENTIAL BALM 3.5g TIN IN ENVELOPE,395.61,5884,30,0.27483870967741936
18094C,WHITE AND BLUE CERAMIC OIL BURNER,283.93,192,42,1.9559523809523809
18097A,PINK TALL PORCELAIN T-LIGHT HOLDER,12.75,5,4,2.55
18097C,WHITE TALL PORCELAIN T-LIGHT HOLDER,1029.4099999999999,407,68,3.1319117647058823
18098C,PORCELAIN BUTTERFLY OIL BURNER,921.87,265,61,3.943650793650794
20615,BLUE POLKADOT PASSPORT COVER,466.99,309,95,2.5613684210526317
20616,CHERRY BLOSSOM PASSPORT COVER,243.53,194,71,1.8074647887323942
20617,FIRST CLASS PASSPORT COVER,194.94,93,43,2.251860465116279
20618,QUEEN OF THE SKIES PASSPORT COVER,286.39,148,76,2.0278947368421054
20619,TROPICAL PASSPORT COVER,439.65,262,99,2.136767676767677
20622,VIP PASSPORT COVER,94.04,43,17,2.375294117647059
20622,VIPPASSPORT COVER,209.66,142,34,2.421764705882353
20652,BLUE POLKADOT LUGGAGE TAG,346.86,265,78,1.5758974358974358
20653,CHERRY BLOSSOM LUGGAGE TAG,95.17999999999999,73,33,1.4815151515151515
20654,FIRST CLASS LUGGAGE TAG,193.59,152,49,1.385
20655,QUEEN OF SKIES LUGGAGE TAG,292.29,197,99,1.7224242424242424
20657,TROPICAL LUGGAGE TAG,105.91,73,33,1.720909090909091
20658,RED RETROSPOT LUGGAGE TAG,637.11,421,104,1.7569811320754716
20659,ECONOMY LUGGAGE TAG,246.84,158,62,1.63984375
20661,BLUE POLKADOT PURSE,141.15,44,33,3.397878787878788
20662,FIRST CLASS HOLIDAY PURSE,90.42,31,20,2.879
20663,QUEEN OF THE SKIES HOLIDAY PURSE,66.25999999999999,25,20,2.693
20664,TROPICAL HOLIDAY PURSE,81.66,32,18,2.5416666666666665
20665,RED RETROSPOT PURSE,1546.2700000000002,461,156,4.068333333333333
20666,ECONOMY HOLIDAY PURSE,41.53,30,17,1.7123529411764706
20667,CHERRY BLOSSOM PURSE,49.69,20,16,2.490625
20668,DISCO BALL CHRISTMAS DECORATION,1501.4,12883,215,0.16444954128440367
20669,RED HEART LUGGAGE TAG,447.34,304,96,1.6915841584158415
20670,VIP HOLIDAY PURSE,44.04,14,11,3.2436363636363637
20671,BLUE TEATIME PRINT BOWL,12.5,10,2,1.25
20674,GREEN POLKADOT BOWL,2016.23,1563,205,1.5633009708737864
20675,BLUE POLKADOT BOWL,3978.1200000000003,3116,321,1.5880185758513932
20676,RED RETROSPOT BOWL,6359.81,5011,447,1.6326
20677,PINK POLKADOT BOWL,4741.09,3669,332,1.6513392857142857
20678,LARGE BLACK DIAMANTE HAIRSLIDE,6.6,4,1,1.65
20679,EDWARDIAN PARASOL RED,9985.720000000001,1704,325,7.006901840490798
20681,PINK POLKADOT CHILDRENS UMBRELLA,503.71,139,45,4.226521739130435
20682,RED RETROSPOT CHILDRENS UMBRELLA,4168.08,1234,236,4.021729957805907
20684,STRAWBERRY DREAM CHILDS UMBRELLA,270.56,80,35,3.5517142857142856
20685,DOORMAT RED RETROSPOT,27665.87,4033,691,8.966763005780347
20686,DOLLY MIXTURE CHILDREN'S UMBRELLA,922.67,267,77,3.8718181818181816
20694,FLORAL PINK MONSTER,187.54,43,16,5.078235294117647
20695,FLORAL BLUE MONSTER,21.25,5,4,4.25
20696,FLORAL SOFT CAR TOY,230.81,54,30,4.722
20697,LITTLE GREEN MONSTER SOFT TOY,48.449999999999996,19,11,2.55
20698,LITTLE PINK MONSTER SOFT TOY,43.349999999999994,17,8,2.55
20699,MOUSEY LONG LEGS SOFT TOY,266.03,97,41,3.004878048780488
20700,GREEN CAT FLORAL CUSHION COVER,345.17,73,54,4.981111111111111
20701,PINK CAT FLORAL CUSHION COVER,100.97,25,18,4.066666666666666
20702,PINK PADDED MOBILE,573.54,134,42,4.346190476190476
20704,MR ROBOT SOFT TOY,697.7,216,44,5.847727272727273
20705,MRS ROBOT SOFT TOY,428.85,143,28,4.807142857142857
20707,CRAZY DAISY HEART DECORATION,468.39,464,149,1.0885906040268456
20711,JUMBO BAG TOYS,10995.12,4997,521,3.1289674952198854
20712,JUMBO BAG WOODLAND ANIMALS,21685.920000000002,9543,861,2.929111880046136
20713,JUMBO BAG OWLS,22754.16,11289,654,2.781305007587253
20716,PARTY FOOD SHOPPER BAG,469.63,400,73,1.3158108108108109
20717,STRAWBERRY SHOPPER BAG,3534.48,2833,410,1.6750602409638553
20718,RED RETROSPOT SHOPPER BAG,6578.04,4748,573,1.7802083333333334
20719,WOODLAND CHARLOTTE BAG,16697.35,13230,831,1.211873508353222
20723,STRAWBERRY CHARLOTTE BAG,12539.65,9783,721,1.202703448275862
20724,RED RETROSPOT CHARLOTTE BAG,21692.89,17651,1030,1.146890595009597
20725,LUNCH BAG RED RETROSPOT,34919.76,18788,1554,2.1354296626352642
20725,LUNCH BAG RED SPOTTY,290,200,1,1.45
20726,LUNCH BAG WOODLAND,18183.13,9848,1013,2.1839181286549705
20727,LUNCH BAG  BLACK SKULL.,22244.66,12133,1267,2.109907335907336
20728,LUNCH BAG CARS BLUE,21630.18,11744,1146,2.0650086355785837
20731,POSY CANDY BAG,109.96,92,16,1.0925
20733,GOLD MINI TAPE MEASURE,740.36,934,204,0.8464878048780488
20734,SILVER MINI TAPE MEASURE,271.21999999999997,158,26,1.7962962962962963
20735,BLACK MINI TAPE MEASURE,625.8,623,112,1.1194642857142856
20748,KENSINGTON COFFEE SET,751.17,57,34,13.468235294117648
20749,ASSORTED COLOUR MINI CASES,12510.82,1757,380,8.066204188481676
20750,RED RETROSPOT MINI CASES,12603.18,1743,383,8.122734375
20751,FUNKY WASHING UP GLOVES ASSORTED,2041.5200000000002,971,198,2.3687192118226603
20752,BLUE POLKADOT WASHING UP GLOVES,918.35,406,147,2.419387755102041
20754,RETROSPOT RED WASHING UP GLOVES,3086.76,1456,303,2.514607843137255
20755,BLUE PAISLEY POCKET BOOK,271.16999999999996,306,62,0.9903225806451612
20756,GREEN FERN POCKET BOOK,53.55,63,22,0.85
20757,RED DAISY POCKET BOOK,136.64,158,33,0.9188235294117647
20758,ABSTRACT CIRCLES POCKET BOOK,135.15,159,42,0.85
20759,CHRYSANTHEMUM POCKET BOOK,54.4,64,20,0.85
20760,GARDEN PATH POCKET BOOK,58.65,69,21,0.85
20761,BLUE PAISLEY SKETCHBOOK,505.97,120,63,4.461746031746031
20762,GREEN FERN SKETCHBOOK,420.08,106,56,4.153214285714285
20763,DAISY SKETCHBOOK,205.04,73,27,3.982962962962963
20764,ABSTRACT CIRCLES SKETCHBOOK,603.31,142,76,4.66961038961039
20765,CHRYSANTHEMUM SKETCHBOOK,416.05,102,59,4.255762711864406
20766,GARDEN PATH SKETCHBOOK,493.57,122,57,4.450862068965518
20767,BLUE PAISLEY JOURNAL,656.06,250,79,2.8722784810126583
20768,GREEN FERN JOURNAL,438.57,176,55,2.647272727272727
20769,DAISY JOURNAL,217.56,80,34,2.7467647058823528
20770,ABSTRACT CIRCLE JOURNAL,447.25,184,72,2.4995833333333333
20771,CHRYSANTHEMUM  JOURNAL,267.13,102,40,2.7685
20772,GARDEN PATH JOURNAL,618.64,246,64,2.7553125
20773,BLUE PAISLEY NOTEBOOK,92.39999999999999,56,23,1.65
20774,GREEN FERN NOTEBOOK,141.23999999999998,86,44,1.6406666666666665
20775,DAISY NOTEBOOK,233.54,134,63,1.7179687499999998
20777,CHRYSANTHEMUM NOTEBOOK,282.48999999999995,169,80,1.7029999999999998
20778,GARDEN PATH NOTEBOOK,24.749999999999996,15,8,1.65
20780,BLACK EAR MUFF HEADPHONES,312.7,47,28,7.693793103448276
20781,GOLD EAR MUFF HEADPHONES,212.26,35,25,6.0732
20782,CAMOUFLAGE EAR MUFF HEADPHONES,368.08,53,27,7.535185185185185
20785,FUSCHIA RETRO BAR STOOL,523.3000000000001,14,5,39.150000000000006
20793,BLUE TILED TRAY,20.25,3,3,6.75
20794,BLUE  TILE HOOK,262.39,91,26,3.611851851851852
20795,LARGE BLUE PROVENCAL CERAMIC BALL,113.05000000000001,49,11,2.653636363636364
20796,SMALL BLUE PROVENCAL CERAMIC BALL,103.94,62,9,1.8322222222222222
20798,CLEAR MILKSHAKE GLASS,75.60000000000001,36,5,2.1
20801,LARGE PINK GLASS SUNDAE DISH,1145.8,997,80,1.621358024691358
20802,SMALL GLASS SUNDAE DISH CLEAR,984.4699999999999,739,63,1.942063492063492
20803,SMALL PINK GLASS SUNDAE DISH,461.26,903,39,1.165128205128205
20816,GOLD FLOWER CUSHION COVER,15.6,8,2,1.95
20818,GOLD TEDDY BEAR,42.7,15,5,5.54
20819,SILVER TEDDY BEAR,244.72,64,27,4.016666666666667
20820,SILVER LOOKING MIRROR,24.75,5,2,4.95
20821,GOLDIE LOOKING MIRROR,54.45,11,5,4.95
20823,GOLD WINE GOBLET,129.56,164,8,0.79
20826,SILVER APERITIF GLASS,128.4,276,8,0.8225
20827,GOLD APERITIF GLASS,34.32,88,2,0.39
20828,GLITTER BUTTERFLY CLIPS,3074.7799999999997,1128,241,3.166290322580645
20829,GLITTER HANGING BUTTERFLY STRING,2718.75,1312,193,2.453838383838384
20830,SILVER PHOTO FRAME,409.83,136,37,3.0435135135135134
20831,GOLD PHOTO FRAME,466.53000000000003,216,39,2.737948717948718
20832,RED FLOCK LOVE HEART PHOTO FRAME,572.67,1067,82,0.7425301204819277
20835,FRENCH LATTICE CUSHION COVER,65.8,67,8,2.10375
20836,FRENCH PAISLEY CUSHION COVER,131.14,158,16,0.83
20837,FRENCH FLORAL CUSHION COVER,142.47,141,15,0.9713333333333333
20838,FRENCH LATTICE CUSHION COVER,451.25,373,56,1.8957142857142857
20839,FRENCH PAISLEY CUSHION COVER,840.4399999999999,575,105,2.385047619047619
20840,FRENCH FLORAL CUSHION COVER,622.12,521,73,2.0195945945945946
20845,ZINC HEART LATTICE 2 WALL PLANTER,120.64999999999999,19,11,6.35
20846,ZINC HEART LATTICE T-LIGHT HOLDER,957.32,716,88,1.6134831460674157
20847,ZINC HEART LATTICE CHARGER LARGE,217.58,52,18,4.592222222222222
20848,ZINC HEART LATTICE CHARGER SMALL,61.95,21,8,2.95
20851,ZINC HEART LATTICE TRAY OVAL,53.550000000000004,9,7,5.95
20854,BLUE PATCH PURSE PINK HEART,359.91999999999996,228,40,1.6864999999999999
20856,DENIM PATCH PURSE PINK BUTTERFLY,340.78999999999996,206,60,1.6706666666666665
20857,BLUE ROSE PATCH PURSE PINK BUTTERFL,28.049999999999997,17,7,1.65
20860,GOLD COSMETICS BAG WITH BUTTERFLY,2.1,1,1,2.1
20861,GOLD COSMETIC BAG PINK STAR,4.2,2,2,2.1
20866,BLUE ROSE FABRIC MIRROR,582.5,477,89,1.4934831460674156
20867,PINK ROSE FABRIC MIRROR,393.46999999999997,331,62,1.3503225806451613
20868,SILVER FABRIC MIRROR,219.35000000000002,458,46,0.7071739130434782
20869,GOLD FABRIC MIRROR,86.76,180,29,0.716
20871,OPULENT VELVET SET/3 CANDLES,8.42,2,1,4.21
20878,SET/9 CHRISTMAS T-LIGHTS SCENTED,30,24,7,1.25
20886,BOX OF 9 PEBBLE CANDLES,974.53,479,102,2.481650485436893
20892,SET/3 TALL GLASS CANDLE HOLDER PINK,89.22,4,3,21.243333333333332
20893,HANGING BAUBLE T-LIGHT HOLDER SMALL,609.02,268,26,3.058076923076923
20894,HANGING BAUBLE T-LIGHT HOLDER LARGE,108.71000000000001,33,15,3.7073333333333336
20897,VINTAGE NOTEBOOK PARIS DAYS,280.57,101,23,3.1917391304347826
20898,VINTAGE NOTEBOOK TRAVELOGUE,88.03,32,12,2.6107692307692307
20901,VINTAGE KEEPSAKE BOX PINK FLOWER,72.42999999999999,17,14,4.288571428571428
20902,VINTAGE KEEPSAKE BOX PARIS DAYS,686.86,112,56,6.938035714285714
20903,VINTAGE KEEPSAKE BOX TRAVELOGUE,441.89,82,56,5.576964285714285
20906,VINTAGE NOTEBOOK BEAUTY GIRL,8.850000000000001,3,2,2.95
20910,VINTAGE PHOTO ALBUM PARIS DAYS,50.8,8,3,6.35
20914,SET/5 RED RETROSPOT LID GLASS BOWLS,17500.45,6027,874,3.2917361894024806
20914,SET/5 RED SPOTTY LID GLASS BOWLS,734.4,288,1,2.55
20931,BLUE POT PLANT CANDLE,1057.15,298,67,5.07955223880597
20932,PINK POT PLANT CANDLE,628.7900000000001,204,35,4.676
20933,YELLOW POT PLANT CANDLE,71.05,23,9,3.1277777777777778
20934,SET/3 POT PLANT CANDLES,397.21,63,31,7.18741935483871
20935,ROUND CACTUS CANDLE,17.700000000000003,6,4,2.95
20936,FORKED CACTUS CANDLE,319.66,100,34,3.7341176470588238
20941,FROG CANDLE,83.78,64,19,1.376
20954,*USB Office Mirror Ball,16.94,2,2,8.47
20956,PORCELAIN T-LIGHT HOLDERS ASSORTED,1146.52,822,101,1.7798039215686274
20960,WATERMELON BATH SPONGE,72.49,29,10,2.4899999999999998
20961,STRAWBERRY BATH SPONGE,1682.93,1182,227,1.796140350877193
20963,APPLE BATH SPONGE,1911.17,1336,229,1.8230172413793102
20964,POLYESTER FILLER PAD 60x40cm,5.1,2,1,2.55
20966,SANDWICH BATH SPONGE,1022.8,719,97,1.9605154639175257
20967,GREY FLORAL FELTCRAFT SHOULDER BAG,1027.94,265,83,4.115301204819277
20969,RED FLORAL FELTCRAFT SHOULDER BAG,6741.27,1816,304,4.271442622950819
20970,PINK FLORAL FELTCRAFT SHOULDER BAG,4228.38,1115,261,4.195343511450382
20971,PINK BLUE FELT CRAFT TRINKET BOX,12424.34,9673,519,1.4220650095602294
20972,PINK CREAM FELT CRAFT TRINKET BOX,9113.06,7325,615,1.4248470209339774
20973,12 PENCIL SMALL TUBE WOODLAND,3210.27,4497,355,0.7885479452054794
20974,12 PENCILS SMALL TUBE SKULL,4496.2300000000005,6928,354,0.7526243093922652
20975,12 PENCILS SMALL TUBE RED RETROSPOT,4305.27,6513,358,0.7388397790055249
20977,36 PENCILS TUBE WOODLAND,2248.64,1675,182,1.516120218579235
20978,36 PENCILS TUBE SKULLS,2375.05,1779,262,1.6195849056603773
20979,36 PENCILS TUBE RED RETROSPOT,4602.4800000000005,3637,318,1.596194968553459
20980,36 PENCILS TUBE POSY,76.91,79,20,1.061
20981,12 PENCILS TALL TUBE WOODLAND,1729.52,1961,247,0.9640725806451612
20982,12 PENCILS TALL TUBE SKULLS,1879.82,2150,255,0.9575193798449612
20983,12 PENCILS TALL TUBE RED RETROSPOT,2374.81,2737,268,0.9340072202166064
20984,12 PENCILS TALL TUBE POSY,1159.11,3761,169,0.38657142857142857
20985,HEART CALCULATOR,1525.59,1167,130,1.6488888888888888
20986,BLUE CALCULATOR RULER,829.74,654,113,1.593706896551724
20992,JAZZ HEARTS PURSE NOTEBOOK,1944.6299999999999,4425,277,0.5452577319587629
20996,JAZZ HEARTS ADDRESS BOOK,726.8900000000001,3191,225,0.3208407079646018
20997,ROSE DU SUD CUSHION COVER,257.61,59,34,4.274705882352941
20998,ROSE DU SUD OVEN GLOVE,505.20000000000005,185,69,2.6623188405797102
21000,ROSE DU SUD COSMETICS BAG,360.84,96,52,3.6173076923076923
21001,ROSE DU SUD WASHBAG,348.19,73,50,4.6192
21002,ROSE DU SUD DRAWSTRING BAG,428.66,125,66,3.3995454545454544
21003,ROSE DU SUD CUSHION COVER,460.58,78,46,5.887391304347826
21009,ETCHED GLASS STAR TREE DECORATION,1.25,1,1,1.25
21011,GLITTER SNOW PEAR TREE DECORATION,29,20,3,1.45
21012,ANTIQUE ALL GLASS CANDLESTICK,2614.05,1169,199,2.3111940298507463
21014,SWISS CHALET TREE DECORATION,598.8199999999999,1385,119,0.6728455284552846
21015,DARK BIRD HOUSE TREE DECORATION,589.55,1483,142,0.6625174825174825
21018,BIRD BOX CHRISTMAS TREE DECORATION,22.06,24,6,1.0871428571428572
21025,SPACE FROG,233.52,174,56,1.5507142857142857
21026,SPACE OWL,315.75,255,68,1.5561764705882353
21027,NINJA RABBIT PINK,187.79,167,42,1.1130232558139534
21028,NINJA RABBIT BLACK,239.24,187,58,1.5422413793103449
21030,SPACE CADET RED,159.7,131,33,1.1894117647058824
21031,SPACE CADET BLACK,64.24,52,19,1.2942105263157895
21032,SPACE CADET WHITE,117.78,97,30,1.3816666666666666
21033,JUMBO BAG CHARLIE AND LOLA TOYS,4851.73,1932,300,3.2029
21034,REX CASH+CARRY JUMBO SHOPPER,1773.6499999999999,1867,869,0.95
21035,SET/2 RED RETROSPOT TEA TOWELS,7986.85,2399,392,4.559670886075949
21038,SET/4 MODERN VINTAGE COTTON NAPKINS,80.85000000000001,75,22,1.0845454545454547
21039,RED RETROSPOT SHOPPING BAG,1338.3899999999999,517,89,3.0937078651685392
21040,MODERN VINTAGE COTTON SHOPPING BAG,29.7,22,8,1.67
21041,RED RETROSPOT OVEN GLOVE DOUBLE,3888.98,914,255,4.408677042801557
21042,RED RETROSPOT APRON,2187.6200000000003,332,130,7.244135338345865
21043,APRON MODERN VINTAGE COTTON,1139.86,492,90,2.9795555555555553
21051,RIBBONS PURSE,377.2,192,51,2.046666666666667
21054,NURSE'S BAG SOFT TOY,634.53,70,29,9.226896551724137
21055,TOOL BOX SOFT TOY,1710.9399999999998,172,104,10.469903846153846
21056,DOCTOR'S BAG SOFT TOY,1747.5,182,70,10.156857142857142
21058,PARTY INVITES WOODLAND,955.4599999999999,1142,121,0.973170731707317
21059,PARTY INVITES DINOSAURS,518.03,599,93,0.9239784946236559
21060,PARTY INVITES BALLOON GIRL,359.28999999999996,405,71,0.9466197183098591
21061,PARTY INVITES FOOTBALL,451.7,488,83,1.0548192771084337
21062,PARTY INVITES SPACEMAN,457.38,538,74,0.8575675675675676
21063,PARTY INVITES JAZZ HEARTS,458.30999999999995,528,102,0.9322549019607843
21064,BOOM BOX SPEAKER BOYS,1281.2,296,101,4.858349514563107
21065,BOOM BOX SPEAKER GIRLS,1160.58,562,90,4.37054347826087
21066,VINTAGE RED MUG,693.47,702,54,1.5331481481481481
21067,VINTAGE RED TEATIME MUG,479.77,294,75,1.7992105263157894
21068,VINTAGE BILLBOARD LOVE/HATE MUG,1890.3300000000002,1638,198,1.669396984924623
21069,VINTAGE BILLBOARD TEA MUG,1507.46,1248,85,1.7515294117647058
21070,VINTAGE BILLBOARD MUG,1184.98,1106,107,1.6324074074074073
21071,VINTAGE BILLBOARD DRINK ME MUG,1373.92,985,176,1.7143820224719102
21078,SET/20 STRAWBERRY PAPER NAPKINS,2531.04,2769,313,1.2559047619047619
21080,SET/20 RED RETROSPOT PAPER NAPKINS,11302.36,13190,985,1.0938147410358565
21082,SET/20 FRUIT SALAD PAPER NAPKINS,143.44,88,25,1.63
21084,SET/6 COLLAGE PAPER CUPS,768.58,2586,180,0.5027868852459016
21086,SET/6 RED SPOTTY PAPER CUPS,4851.5,7121,428,0.9603908045977011
21087,SET/6 POSIES PAPER CUPS,74.57000000000001,141,16,0.6025
21088,SET/6 FRUIT SALAD PAPER CUPS,428.28000000000003,1678,103,0.41398058252427183
21089,SET/6 GREEN SPRING PAPER CUPS,48.99,233,25,0.2844
21090,SET/6 COLLAGE PAPER PLATES,1260.1499999999999,2377,214,0.6416744186046511
21094,SET/6 RED SPOTTY PAPER PLATES,6933.259999999999,8758,527,0.9860338345864661
21095,SET/6 POSIES PAPER PLATES,118.72999999999999,125,14,0.9614285714285714
21096,SET/6 FRUIT SALAD  PAPER PLATES,581.0899999999999,1259,105,0.5745714285714285
21098,CHRISTMAS TOILET ROLL,5078.76,3719,248,1.6951538461538462
21100,CHARLIE AND LOLA CHARLOTTE BAG,162.21,65,27,3.4099999999999997
21106,CREAM SLICE FLANNEL CHOCOLATE SPOT,702.51,237,53,3.8114814814814815
21107,CREAM SLICE FLANNEL PINK SPOT,2492.71,901,97,3.832448979591837
21108,FAIRY CAKE FLANNEL ASSORTED COLOUR,11464.86,7091,259,2.3260384615384613
21109,LARGE CAKE TOWEL CHOCOLATE SPOTS,2661.67,925,104,5.374259259259259
21109,"LARGE CAKE TOWEL, CHOCOLATE SPOTS",101.53,11,8,10.16
21110,LARGE CAKE TOWEL PINK SPOTS,3815.7,1105,134,6.258814814814815
21111,"SWISS ROLL TOWEL, CHOCOLATE  SPOTS",1651.02,900,94,2.9389473684210525
21112,SWISS ROLL TOWEL PINK  SPOTS,1913.69,706,39,3.6412820512820514
21112,"SWISS ROLL TOWEL, PINK  SPOTS",971.44,653,43,2.4974418604651163
21114,LAVENDER SCENTED FABRIC HEART,1765.58,1331,137,1.944927536231884
21115,ROSE CARAVAN DOORSTOP,3162.2400000000002,562,162,7.511472392638037
21116,OWL DOORSTOP,4051.79,695,251,6.741111111111111
21117,BLOND DOLL DOORSTOP,141.75,109,14,1.6428571428571428
21120,*Boombox Ipod Classic,16.98,1,1,16.98
21121,SET/10 RED POLKADOT PARTY CANDLES,7908.85,6534,376,1.3721052631578947
21122,SET/10 PINK POLKADOT PARTY CANDLES,6428.54,5277,342,1.373706896551724
21123,SET/10 IVORY POLKADOT PARTY CANDLES,1350.84,1119,153,1.1855128205128205
21124,SET/10 BLUE POLKADOT PARTY CANDLES,4803.05,3963,238,1.2986666666666666
21125,SET 6 FOOTBALL CELEBRATION CANDLES,829.73,656,102,1.3209708737864079
21126,SET OF 6 GIRLS CELEBRATION CANDLES,748.95,592,126,1.3354330708661417
21128,GOLD FISHING GNOME,546.6,68,36,10.019166666666667
21129,SILVER FISHING GNOME,419.52000000000004,52,27,9.361851851851853
21131,GOLD STANDING GNOME,398.02,106,28,5.6049999999999995
21132,SILVER STANDING GNOME,217.35999999999999,44,22,5.079090909090909
21135,VICTORIAN  METAL POSTCARD SPRING,3077.2799999999997,2573,174,1.9047486033519552
21136,PAINTED METAL PEARS ASSORTED,7779.62,4679,369,1.8066133333333332
21137,BLACK RECORD COVER FRAME,40588.38,11639,372,4.219329758713137
21143,ANTIQUE GLASS HEART DECORATION,707.23,327,36,2.474736842105263
21144,PINK POODLE HANGING DECORATION,16.8,5,2,3.36
21145,ANTIQUE GLASS PLACE SETTING,152.5,122,8,1.25
21147,JINGLE BELLS TREE DECORATION,415.77,203,76,2.0464935064935066
21154,RED RETROSPOT OVEN GLOVE,6096.01,3824,449,1.9495394736842104
21155,RED RETROSPOT PEG BAG,9232.85,3128,479,3.1398144329896907
21156,RETROSPOT CHILDRENS APRON,6059.9,3154,356,2.377262569832402
21157,RED RETROSPOT WASHBAG,225.5,78,34,3.3058823529411763
21158,MOODY GIRL DOOR HANGER,772.51,1445,169,0.9755747126436781
21159,MOODY BOY  DOOR HANGER,601.79,1126,124,1.0303225806451612
21160,KEEP OUT GIRLS DOOR HANGER,3.36,1,1,3.36
21161,KEEP OUT BOYS DOOR HANGER,229.92,143,43,1.7833333333333332
21162,TOXIC AREA  DOOR HANGER,792.98,1462,162,0.9853658536585366
21163,DO NOT TOUCH MY STUFF DOOR HANGER,680.55,1196,127,1.0219847328244274
21164,HOME SWEET HOME METAL SIGN,5138.280000000001,1760,281,3.2938162544169614
21165,BEWARE OF THE CAT METAL SIGN,6915.42,4142,448,2.1579295154185023
21166,COOK WITH WINE METAL SIGN,20768.36,10264,721,2.39
21167,WHITE SAGE INCENSE,337.14,1432,67,0.34253731343283583
21169,YOU'RE CONFUSING ME METAL SIGN,7281.49,4401,449,2.247186813186813
21171,BATHROOM METAL SIGN,613.14,438,73,1.7678082191780822
21172,PARTY METAL SIGN,5321.23,3473,466,2.023657505285412
21174,POTTERING IN THE SHED METAL SIGN,9405.76,4175,538,2.6952573529411765
21175,GIN + TONIC DIET METAL SIGN,22031.27,9685,756,2.746258234519104
21175,GIN AND TONIC DIET METAL SIGN,1237.5,498,50,3.1484
21179,NO JUNK MAIL METAL SIGN,1313.79,1940,266,1.1986764705882353
21181,PLEASE ONE PERSON METAL SIGN,25086.280000000002,12202,842,2.4275058548009367
21186,WHITE DOVE HONEYCOMB PAPER GARLAND,6.72,2,1,3.36
21187,WHITE BELL HONEYCOMB PAPER GARLAND,648.4499999999999,369,48,2.120408163265306
21188,3D HEARTS  HONEYCOMB PAPER GARLAND,1021.9000000000001,326,50,3.8347058823529414
21189,WHITE HONEYCOMB PAPER GARLAND,888.67,355,72,2.5816438356164384
21190,PINK HEARTS PAPER GARLAND,172.7,118,6,1.6166666666666667
21191,LARGE WHITE HONEYCOMB PAPER BELL,1451.82,562,95,3.066421052631579
21192,WHITE BELL HONEYCOMB PAPER,1923.29,1092,88,2.445934065934066
21194,PINK  HONEYCOMB PAPER FAN,555.97,498,65,1.6775757575757575
21195,PINK  HONEYCOMB PAPER BALL,1308.56,693,80,2.8253086419753086
21196,ROUND WHITE CONFETTI IN TUBE,189.67999999999998,108,13,2.0014285714285713
21197,MULTICOLOUR  CONFETTI IN TUBE,382.96,284,27,1.6192592592592592
21198,WHITE HEART CONFETTI IN TUBE,947.06,956,69,1.4569565217391305
21199,PINK  HEART CONFETTI IN TUBE,868.17,918,77,1.6028205128205129
21200,MULTICOLOUR HONEYCOMB PAPER GARLAND,1531.1399999999999,1119,75,1.9658666666666667
21201,TROPICAL  HONEYCOMB PAPER GARLAND,2987.82,1240,101,3.166153846153846
21202,DOLLY HONEYCOMB GARLAND,485.46,474,25,1.7524
21204,DAISIES  HONEYCOMB GARLAND,868.4399999999999,499,85,1.9561176470588235
21205,MULTICOLOUR 3D BALLS GARLAND,646.5899999999999,241,67,2.8157142857142854
21206,STRAWBERRY HONEYCOMB  GARLAND,1610.9199999999998,1290,109,1.9194594594594594
21207,SKULL AND CROSSBONES  GARLAND,1684.85,1067,132,1.6689473684210525
21208,PASTEL COLOUR HONEYCOMB FAN,697.77,940,83,1.2677380952380952
21209,MULTICOLOUR HONEYCOMB FAN,886.24,1224,89,1.396629213483146
21210,SET OF 72 RETROSPOT PAPER  DOILIES,8212.14,5687,449,1.789086859688196
21211,SET OF 72 SKULL PAPER  DOILIES,1270.07,883,103,1.7360576923076922
21212,PACK OF 72 RETROSPOT CAKE CASES,21140.850000000002,36204,1314,0.7623048327137547
21213,PACK OF 72 SKULL CAKE CASES,8388.19,15121,662,0.7974925373134328
21215,IVORY PAPER CUP CAKE CASES,744.35,1087,124,0.9225396825396825
21216,"SET 3 RETROSPOT TEA,COFFEE,SUGAR",11363.01,2124,429,7.414803695150115
21217,RED RETROSPOT ROUND CAKE TINS,11492.59,1085,341,12.598797653958943
21218,RED SPOTTY BISCUIT TIN,10038.49,2409,393,5.916347607052896
21219,SET/4 BADGES BALLOON GIRL,561.84,448,89,1.4985555555555554
21220,SET/4 BADGES DOGS,445.01,338,89,1.5551685393258428
21221,SET/4 BADGES CUTE CREATURES,340.21999999999997,261,54,1.3612962962962962
21222,SET/4 BADGES BEETLES,348.19,265,73,1.576216216216216
21224,SET/4 SKULL BADGES,1065,902,163,1.0913939393939394
21226,POCKET MIRROR WOODLAND,80.55,93,20,0.9139999999999999
21228,"POCKET MIRROR ""GLAMOROUS""",6.25,5,2,1.25
21231,SWEETHEART CERAMIC TRINKET BOX,7527.280000000001,5982,504,1.5739723320158103
21232,STRAWBERRY CERAMIC TRINKET BOX,14012.58,10389,701,1.6601702127659574
21232,STRAWBERRY CERAMIC TRINKET POT,2131.2200000000003,1369,125,1.7832539682539683
21238,RED RETROSPOT CUP,3471.44,3949,386,1.0699743589743589
21239,PINK  POLKADOT CUP,2690.34,2996,306,1.1218122977346279
21240,BLUE POLKADOT CUP,3093.2599999999998,3550,324,1.1140184049079753
21242,RED RETROSPOT PLATE,5662.53,3351,302,2.0882450331125826
21243,PINK  POLKADOT PLATE,3436.08,2057,184,2.1312432432432433
21243,PINK POLKADOT PLATE,377.56,220,25,2.1284
21244,BLUE POLKADOT PLATE,3780.87,2277,195,2.0608673469387755
21245,GREEN POLKADOT PLATE,1787.2,1075,128,2.0061240310077517
21246,RED RETROSPOT BIG BOWL,1336.78,286,96,4.550833333333333
21248,DOOR HANGER  MUM + DADS ROOM,330.71999999999997,205,66,1.8424242424242423
21249,WOODLAND  HEIGHT CHART STICKERS,2160,724,119,3.8703361344537814
21250,SET OF SKULL WALL STICKERS,274.37,95,20,3.3560000000000003
21251,DINOSAUR HEIGHT CHART STICKER SET,568.98,182,46,3.5830434782608696
21253,SET OF PICTURE FRAME  STICKERS,590.4200000000001,134,62,5.0358064516129035
21257,VICTORIAN SEWING BOX MEDIUM,6885.5199999999995,686,259,11.288076923076924
21258,VICTORIAN SEWING BOX LARGE,7662.05,531,162,17.20456790123457
21259,VICTORIAN SEWING BOX SMALL,7035.55,1172,282,7.0251063829787235
21260,FIRST AID TIN,3592.23,1121,165,3.582994011976048
21261,GREEN GOOSE FEATHER CHRISTMAS TREE,672.09,187,45,5.107777777777778
21262,WHITE GOOSE FEATHER CHRISTMAS TREE,1233.21,332,78,4.546025641025641
21263,GREEN GOOSE FEATHER TREE 60CM,345.27,165,41,2.51
21264,WHITE GOOSE FEATHER TREE 60CM,567.75,281,47,2.3712765957446806
21265,PINK GOOSE FEATHER TREE 60CM,267.21,131,19,2.5689473684210524
21268,VINTAGE BLUE TINSEL REEL,0.84,2,1,0.42
21269,ANTIQUE CREAM CUTLERY SHELF,254.98,29,19,8.946315789473685
21270,ANTIQUE CREAM CUTLERY CUPBOARD,530.19,50,36,11.344722222222222
21272,SALLE DE BAIN HOOK,777.57,548,103,1.7529523809523808
21275,ZINC TOP  2 DOOR WOODEN SHELF,253.13,12,11,21.47090909090909
21277,FRENCH STYLE EMBOSSED HEART CABINET,527.53,24,20,22.2865
21278,VINTAGE KITCHEN PRINT PUDDINGS,79.05,31,7,2.55
21279,VINTAGE KITCHEN PRINT FRUITS,266.15,85,29,3.9972413793103447
21280,VINTAGE KITCHEN PRINT VEGETABLES,165.75,65,12,2.55
21281,VINTAGE KITCHEN PRINT SEAFOOD,129.63,43,14,3.977142857142857
21284,RETROSPOT CANDLE  SMALL,374.49,403,42,2.039285714285714
21285,RETROSPOT CANDLE  MEDIUM,413.88,365,43,2.175581395348837
21286,RETROSPOT CANDLE  LARGE,362.12,273,30,2.675
21287,SCENTED VELVET LOUNGE CANDLE,760.15,1790,55,0.5452727272727272
21288,STRIPEY CHOCOLATE NESTING BOXES,1000.21,331,109,3.321376146788991
21289,LARGE STRIPES CHOCOLATE GIFT BAG,708.75,567,49,1.25
21291,SMALL POLKADOT CHOCOLATE GIFT BAG,819.64,943,52,1.0317307692307691
21292,SMALL STRIPES CHOCOLATE GIFT BAG,594.51,867,28,0.8746428571428572
21293,MIRRORED DOVE WALL DECORATION,276.72,116,24,2.6748
21294,ETCHED GLASS COASTER,825.49,1618,71,0.8383561643835616
21306,SET/4 DAISY MIRROR MAGNETS,190.64,493,43,1.0197674418604652
21307,SET/4 BUTTERFLY MIRROR MAGNETS,39.199999999999996,79,13,1.2646153846153847
21310,CAPIZ CHANDELIER,29.95,1,1,29.95
21311,SET/4 BIRD MIRROR MAGNETS,181.32999999999998,459,51,0.9040384615384616
21313,GLASS HEART T-LIGHT HOLDER,2893.1299999999997,3320,213,1.1515492957746478
21314,SMALL GLASS HEART TRINKET POT,9780.480000000001,4236,540,2.8433641404805914
21316,SMALL CHUNKY GLASS ROMAN  BOWL,211.78000000000003,158,14,3.0557142857142856
21317,GLASS SPHERE CANDLE STAND MEDIUM,684.08,111,34,6.655142857142857
21318,GLASS CHALICE BLUE SMALL,421.78,694,49,1.318
21319,GLASS CHALICE GREEN  SMALL,175.78,161,19,1.9857894736842105
21320,GLASS CHALICE GREEN  LARGE,364.22,197,19,2.941
21324,HANGING MEDINA LANTERN SMALL,259.67,81,28,3.4785714285714286
21326,AGED GLASS SILVER T-LIGHT HOLDER,6859.27,10535,340,0.820028901734104
21327,SKULLS WRITING SET,1484.1299999999999,864,252,1.9820703124999999
21328,BALLOONS  WRITING SET,2410.43,1337,346,2.2488218390804597
21329,DINOSAURS  WRITING SET,1723.6899999999998,941,287,2.159479166666667
21331,MOROCCAN BEATEN METAL DISH LARGE,165.74,12,8,14.3425
21332,MOROCCAN BEATEN METAL MIRROR,268.1,19,13,16.092307692307692
21333,CLASSIC WHITE FRAME,168.16000000000003,56,16,3.1350000000000002
21336,GOLD WASHBAG,54.57,27,10,2.026
21340,CLASSIC METAL BIRDCAGE PLANT HOLDER,11054.369999999999,952,285,13.414335664335665
21344,MOROCCAN BEATEN METAL DISH,160.09,15,6,11.756666666666666
21348,PINK SPOTS CHOCOLATE NESTING BOXES,361.55999999999995,140,6,3.31
21349,IVY HEART WREATH,128.6,14,10,8.796
21351,CINAMMON & ORANGE WREATH,672.88,104,34,6.652222222222222
21352,EUCALYPTUS & PINECONE  WREATH,1470.7600000000002,372,76,5.11421052631579
21354,TOAST ITS - BEST MUM,1007.71,799,95,1.5822105263157895
21355,TOAST ITS - I LOVE YOU,992.58,789,120,1.3647967479674796
21356,TOAST ITS - FAIRY FLOWER,703.3,642,151,1.219078947368421
21357,TOAST ITS - DINOSAUR,23.75,19,10,1.25
21358,TOAST ITS - HAPPY BIRTHDAY,493.29,411,108,1.181111111111111
21359,RELAX LARGE WOOD LETTERS,844.28,129,29,10.630344827586207
21360,JOY LARGE WOOD LETTERS,236.17000000000002,39,16,9.0825
21361,LOVE LARGE WOOD LETTERS,1480.46,104,68,15.471470588235293
21363,HOME SMALL WOOD LETTERS,1354.44,233,122,6.5459523809523805
21364,PEACE SMALL WOOD LETTERS,216.21,29,23,7.34304347826087
21365,MIRRORED WALL ART STARS,447.09000000000003,363,52,1.972962962962963
21366,MIRRORED WALL ART PHOTO FRAMES,470.17,89,46,5.890851063829787
21367,MIRRORED WALL ART GENTS,199.49,171,43,2.19953488372093
21368,MIRRORED WALL ART LADIES,143.28,163,33,1.2448484848484849
21369,MIRRORED WALL ART SPLODGES,161.49,101,16,2.515
21370,MIRRORED WALL ART FOXY,100.66,16,9,5.775555555555556
21371,MIRRORED WALL ART POPPIES,319.71,287,38,1.6355263157894737
21372,MIRRORED WALL ART TABLE LAMP,107.75,75,33,1.9772727272727273
21373,MIRRORED WALL ART SNOWFLAKES,380.04,500,46,0.8595652173913043
21374,MIRRORED WALL ART SKULLS,463.79,304,46,2.3667391304347825
21375,LARGE CAMPHOR WOOD FIELD MUSHROOM,312.77,41,27,8.400357142857143
21376,LARGE  TALL CAMPHOR WOOD TOADSTOOL,192.81,33,17,6.459411764705882
21377,SMALL CAMPHOR WOOD FIELD  MUSHROOM,215.67999999999998,121,41,2.4429268292682926
21378,SMALL TALL CAMPHOR WOOD TOADSTOOL,217.89,142,34,2.119705882352941
21379,CAMPHOR WOOD PORTOBELLO MUSHROOM,246.82999999999998,178,50,1.8538
21380,WOODEN HAPPY BIRTHDAY GARLAND,6307.51,2165,290,3.49
21381,MINI WOODEN HAPPY BIRTHDAY GARLAND,3088.99,1786,222,2.3840624999999998
21382,SET/4 SPRING FLOWER DECORATION,1376.53,1143,128,2.019767441860465
21383,PACK OF 12 STICKY BUNNIES,751.28,991,167,1.0253254437869823
21385,IVORY HANGING DECORATION  HEART,3442.45,3883,317,1.1086196319018404
21386,IVORY HANGING DECORATION  EGG,285.64,709,51,0.5614545454545454
21389,IVORY HANGING DECORATION  BIRD,964.2299999999999,1113,128,0.9474626865671641
21390,FILIGRIS HEART WITH BUTTERFLY,4844.38,3900,212,1.473256880733945
21391,FRENCH LAVENDER SCENT HEART,1049.29,1066,105,1.5049532710280373
21392,RED POLKADOT PUDDING BOWL,46.39,34,7,1.7125000000000001
21393,BLUE POLKADOT PUDDING BOWL,38.67,29,7,1.45875
21394,RED POLKADOT BEAKER,1596.75,3847,129,0.6090697674418605
21395,BLUE POLKADOT BEAKER,1136.72,2832,89,0.5432584269662921
21397,BLUE POLKADOT EGG CUP,550.43,1075,65,1.0604615384615383
21398,RED POLKADOT COFFEE  MUG,729.6,1532,63,1.2461904761904763
21399,BLUE POLKADOT COFFEE MUG,832.17,1958,69,0.8091304347826087
21400,RED PUDDING SPOON,128.63,881,72,0.25069444444444444
21401,BLUE PUDDING SPOON,151.19,1052,82,0.24349397590361446
21402,RED  EGG  SPOON,185.51999999999998,1369,92,0.25717391304347825
21403,BLUE EGG  SPOON,322.18,1857,106,0.25075471698113205
21407,BROWN CHECK CAT DOORSTOP,1416.86,289,137,5.457372262773722
21408,SPOTTY PINK DUCK DOORSTOP,1282.81,285,117,5.934786324786325
21410,COUNTRY COTTAGE  DOORSTOP GREEN,8.47,1,1,8.47
21411,GINGHAM HEART  DOORSTOP RED,2936.33,779,240,4.920247933884298
21413,PERIWINKLE T-LIGHT HOLDER,75.02,48,17,1.7658823529411765
21414,SCALLOP SHELL SOAP DISH,2.1,1,1,2.1
21415,CLAM SHELL SMALL,446.02000000000004,219,46,2.722391304347826
21416,CLAM SHELL LARGE,18.75,5,4,3.75
21417,COCKLE SHELL DISH,629.8000000000001,340,68,2.994264705882353
21418,STARFISH SOAP DISH,189.75,74,25,3.488076923076923
21420,OYSTER TRINKET BOX,120.41,53,19,3.856
21421,PORCELAIN ROSE LARGE,348.43,299,14,1.3821428571428571
21422,PORCELAIN ROSE SMALL,1295,1607,63,1.1042857142857143
21424,WOODLAND STORAGE BOX LARGE,1401.02,346,70,5.450571428571428
21425,SKULLS STORAGE BOX LARGE,320.49,87,30,4.644
21426,WOODLAND STORAGE BOX SMALL,624.58,256,46,3.843404255319149
21427,SKULLS STORAGE BOX SMALL,254.34,95,40,3.254
21428,SET3 BOOK BOX GREEN GINGHAM FLOWER,5138.13,1201,260,5.4474230769230765
21429,RED GINGHAM ROSE JEWELLERY BOX,3391.1499999999996,1740,286,2.321786941580756
21430,SET/3 RED GINGHAM ROSE STORAGE BOX,11809.59,3006,475,4.936813417190776
21439,BASKET OF TOADSTOOLS,1334.67,1022,129,1.5776923076923077
21441,BLUE BIRDHOUSE DECORATION,292.03,421,62,1.0741935483870968
21442,GREEN BIRDHOUSE DECORATION,307.94,437,59,1.0454237288135593
21445,12 PINK ROSE PEG PLACE SETTINGS,262.5,210,20,1.25
21446,12 RED ROSE PEG PLACE SETTINGS,630.92,449,105,1.5815315315315315
21447,12 IVORY ROSE PEG PLACE SETTINGS,1476.85,968,147,1.717027027027027
21448,12 DAISY PEGS IN WOOD BOX,592.6199999999999,344,77,1.9166666666666665
21452,TOADSTOOL MONEY BOX,2528.46,810,182,3.6654891304347825
21454,PAINTED PINK RABBIT,485.15999999999997,572,136,0.8598561151079136
21455,PAINTED YELLOW WOODEN DAISY,516.79,612,117,0.8565833333333333
21456,2 PICTURE BOOK EGGS EASTER CHICKS,222.22,171,25,1.492
21457,2 PICTURE BOOK EGGS EASTER DUCKS,165.89,124,25,1.6856
21458,2 PICTURE BOOK EGGS EASTER BUNNY,256.54,182,36,1.821388888888889
21459,YELLOW EASTER EGG HUNT START POST,150.38,76,19,2.064736842105263
21460,GREEN EASTER EGG HUNT START POST,56.779999999999994,28,11,2.148181818181818
21461,BLUE EASTER EGG HUNT START POST,21.91,9,5,2.822
21462,"NURSERY A,B,C PAINTED LETTERS",932.4,198,73,6.408904109589041
21463,MIRRORED DISCO BALL,3240.9500000000003,611,129,5.799224806201551
21464,DISCO BALL ROTATOR BATTERY OPERATED,1021.25,241,102,4.245098039215686
21465,PINK FLOWER CROCHET FOOD COVER,897.8,237,79,3.9344303797468356
21466,RED FLOWER CROCHET FOOD COVER,1116.89,304,112,3.8950892857142856
21467,CHERRY CROCHET FOOD COVER,1004.39,264,104,3.990096153846154
21468,BUTTERFLY CROCHET FOOD COVER,572.23,148,66,4.010606060606061
21469,POLKA DOT RAFFIA FOOD COVER,1085.32,290,89,3.8392134831460676
21470,FLOWER VINE RAFFIA FOOD COVER,1470.32,381,140,4.109357142857143
21471,STRAWBERRY RAFFIA FOOD COVER,2220.59,639,163,3.6676073619631904
21472,LADYBIRD + BEE RAFFIA FOOD COVER,476.41,123,37,4.1597297297297295
21473,SWEETHEART CREAM STEEL TABLE RECT,618.66,27,21,23.759999999999998
21476,STEEL SWEETHEART ROUND TABLE CREAM,699.63,41,24,18.561666666666667
21479,WHITE SKULL HOT WATER BOTTLE,20582.2,3915,499,4.986313725490196
21481,FAWN BLUE HOT WATER BOTTLE,11283.970000000001,3249,487,4.111891348088531
21484,CHICK GREY HOT WATER BOTTLE,8389.22,1835,401,5.193251833740831
21485,RETROSPOT HEART HOT WATER BOTTLE,17639.23,3519,621,5.638996865203762
21486,PINK HEART DOTS HOT WATER BOTTLE,147.88,36,11,4.042727272727273
21488,RED WHITE SCARF  HOT WATER BOTTLE,566.1700000000001,69,16,7.61125
21491,SET OF THREE VINTAGE GIFT WRAPS,1.95,1,1,1.95
21494,ROTATING LEAVES T-LIGHT HOLDER,3571.33,1928,313,2.605126582278481
21495,SKULLS AND CROSSBONES WRAP,2345.5,5775,164,0.4176829268292683
21497,FANCY FONTS BIRTHDAY WRAP,3409,8550,230,0.41826086956521735
21498,RED RETROSPOT WRAP,4290.92,10476,334,0.4180239520958084
21499,BLUE POLKADOT WRAP,2726.84,6702,215,0.4172093023255814
21500,PINK POLKADOT WRAP,2593,6350,213,0.4169014084507042
21503,TOYBOX  WRAP,288.5,725,22,0.4163636363636363
21504,SKULLS GREETING CARD,778.89,1891,115,0.48530434782608695
21506,"FANCY FONT BIRTHDAY CARD,",2080.85,4910,322,0.5102484472049689
21507,ELEPHANT BIRTHDAY CARD,469.74,1098,94,0.5495744680851063
21507,"ELEPHANT, BIRTHDAY CARD,",940.42,2198,166,0.5213253012048192
21508,VINTAGE KID DOLLY CARD,1036.9,2466,212,0.5558018867924528
21509,COWBOYS AND INDIANS BIRTHDAY CARD,1572.28,3741,274,0.5317883211678832
21518,BANK ACCOUNT  GREETING  CARD,132.44,318,38,0.47526315789473683
21519,GIN & TONIC DIET GREETING CARD,1374.1,3263,243,0.5117283950617284
21520,BOOZE & WOMEN GREETING CARD,214.19,504,58,0.5127586206896552
21523,DOORMAT FANCY FONT HOME SWEET HOME,21561.94,3241,500,9.52108
21524,DOORMAT SPOTTY HOME SWEET HOME,13523.16,1746,477,9.211171548117155
21527,RED RETROSPOT TRADITIONAL TEAPOT,3701.1400000000003,474,142,8.533776223776224
21528,DAIRY MAID TRADITIONAL TEAPOT,1543.67,213,109,7.718623853211009
21530,DAIRY MAID TOASTRACK,740.34,740,101,1.6392156862745098
21531,RED RETROSPOT SUGAR JAM BOWL,3677.07,1514,245,2.905691056910569
21533,RETROSPOT LARGE MILK JUG,6585.870000000001,1336,337,5.307455621301775
21534,DAIRY MAID LARGE MILK JUG,1849.48,364,152,5.469607843137255
21535,RED RETROSPOT SMALL MILK JUG,5986.01,2487,343,2.7591618497109827
21537,RED RETROSPOT PUDDING BOWL,1383.71,331,60,4.508666666666667
21538,DAIRY MAID  PUDDING BOWL,18.75,5,2,3.75
21539,RED RETROSPOT BUTTER DISH,4729.05,966,235,5.481181434599156
21544,SKULLS  WATER TRANSFER TATTOOS,1687.6799999999998,1972,174,1.1164
21547,CERAMIC BIRDHOUSE CRESTED TIT SMALL,253.53000000000003,79,22,3.7117391304347827
21555,CERAMIC STRAWBERRY TRINKET TRAY,350.46999999999997,137,69,2.590869565217391
21556,CERAMIC STRAWBERRY MONEY BOX,2515.52,977,114,3.316695652173913
21557,SET OF 6 FUNKY BEAKERS,1843.6100000000001,551,162,4.164846625766871
21558,SKULL LUNCH BOX WITH CUTLERY,5550.219999999999,2131,412,3.3762980769230766
21559,STRAWBERRY LUNCH BOX WITH CUTLERY,9735.38,3933,573,3.130447504302926
21561,DINOSAUR LUNCH BOX WITH CUTLERY,3127.38,1281,213,3.0350467289719623
21562,HAWAIIAN GRASS SKIRT,380.36,324,28,1.4353571428571428
21563,RED HEART SHAPE LOVE BUCKET,2803.13,1395,159,3.200062893081761
21564,PINK  HEART SHAPE LOVE BUCKET,1831.6200000000001,1042,123,3.216341463414634
21576,LETS GO SHOPPING COTTON TOTE BAG,585.34,252,78,2.589230769230769
21577,SAVE THE PLANET COTTON TOTE BAG,1651.3999999999999,714,174,2.72132183908046
21578,WOODLAND DESIGN  COTTON TOTE BAG,1657.76,746,127,2.5840944881889762
21579,LOLITA  DESIGN  COTTON TOTE BAG,391.71999999999997,168,48,2.5875
21580,RABBIT  DESIGN  COTTON TOTE BAG,444.07,181,62,2.890483870967742
21581,SKULLS  DESIGN  COTTON TOTE BAG,590.67,252,79,2.8841772151898732
21584,RETROSPOT SMALL TUBE MATCHES,1743.35,1059,146,1.6487012987012986
21586,KINGS CHOICE GIANT TUBE MATCHES,1721.8500000000001,743,67,2.5029850746268654
21587,COSY HOUR GIANT TUBE MATCHES,475.65,195,26,2.5344827586206895
21588,RETROSPOT GIANT TUBE MATCHES,3442.5,1494,132,2.5266666666666664
21591,COSY HOUR CIGAR BOX MATCHES,1996.14,1374,146,1.2598692810457517
21592,RETROSPOT CIGAR BOX MATCHES,2149.07,2149,216,1.1326008968609866
21594,Dr. Jam's Arouzer Stress Ball,8.34,2,2,4.17
21595,Dad's Cab Electronic Meter,16.94,2,2,8.47
21609,SET 12 LAVENDER  BOTANICAL T-LIGHTS,2086.69,763,76,3.0362337662337664
21613,S/12 VANILLA  BOTANICAL T-LIGHTS,661.9300000000001,227,42,3.146190476190476
21614,SET OF 12 ROSE BOTANICAL T-LIGHTS,153.29000000000002,51,9,3.2655555555555558
21615,4 LAVENDER BOTANICAL DINNER CANDLES,1347.92,891,135,2.023623188405797
21616,4 PEAR BOTANICAL DINNER CANDLES,1288.34,822,138,1.9645070422535211
21617,4 LILY  BOTANICAL DINNER CANDLES,1009.26,525,102,2.438653846153846
21618,4 WILDFLOWER BOTANICAL CANDLES,768.37,404,91,2.4651546391752577
21619,4 VANILLA BOTANICAL CANDLES,1476.4,974,164,1.9874545454545454
21620,SET OF 4 ROSE BOTANICAL CANDLES,1429.49,881,165,2.0507185628742515
21621,VINTAGE UNION JACK BUNTING,24287.829999999998,2759,471,9.453887733887735
21622,VINTAGE UNION JACK CUSHION COVER,1943.04,372,102,5.856274509803922
21623,VINTAGE UNION JACK MEMOBOARD,22970.29,3268,220,10.376318181818181
21624,VINTAGE UNION JACK DOORSTOP,1319.66,214,94,6.651666666666667
21625,VINTAGE UNION JACK APRON,2939.51,407,169,8.065411764705882
21626,VINTAGE UNION JACK PENNANT,1551.6499999999999,777,97,2.2830612244897956
21627,ELEPHANT CARNIVAL POUFFE,1299.83,63,47,21.961489361702128
21628,TRIANGULAR POUFFE VINTAGE,1131.75,61,32,21.96125
21629,SQUARE FLOOR CUSHION VINTAGE RED,672.05,71,42,10.515714285714285
21630,FLOOR CUSHION ELEPHANT CARNIVAL,709.1899999999999,68,34,12.192647058823528
21631,HIPPY CHIC DECORATIVE PARASOL,896.01,169,27,8.337407407407408
21632,VINTAGE PINK DECORATIVE PARASOL,489.74,88,24,8.2
21633,SUNFLOWER DECORATIVE PARASOL,895.46,125,42,10.163571428571428
21634,ASSORTED MINI MADRAS NOTEBOOK,481.95,976,28,0.8446428571428571
21635,MADRAS NOTEBOOK LARGE,374.96,271,16,2.263125
21636,MADRAS NOTEBOOK MEDIUM,705.16,913,73,0.8541333333333333
21637,ASSORTED SANSKRIT MINI NOTEBOOK,136.25,109,6,1.25
21638,ASSORTED TUTTI FRUTTI NOTEBOOK,547.7600000000001,247,40,2.56675
21640,ASSORTED TUTTI FRUTTI  FOB NOTEBOOK,633.8299999999999,650,78,1.138452380952381
21641,ASSORTED TUTTI FRUTTI KEYRING BALL,451.59,1153,49,1.097142857142857
21642,ASSORTED TUTTI FRUTTI PEN,809.8499999999999,2399,100,0.4978431372549019
21643,ASSORTED TUTTI FRUTTI MIRROR,728.31,538,59,1.8501694915254236
21644,ASSORTED TUTTI FRUTTI HEART BOX,267.5,214,31,1.25
21647,ASSORTED TUTTI FRUTTI LARGE PURSE,222.60000000000002,106,24,2.1
21648,ASSORTED TUTTI FRUTTI SMALL PURSE,982.79,729,66,1.878939393939394
21650,ASSORTED TUTTI FRUTTI BRACELET,688.2900000000001,2526,131,0.5040579710144928
21651,HANGING GLASS ETCHED TEALIGHT,198.57,127,11,1.769090909090909
21654,RIDGED GLASS FINGER BOWL,504.68,974,59,0.9606666666666667
21655,HANGING RIDGE GLASS T-LIGHT HOLDER,40.56,24,1,1.69
21656,RIDGED GLASS POSY VASE,444.58,219,47,2.2080851063829785
21657,MILK BOTTLE WITH GLASS STOPPER,223.46,30,17,7.83
21658,GLASS  BEURRE DISH,3685.69,873,208,5.639569377990431
21661,VINTAGE GLASS TEA CADDY,17.85,3,3,5.95
21662,VINTAGE GLASS COFFEE CADDY,557.3000000000001,86,26,8.161538461538461
21664,RIDGED GLASS STORAGE JAR CREAM LID,350.22,98,18,3.7310526315789474
21666,RIDGED GLASS T-LIGHT HOLDER,283.51,412,43,0.8558139534883721
21668,RED STRIPE CERAMIC DRAWER KNOB,7463.76,5482,436,1.6718863636363637
21669,BLUE STRIPE CERAMIC DRAWER KNOB,7055.1,5227,422,1.5966357308584687
21670,BLUE SPOT CERAMIC DRAWER KNOB,6059.04,4309,371,1.7126612903225806
21671,RED SPOT CERAMIC DRAWER KNOB,6019.89,4376,365,1.7333060109289617
21672,WHITE SPOT RED CERAMIC DRAWER KNOB,6728.5,4954,405,1.693941605839416
21673,WHITE SPOT BLUE CERAMIC DRAWER KNOB,6009.95,4347,363,1.6865940054495914
21675,BUTTERFLIES STICKERS,558.06,616,109,1.1413761467889907
21676,FLOWERS  STICKERS,245.35999999999999,257,61,1.159344262295082
21677,HEARTS  STICKERS,727.64,823,118,1.0348305084745761
21678,PAISLEY PATTERN  STICKERS,111.86,125,32,1.0071875
21679,SKULLS  STICKERS,1028.58,1140,138,1.12731884057971
21680,WOODLAND  STICKERS,786.31,868,103,1.2149514563106796
21681,GIANT MEDINA STAMPED METAL BOWL,19.9,2,2,9.95
21682,LARGE MEDINA STAMPED METAL BOWL,930.96,182,55,5.496545454545455
21683,MEDIUM MEDINA STAMPED METAL BOWL,948.7000000000002,310,58,3.3927586206896554
21684,SMALL MEDINA STAMPED METAL BOWL,612.1,771,47,1.258723404255319
21686,MEDINA STAMPED METAL STOOL,1311.69,34,19,39.86526315789474
21688,SILVER PLATE CANDLE BOWL SMALL,1101.2800000000002,348,57,3.8033333333333337
21689,SILVER VANILLA  FLOWER CANDLE POT,369.87,95,26,4.273846153846153
21690,SILVER  CANDLEPOT JARDIN,82.5,22,7,3.75
21692,SILVER LATTICE VANILLA CANDLE POT,63.75,17,7,3.75
21693,SMALL HAMMERED SILVER CANDLEPOT,1107.91,361,50,3.35
21694,SMALL REGAL  SILVER CANDLEPOT,840.33,307,24,3.395
21695,SMALL SILVER FLOWER CANDLE POT,857.6800000000001,284,41,3.365609756097561
21696,SMALL SILVER TRELLIS CANDLEPOT,637.0000000000001,212,32,3.3125
21698,MOCK LOBSTER FRIDGE MAGNET,164.17,296,45,1.0622222222222222
21700,BIG DOUGHNUT FRIDGE MAGNETS,2304.3399999999997,1690,197,3.9727638190954773
21703,BAG 125g SWIRLY MARBLES,3493.61,9306,291,0.4965084745762712
21704,BAG 250g SWIRLY MARBLES,4039.2799999999997,5144,248,1.0033734939759036
21705,BAG 500g SWIRLY MARBLES,1442.37,1447,140,1.8411267605633803
21706,FOLDING UMBRELLA RED/WHITE POLKADOT,1616.81,346,120,4.997333333333334
21707,FOLDING UMBRELLA BLACKBLUE POLKADOT,763.6600000000001,160,74,4.881351351351351
21708,FOLDING UMBRELLA CREAM POLKADOT,858.1600000000001,189,63,4.306349206349206
21709,FOLDING UMBRELLA CHOCOLATE POLKADOT,607.23,133,59,4.667118644067797
21710,FOLDING UMBRELLA PINKWHITE POLKADOT,501.98,107,45,4.822666666666667
21711,FOLDING UMBRELLA WHITE/RED POLKADOT,513.02,104,36,5.247777777777778
21713,CITRONELLA CANDLE FLOWERPOT,1817.74,786,157,2.507987421383648
21714,CITRONELLA CANDLE GARDEN POT,3010.65,1651,225,1.8948458149779737
21715,GIRLS VINTAGE TIN SEASIDE BUCKET,3507.17,1330,231,3.261293103448276
21716,BOYS VINTAGE TIN SEASIDE BUCKET,3872.92,1425,244,3.3852049180327866
21717,EASTER TIN BUCKET,946.93,408,41,2.6848780487804875
21718,RED METAL BEACH SPADE,2113.39,1493,229,1.7087826086956521
21719,LOVELY BONBON STICKER SHEET,307.44,345,58,1.0569491525423729
21720,CAKE SHOP  STICKER SHEET,48.449999999999996,57,8,0.85
21721,CANDY SHOP  STICKER SHEET,179.45999999999998,195,33,1.1028571428571428
21722,SWEET PUDDING STICKER SHEET,95.53,98,36,1.129722222222222
21723,ALPHABET HEARTS STICKER SHEET,350.08,397,59,1.0294915254237287
21724,PANDA AND BUNNIES STICKER SHEET,355.83,408,81,0.9703703703703703
21725,SWEETIES  STICKERS,277.24,301,50,1.1343999999999999
21726,MULTI HEARTS  STICKERS,204.69,237,42,0.9271428571428572
21730,GLASS STAR FROSTED T-LIGHT HOLDER,2514.4300000000003,517,131,5.356641221374046
21731,RED TOADSTOOL LED NIGHT LIGHT,23838.929999999997,13952,844,2.3947882352941177
21733,RED HANGING HEART T-LIGHT HOLDER,23091.09,7831,738,3.1623733333333335
21735,TWO DOOR CURIO CABINET,2329.35,190,80,12.553125
21736,GOLD SCROLL GLASS T-LIGHT HOLDER,137.22000000000003,80,5,1.8150000000000002
21738,COSY SLIPPER SHOES SMALL  RED,144.58,46,21,3.3360869565217395
21739,COSY SLIPPER SHOES SMALL GREEN,703.08,254,111,2.7631531531531532
21741,COSY SLIPPER SHOES LARGE GREEN,480.17,147,40,3.823
21742,LARGE ROUND WICKER PLATTER,1167.58,194,91,6.092795698924731
21743,STAR PORTABLE TABLE LIGHT,887.65,299,49,3.875714285714286
21744,SNOWFLAKE PORTABLE TABLE LIGHT,1557.65,529,127,3.042093023255814
21745,GAOLERS KEYS DECORATIVE GARDEN,3460.73,931,213,3.9690654205607476
21746,SMALL RED RETROSPOT WINDMILL,3751.93,3063,225,1.4700440528634362
21747,SMALL SKULL WINDMILL,630.61,473,53,1.5166037735849056
21749,LARGE RED RETROSPOT WINDMILL,3864.4900000000002,1957,139,2.5341007194244605
21750,LARGE SKULL WINDMILL,207.51000000000002,90,24,2.6954166666666666
21754,HOME BUILDING BLOCK WORD,16846.120000000003,2746,774,6.631928020565553
21755,LOVE BUILDING BLOCK WORD,12418.01,2008,628,6.696382306477093
21756,BATH BUILDING BLOCK WORD,5006.26,809,270,6.620036900369004
21757,LIGHTHOUSE PRINTED METAL SIGN,29.700000000000003,6,3,4.95
21758,VINTAGE SHELLS PRINT,427.46000000000004,50,32,9.839375
21761,WOOD AND GLASS MEDICINE CABINET,299.5,10,10,29.95
21763,VINTAGE WOODEN BAR STOOL,169.75,6,4,27.4625
21769,VINTAGE POST OFFICE CABINET,607.6500000000001,11,2,66.36
21770,OPEN CLOSED METAL SIGN,7894.2300000000005,1632,387,5.525927835051546
21773,DECORATIVE ROSE BATHROOM BOTTLE,1154.17,1170,163,1.7692073170731708
21774,DECORATIVE CATS BATHROOM BOTTLE,1152.4,1095,186,1.9209625668449197
21775,DECORATIVE FLORE BATHROOM BOTTLE,716.86,515,139,1.8763309352517985
21777,RECIPE BOX WITH METAL HEART,95.4,12,6,7.95
21781,MA CAMPAGNE CUTLERY BOX,2602,164,97,16.89041237113402
21784,SHOE SHINE BOX,633.0699999999999,57,44,11.448181818181817
21785,RAIN PONCHO,268.76,411,5,0.972
21786,POLKADOT RAIN HAT,916.99,1937,226,0.6697835497835498
21787,RAIN PONCHO RETROSPOT,6741.0999999999995,8347,240,1.0564897959183672
21788,KIDS RAIN MAC BLUE,1029.24,1293,85,0.9096511627906977
21789,KIDS RAIN MAC PINK,802.8,924,91,0.9430434782608695
21790,VINTAGE SNAP CARDS,12448.81,14449,925,1.0161307609860664
21791,VINTAGE HEADS AND TAILS CARD GAME,10459.4,7828,604,1.5070559210526315
21792,CLASSIC FRENCH STYLE BASKET GREEN,1439.77,335,74,5.032702702702703
21793,CLASSIC FRENCH STYLE BASKET BROWN,1296.6100000000001,304,74,4.584533333333334
21794,CLASSIC FRENCH STYLE BASKET NATURAL,2213.42,522,106,4.9307547169811325
21801,CHRISTMAS TREE DECORATION WITH BELL,515.14,1215,124,0.4229838709677419
21802,CHRISTMAS TREE HEART DECORATION,919.14,2122,180,0.4531868131868132
21803,CHRISTMAS TREE STAR DECORATION,1016.02,2353,198,0.4511111111111111
21804,WHITE CHRISTMAS GARLAND STARS TREES,830.03,225,65,3.770151515151515
21807,WHITE CHRISTMAS STAR DECORATION,189,438,30,0.46941176470588236
21808,"CHRISTMAS GARLAND STARS,TREES",637.83,180,48,3.535625
21809,CHRISTMAS HANGING TREE WITH BELL,1117.92,1964,117,0.9476859504132231
21810,CHRISTMAS HANGING STAR WITH BELL,2908.0899999999997,5781,250,0.7407662835249041
21811,CHRISTMAS HANGING HEART WITH BELL,307.6,231,26,1.6842307692307692
21811,HANGING HEART WITH BELL,2356.08,4571,218,0.9186283185840708
21812,GARLAND WITH HEARTS AND BELLS,1676.97,379,97,5.186494845360825
21813,GARLAND WITH STARS AND BELLS,2250.77,543,111,4.6589285714285715
21814,HEART T-LIGHT HOLDER,111.77,74,15,1.7293749999999999
21815,STAR  T-LIGHT HOLDER,270.22999999999996,158,29,2.007
21816,CHRISTMAS TREE T-LIGHT HOLDER,47.849999999999994,33,7,1.45
21817,GLITTER CHRISTMAS TREE,410.91,906,58,0.5645901639344262
21818,GLITTER CHRISTMAS HEART,231.82,268,21,0.91625
21818,GLITTER HEART DECORATION,1088.5900000000001,2469,142,0.5535064935064935
21819,GLITTER CHRISTMAS STAR,1066.65,2470,124,0.544812030075188
21820,GLITTER HEART GARLAND WITH BELLS,1255.97,299,87,5.08438202247191
21821,GLITTER STAR GARLAND WITH BELLS,992.05,239,61,5.088387096774194
21822,GLITTER CHRISTMAS TREE WITH BELLS,719.3,698,97,1.3240594059405941
21823,PAINTED METAL HEART WITH HOLLY BELL,854.3499999999999,1372,97,0.9436538461538462
21824,PAINTED METAL STAR WITH HOLLY BELLS,1067.62,1892,116,0.7677310924369748
21826,EIGHT PIECE DINOSAUR SET,185.18,125,35,1.6913513513513512
21827,EIGHT PIECE CREEPY CRAWLIE SET,7.5,6,3,1.25
21828,EIGHT PIECE SNAKE  SET,435.79,330,84,1.4801176470588235
21829,DINOSAUR KEYRINGS ASSORTED,1438.06,6657,176,0.2633333333333333
21830,ASSORTED CREEPY CRAWLIES,1086.91,2573,97,0.4705050505050505
21832,CHOCOLATE CALCULATOR,1748.85,929,197,2.353181818181818
21833,CAMOUFLAGE LED TORCH,4553.87,2702,167,2.11185628742515
21836,GINGHAM OVEN GLOVE RED HEART,26.490000000000002,5,3,5.04
21839,MUMMY MOUSE RED GINGHAM RIBBON,5.45,1,1,5.45
21841,BABY MOUSE RED GINGHAM DRESS,310.25,73,21,4.25
21843,RED RETROSPOT CAKE STAND,19586.399999999998,1758,521,12.68172084130019
21844,RED RETROSPOT MUG,5167.6900000000005,1847,156,3.312547770700637
21845,DAIRY MAID STRIPE MUG,1720.3000000000002,1906,82,1.101219512195122
21846,PINK DIAMANTE PEN IN GIFT BOX,1147.57,412,102,4.085
21847,GREEN  DIAMANTE PEN IN GIFT BOX,178.89,76,33,2.7533333333333334
21849,SILVER DIAMANTE PEN IN GIFT BOX,548.93,173,66,3.8038235294117646
21850,BLUE  DIAMANTE PEN IN GIFT BOX,335.13,93,53,4.302452830188679
21851,LILAC DIAMANTE PEN IN GIFT BOX,454.99,141,63,4.154603174603174
21864,UNION JACK FLAG PASSPORT COVER,2041.69,828,184,2.863763440860215
21865,PINK UNION JACK  PASSPORT COVER,618.9300000000001,271,106,2.5725233644859813
21866,UNION JACK FLAG LUGGAGE TAG,1292.38,747,193,1.9597938144329896
21867,PINK UNION JACK  LUGGAGE TAG,480.25,348,121,1.5743076923076922
21868,POTTING SHED TEA MUG,3229.75,2453,300,1.7590066225165564
21870,I CAN ONLY PLEASE ONE PERSON MUG,1821.46,1383,161,1.5799386503067485
21871,SAVE THE PLANET MUG,5992.68,4805,355,1.8170473537604457
21872,GLAMOROUS  MUG,1454.98,1292,142,1.6714685314685316
21873,IF YOU CAN'T STAND THE HEAT MUG,1742.98,1534,114,1.6182456140350878
21874,GIN AND TONIC MUG,4126.179999999999,2962,294,2.0168027210884354
21875,KINGS CHOICE MUG,2399.38,2031,147,1.837972972972973
21876,POTTERING MUG,4786.8099999999995,3762,330,2.098429003021148
21877,HOME SWEET HOME MUG,5872.46,4415,345,1.7260115606936417
21878,PACK OF 6 SANDCASTLE FLAGS ASSORTED,2162,2511,223,1.0926431718061673
21879,HEARTS GIFT TAPE,385.47,1176,94,0.5863157894736842
21880,RED RETROSPOT TAPE,850.98,1891,239,0.483375
21881,CUTE CATS TAPE,383.11,1102,79,0.6788607594936709
21882,SKULLS TAPE,251.17000000000002,704,70,0.6367605633802816
21883,STARS GIFT TAPE,725.4200000000001,1653,133,0.6445864661654135
21884,CAKES AND BOWS GIFT  TAPE,413.76,1166,93,0.761505376344086
21888,BINGO SET,6633.29,1681,375,4.7325333333333335
21889,WOODEN BOX OF DOMINOES,8817.29,6366,586,1.579531772575251
21890,S/6 WOODEN SKITTLES IN COTTON BAG,3674.11,1147,231,3.858119658119658
21891,TRADITIONAL WOODEN SKIPPING ROPE,10455.05,8094,422,1.593986013986014
21892,TRADITIONAL WOODEN CATCH CUP GAME,4302.16,3180,411,1.6059712230215828
21894,POTTING SHED SEED ENVELOPES,902.08,592,130,1.8283969465648855
21895,POTTING SHED SOW 'N' GROW SET,12.72,2,2,6.36
21896,POTTING SHED TWINE,2272.79,980,110,2.417927927927928
21897,POTTING SHED CANDLE CITRONELLA,1268.1899999999998,405,3,3.85
21898,POTTING SHED ROSE CANDLE,1541.11,493,25,2.6156
21899,GARAGE KEY FOB,565.8100000000001,777,147,0.9082432432432432
21899,"KEY FOB , GARAGE DESIGN",1192.16,1902,131,0.8493984962406015
21900,"KEY FOB , SHED",2197.17,3228,372,0.9522252010723861
21901,"KEY FOB , BACK DOOR",1277.89,1828,308,0.8934285714285715
21902,"KEY FOB , FRONT  DOOR",1256.52,1953,208,0.8865876777251185
21903,MAN FLU METAL SIGN,2464.9300000000003,1148,179,2.5078212290502795
21904,HOUSE WRECKING METAL SIGN,105.00000000000001,50,23,2.1
21905,MORE BUTTER METAL SIGN,821.61,760,160,1.401625
21906,PHARMACIE FIRST AID TIN,4450.5599999999995,578,171,9.695930232558139
21907,I'M ON HOLIDAY METAL SIGN,5001.9800000000005,2359,366,2.3009809264305177
21908,CHOCOLATE THIS WAY METAL SIGN,7701.820000000001,3747,466,2.5365605095541404
21910,WAY OUT METAL SIGN,59.39999999999999,36,8,1.65
21911,GARDEN METAL SIGN,183.40999999999997,102,28,2.1896428571428572
21912,VINTAGE SNAKES & LADDERS,7047.7,1786,396,4.942045454545455
21913,VINTAGE SEASIDE JIGSAW PUZZLES,1558.33,396,147,4.373469387755102
21914,BLUE HARMONICA IN BOX,10324.81,7864,602,1.43183908045977
21915,RED  HARMONICA IN BOX,26234.08,21855,657,1.4266363636363637
21916,SET 12 RETRO WHITE CHALK STICKS,1963.41,4575,358,0.5463736263736264
21917,SET 12 KIDS  WHITE CHALK STICKS,1701.51,4150,224,0.49790178571428567
21918,SET 12 KIDS COLOUR  CHALK STICKS,2949.83,7198,368,0.5198652291105121
21922,UNION STRIPE WITH FRINGE  HAMMOCK,6944.360000000001,898,208,9.187081339712918
21925,UNION STRIPE CUSHION COVER,498.75,399,62,1.25
21926,RED/CREAM STRIPE CUSHION COVER,494.9,402,59,1.2467796610169493
21927,BLUE/CREAM STRIPE CUSHION COVER,741.15,599,93,1.2479787234042554
21928,JUMBO BAG SCANDINAVIAN BLUE PAISLEY,16862.19,8201,659,2.6870801815431165
21928,JUMBO BAG SCANDINAVIAN PAISLEY,3904.72,2057,144,2.760689655172414
21929,JUMBO BAG PINK VINTAGE PAISLEY,22813.48,10795,861,2.682085253456221
21930,JUMBO STORAGE BAG SKULLS,14004.12,6437,704,2.7879803646563817
21931,JUMBO STORAGE BAG SUKI,30209.13,13340,1179,2.7501934398654333
21932,SCANDINAVIAN PAISLEY PICNIC BAG,4945.88,2690,445,2.0708017817371935
21933,PINK VINTAGE PAISLEY PICNIC BAG,4926.28,2661,408,2.0676867469879516
21934,SKULL SHOULDER BAG,4463.78,2411,410,2.141824817518248
21935,SUKI  SHOULDER BAG,6296.96,3392,529,2.3382075471698114
21936,RED RETROSPOT PICNIC BAG,11662.24,3984,530,3.711280602636535
21937,STRAWBERRY   PICNIC BAG,4869.3499999999995,1697,249,3.4092000000000002
21942,SKULLS DESIGN FLANNEL,302.81,275,102,1.3385294117647057
21943,CAKES AND RABBITS DESIGN FLANNEL,134.48999999999998,119,50,1.2855999999999999
21944,KITTENS DESIGN FLANNEL,310.19,337,100,1.1922772277227722
21945,STRAWBERRIES  DESIGN FLANNEL,373.34,358,105,1.312452830188679
21946,PARTY TIME DESIGN FLANNEL,75.35,86,25,1.0136
21947,SET OF 6 HEART CHOPSTICKS,1139.65,811,152,1.6988535031847134
21948,SET OF 6 CAKE CHOPSTICKS,978.23,640,153,1.904258064516129
21949,SET OF 6 STRAWBERRY CHOPSTICKS,1054.44,801,144,1.806758620689655
21955,DOORMAT UNION JACK GUNS AND ROSES,7580.82,1228,206,9.168653846153846
21967,PACK OF 12 SKULL TISSUES,1582.1499999999999,5271,232,0.44693617021276594
21972,SET OF 36 DINOSAUR PAPER DOILIES,499.08,335,65,1.6887692307692308
21973,SET OF 36 MUSHROOM PAPER DOILIES,230.54999999999998,159,30,1.45
21974,SET OF 36 PAISLEY FLOWER DOILIES,3457.1499999999996,2158,354,2.1561581920903956
21975,PACK OF 60 DINOSAUR CAKE CASES,6089.31,12288,600,0.6265960912052118
21976,PACK OF 60 MUSHROOM CAKE CASES,2856.7000000000003,5175,392,0.8410579345088162
21977,PACK OF 60 PINK PAISLEY CAKE CASES,12186.720000000001,24748,866,0.7453591790193843
21980,PACK OF 12 RED RETROSPOT TISSUES,2089.8599999999997,6577,295,0.4075
21981,PACK OF 12 WOODLAND TISSUES,1651.3,5468,271,0.48146520146520144
21982,PACK OF 12 SUKI TISSUES,2215.6099999999997,7173,359,0.47382513661202186
21983,PACK OF 12 BLUE PAISLEY TISSUES,777.67,2301,155,0.44819354838709674
21984,PACK OF 12 PINK PAISLEY TISSUES,1102.1599999999999,3422,211,0.4719718309859155
21985,PACK OF 12 HEARTS DESIGN TISSUES,2729.5099999999998,8775,427,0.41773892773892773
21986,PACK OF 12 PINK POLKADOT TISSUES,1197.73,4067,189,0.42732984293193715
21987,PACK OF 6 SKULL PAPER CUPS,1338.8500000000001,2101,170,0.7711428571428571
21988,PACK OF 6 SKULL PAPER PLATES,1862.75,2321,193,1.0186153846153845
21989,PACK OF 20 SKULL PAPER NAPKINS,2233.1,2409,335,1.1530088495575221
21990,MODERN FLORAL STATIONERY SET,2870,1672,366,1.995420054200542
21991,BOHEMIAN COLLAGE STATIONERY SET,1065.82,623,210,2.00781990521327
21992,VINTAGE PAISLEY STATIONERY SET,3510.72,1901,436,2.065475113122172
21993,FLORAL FOLK STATIONERY SET,3340.84,1925,424,2.026643192488263
22016,Dotcomgiftshop Gift Voucher £100.00,83.33,1,1,83.33
22021,BLUE FELT EASTER EGG BASKET,610.4499999999999,365,71,1.73986301369863
22023,EMPIRE BIRTHDAY CARD,533.68,1194,145,0.6010958904109589
22024,RAINY LADIES BIRTHDAY CARD,1018.6899999999999,2394,212,0.5883962264150944
22025,RING OF ROSES BIRTHDAY CARD,756.01,1823,129,0.5526923076923077
22026,BANQUET BIRTHDAY  CARD,707.04,1632,159,0.5742138364779874
22027,TEA PARTY BIRTHDAY CARD,1811.79,4200,359,0.5347368421052632
22028,PENNY FARTHING BIRTHDAY CARD,1304.1399999999999,3042,262,0.5452091254752851
22029,SPACEBOY BIRTHDAY CARD,3382.5299999999997,8149,526,0.524629981024668
22030,SWALLOWS GREETING CARD,2237.89,5527,274,0.4638181818181818
22031,BOTANICAL LAVENDER BIRTHDAY CARD,220.55,492,79,0.520126582278481
22032,BOTANICAL LILY GREETING CARD,181.98,427,60,0.4485
22033,BOTANICAL ROSE GREETING CARD,141.95,337,22,0.4386363636363636
22034,ROBIN CHRISTMAS CARD,5.02,10,4,0.625
22035,VINTAGE CARAVAN GREETING CARD,617.3199999999999,1452,137,0.5750364963503649
22037,ROBOT BIRTHDAY CARD,1695.32,3929,354,0.5297183098591549
22038,BOTANICAL LAVENDER GIFT WRAP,199.5,475,19,0.42
22039,BOTANICAL LILY GIFT WRAP,94.5,225,6,0.42
22040,BOTANICAL ROSE GIFT WRAP,304.5,725,28,0.42
22041,"RECORD FRAME 7"" SINGLE SIZE",11275.51,4343,358,3.6858287292817677
22042,CHRISTMAS CARD SINGING ANGEL,163.29,387,38,0.43342105263157893
22043,CHRISTMAS CARD SCREEN PRINT,304.5,1238,64,0.29765625
22044,CHRISTMAS CARD STACK OF PRESENTS,196.44000000000003,816,36,0.2602777777777778
22045,SPACEBOY GIFT WRAP,2641.84,6452,205,0.4186341463414634
22046,TEA PARTY  WRAPPING PAPER,918.5,2225,74,0.4189189189189189
22047,EMPIRE GIFT WRAP,1363,3350,105,0.4179047619047619
22048,BIRTHDAY BANQUET GIFT WRAP,383,950,31,0.4174193548387097
22049,WRAP CHRISTMAS SCREEN PRINT,291.5,1050,33,0.2736363636363636
22050,PINK PAISLEY ROSE GIFT WRAP,488,1200,39,0.4179487179487179
22051,BLUE SCANDINAVIAN PAISLEY WRAP,409.5,975,39,0.42
22052,VINTAGE CARAVAN GIFT WRAP,252,600,25,0.42
22053,EMPIRE DESIGN ROSETTE,3606.4199999999996,4244,28,1.2278571428571428
22055,MINI CAKE STAND  HANGING STRAWBERY,2065.04,1364,218,2.09009009009009
22057,CERAMIC PLATE STRAWBERRY DESIGN,614.28,548,60,1.412
22059,CERAMIC STRAWBERRY DESIGN MUG,2081.54,1780,173,1.6124293785310735
22060,LARGE CAKE STAND HANGING HEARTS,1111.05,231,34,5.28
22061,LARGE CAKE STAND  HANGING STRAWBERY,4208.11,581,145,10.291931034482758
22062,CERAMIC BOWL WITH LOVE HEART DESIGN,677.86,583,73,1.6003846153846153
22063,CERAMIC BOWL WITH STRAWBERRY DESIGN,1364.5,582,119,3.667377049180328
22064,PINK DOUGHNUT TRINKET POT,2542.9999999999995,1726,241,2.1467479674796746
22065,CHRISTMAS PUDDING TRINKET POT,3462.25,6729,241,1.0662948207171314
22066,LOVE HEART TRINKET POT,1044.81,2239,135,0.6829496402877698
22067,CHOC TRUFFLE GOLD TRINKET POT,635.3199999999999,406,69,2.0785714285714287
22068,BLACK PIRATE TREASURE CHEST,836.5899999999999,514,142,2.387132867132867
22069,BROWN  PIRATE TREASURE CHEST,993.5,414,146,3.196938775510204
22070,SMALL RED RETROSPOT MUG IN BOX,2025.3600000000001,654,113,4.257894736842105
22071,SMALL WHITE RETROSPOT MUG IN BOX,1226.3,449,84,3.943372093023256
22072,RED RETROSPOT TEA CUP AND SAUCER,2811.17,848,162,3.993012048192771
22073,RED RETROSPOT STORAGE JAR,1298.64,324,68,4.9957142857142856
22074,6 RIBBONS SHIMMERING PINKS,1219.87,1390,198,1.3996984924623115
22075,6 RIBBONS ELEGANT CHRISTMAS,2469.23,1761,199,1.7746268656716417
22076,6 RIBBONS EMPIRE,1667.8799999999999,1259,225,1.611858407079646
22077,6 RIBBONS RUSTIC CHARM,17165.17,9159,953,2.212396694214876
22078,RIBBON REEL LACE DESIGN,2923.21,1369,192,2.6293401015228426
22079,RIBBON REEL HEARTS DESIGN,3275.79,1867,320,2.0459752321981424
22080,RIBBON REEL POLKADOTS,1986.98,1196,154,1.9791025641025641
22081,RIBBON REEL FLORA + FAUNA,1160,634,137,2.3183333333333334
22082,RIBBON REEL STRIPES DESIGN,4628.88,2660,407,1.9870702179176756
22083,PAPER CHAIN KIT RETROSPOT,14025.09,4607,609,3.7672131147540986
22084,PAPER CHAIN KIT EMPIRE,15084.62,5176,435,3.2735746606334843
22085,PAPER CHAIN KIT SKULLS,1566.99,548,97,3.1757142857142857
22086,PAPER CHAIN KIT 50'S CHRISTMAS,63936.94,18962,1153,3.366482582837723
22087,PAPER BUNTING WHITE LACE,11739.83,4037,322,3.4014984709480123
22088,PAPER BUNTING COLOURED LACE,5514.8,1838,236,3.596890756302521
22089,PAPER BUNTING VINTAGE PAISLEY,4457.43,1423,272,3.5026277372262773
22090,PAPER BUNTING RETROSPOT,22597.510000000002,7493,793,3.785508155583438
22091,EMPIRE TISSUE BOX,1030.1000000000001,1983,167,0.958502994011976
22092,BLUE PAISLEY TISSUE BOX,321.40000000000003,670,91,0.5719780219780219
22093,MOTORING TISSUE BOX,822.13,1830,160,0.6054938271604938
22094,RED RETROSPOT TISSUE BOX,1120.96,2130,199,1.069950495049505
22095,LADS ONLY TISSUE BOX,1605.96,1643,143,1.1489333333333334
22096,PINK PAISLEY SQUARE TISSUE BOX,584.09,1366,117,0.6522314049586777
22097,SWALLOW SQUARE TISSUE BOX,732.39,1596,145,0.6958169934640523
22098,BOUDOIR SQUARE TISSUE BOX,987.51,1956,171,0.9642372881355932
22099,CARAVAN SQUARE TISSUE BOX,800.59,1440,153,0.9591139240506329
22100,SKULLS SQUARE TISSUE BOX,354.82,755,59,1.1886440677966101
22101,MIRROR MOSAIC VOTIVE HOLDER,1926.8100000000002,1114,68,2.293529411764706
22102,MIRROR MOSAIC T-LIGHT HOLDER,551.04,902,30,2.1126666666666667
22103,MIRROR MOSAIC T-LIGHT HOLDER ROUND,725.72,780,25,2.1892
22104,MIRROR MOSAIC CANDLE PLATE,343.71,288,59,1.5799999999999998
22105,MIRROR MOSAIC GOBLET CANDLE HOLDER,619.8199999999999,334,32,4.070625
22106,MIRROR MOSAIC HURRICANE LAMP,748.38,229,46,5.216304347826087
22107,PIZZA PLATE IN BOX,2138.06,588,178,4.241602209944752
22108,PING! MICROWAVE PLATE,415.09000000000003,152,63,3.1066666666666665
22109,FULL ENGLISH BREAKFAST PLATE,6906.15,1636,295,5.504395973154362
22110,BIRD HOUSE HOT WATER BOTTLE,4912.14,1172,279,4.051458333333334
22111,SCOTTIE DOG HOT WATER BOTTLE,24450.440000000002,4654,770,5.806397435897436
22112,CHOCOLATE HOT WATER BOTTLE,32520.58,5945,856,6.0794022988505745
22113,GREY HEART HOT WATER BOTTLE,12748.08,3216,560,4.40552495697074
22114,HOT WATER BOTTLE TEA AND SYMPATHY,32671.84,5660,639,5.031791277258567
22115,METAL SIGN EMPIRE TEA,2020.91,1549,228,2.34704347826087
22116,METAL SIGN HIS DINNER IS SERVED,610.22,563,147,1.4746938775510203
22117,METAL SIGN HER DINNER IS SERVED,3896.4500000000003,1320,95,2.921263157894737
22118,JOY WOODEN BLOCK LETTERS,895.26,230,89,5.188426966292135
22119,PEACE WOODEN BLOCK LETTERS,1727.92,344,105,6.31373831775701
22120,WELCOME  WOODEN BLOCK LETTERS,5127.69,511,186,11.010913978494623
22121,NOEL WOODEN BLOCK LETTERS,2159.7000000000003,352,133,6.868805970149254
22123,PING MICROWAVE APRON,1068.3799999999999,508,122,3.018780487804878
22124,SET OF 2 TEA TOWELS PING MICROWAVE,306.16,149,76,2.457894736842105
22125,UNION JACK HOT WATER BOTTLE,139.85999999999999,13,3,10.453333333333333
22127,PARTY CONES CARNIVAL ASSORTED,504.88,404,22,2.227826086956522
22128,PARTY CONES CANDY ASSORTED,2112.53,1750,75,1.3978666666666666
22129,PARTY CONES CANDY DECORATION,621.9599999999999,454,67,2.337910447761194
22129,PARTY CONES CANDY TREE DECORATION,604.4599999999999,734,33,1.289090909090909
22130,PARTY CONE CHRISTMAS DECORATION,2664.6299999999997,2277,110,1.7685840707964602
22131,FOOD CONTAINER SET 3 LOVE HEART,3934.64,2030,290,2.81535593220339
22132,RED LOVE HEART SHAPE CUP,928.8299999999999,1026,153,1.2077124183006536
22133,PINK LOVE HEART SHAPE CUP,770.7299999999999,816,133,1.2863909774436089
22134,LADLE LOVE HEART RED,17.82,24,9,0.8022222222222222
22134,MINI LADLE LOVE HEART RED,401.18,865,153,0.6414285714285713
22135,LADLE LOVE HEART PINK,24.98,39,13,0.7507692307692307
22135,MINI LADLE LOVE HEART PINK,297.4,528,166,0.6704216867469879
22136,LOVE HEART SOCK HANGER,679.28,378,84,2.305
22137,BATHROOM SET LOVE HEART DESIGN,237.98000000000002,82,14,3.1242857142857146
22138,BAKING SET 9 PIECE RETROSPOT,24031.82,4906,925,5.357050592034446
22139,RETROSPOT TEA SET CERAMIC 11 PC,22808.86,4506,958,5.734041666666666
22141,CHRISTMAS CRAFT TREE TOP ANGEL,6463.790000000001,2791,457,2.6021551724137932
22142,CHRISTMAS CRAFT WHITE FAIRY,4946.19,3247,377,1.7504663212435232
22144,CHRISTMAS CRAFT LITTLE FRIENDS,9637.08,4061,543,2.581141304347826
22145,CHRISTMAS CRAFT HEART STOCKING,63,30,1,2.1
22146,EASTER CRAFT IVY WREATH WITH CHICK,1.95,1,1,1.95
22147,FELTCRAFT BUTTERFLY HEARTS,7552.29,5373,478,1.64
22148,EASTER CRAFT 4 CHICKS,3894.0499999999997,1921,185,2.2567021276595742
22149,FELTCRAFT 6 FLOWER FRIENDS,11234.480000000001,5464,545,2.4570417422867514
22150,3 STRIPEY MICE FELTCRAFT,5894.19,3014,466,2.277063829787234
22151,PLACE SETTING WHITE HEART,6156.61,14670,330,0.579080118694362
22152,PLACE SETTING WHITE STAR,1053.08,2407,105,0.5537614678899082
22153,ANGEL DECORATION STARS ON DRESS,1109.05,2593,131,0.5472058823529412
22154,ANGEL DECORATION 3 BUTTONS,1636.67,3745,162,0.5443373493975904
22155,STAR DECORATION RUSTIC,1113.45,2404,141,0.579527027027027
22156,HEART DECORATION WITH PEARLS,2082.5299999999997,2160,255,1.1703846153846154
22157,ANGEL DECORATION WITH LACE PADDED,180.2,212,11,0.85
22158,3 HEARTS HANGING DECORATION RUSTIC,11797.380000000001,3413,303,3.3529641693811074
22161,HEART DECORATION RUSTIC HANGING,1641.19,5059,339,0.5993258426966293
22162,HEART GARLAND RUSTIC PADDED,817.64,256,90,3.238021978021978
22163,HEART STRING MEMO HOLDER HANGING,1023.82,851,121,1.7953658536585366
22164,STRING OF STARS CARD HOLDER,250.22000000000003,78,15,3.5340000000000003
22165,"DIAMANTE HEART SHAPED WALL MIRROR,",3315.45,414,145,11.867123287671232
22166,WALL MIRROR RECTANGLE DIAMANTE PINK,1606.45,206,86,12.09674418604651
22167,OVAL WALL MIRROR DIAMANTE,2371.22,234,154,10.78564935064935
22168,ORGANISER WOOD ANTIQUE WHITE,1171.3,139,74,8.488513513513514
22169,FAMILY ALBUM WHITE PICTURE FRAME,10225.06,1182,366,10.18226775956284
22170,PICTURE FRAME WOOD TRIPLE PORTRAIT,6899.45,1055,263,7.750608365019011
22171,3 HOOK PHOTO SHELF ANTIQUE WHITE,13409.51,1769,375,10.05144
22173,METAL 4 HOOK HANGER FRENCH CHATEAU,7503.8,2348,491,3.84241935483871
22174,PHOTO CUBE,5978.78,3218,321,2.596676923076923
22175,PINK OWL SOFT TOY,2591.28,876,170,3.4650588235294117
22176,BLUE OWL SOFT TOY,1536.88,512,115,3.312735042735043
22178,VICTORIAN GLASS HANGING T-LIGHT,32958.42,24131,1031,1.6456328502415458
22179,SET 10 LIGHTS NIGHT OWL,3283.7200000000003,456,117,9.077118644067797
22179,SET 10 NIGHT OWL LIGHTS,3908.73,505,170,8.94860465116279
22180,RETROSPOT LAMP,3471.79,325,151,11.556158940397351
22181,SNOWSTORM PHOTO FRAME FRIDGE MAGNET,480.51,567,56,1.0025
22182,CAKE STAND VICTORIAN FILIGREE SMALL,1420.58,372,122,4.323770491803279
22183,CAKE STAND VICTORIAN FILIGREE MED,1913.01,321,128,5.98046875
22184,CAKE STAND VICTORIAN FILIGREE LARGE,471.86,56,35,8.427142857142858
22185,SLATE TILE NATURAL HANGING,2235.94,1472,162,1.9492073170731707
22186,RED STAR CARD HOLDER,1997.48,848,149,3.0438666666666667
22187,GREEN CHRISTMAS TREE CARD HOLDER,3237.18,1264,191,3.938290155440414
22188,BLACK HEART CARD HOLDER,12479.27,4869,188,4.352393617021277
22189,CREAM HEART CARD HOLDER,23416.07,8279,522,4.4546374045801524
22190,LOCAL CAFE MUG,1057.71,676,116,2.1807692307692306
22191,IVORY DINER WALL CLOCK,11809.65,1433,409,8.858373786407768
22192,BLUE DINER WALL CLOCK,8063.49,938,362,9.050635359116022
22193,RED DINER WALL CLOCK,11714.27,1382,456,9.249780701754386
22194,BLACK DINER WALL CLOCK,608.6899999999999,64,43,9.820232558139535
22195,LARGE HEART MEASURING SPOONS,3720.66,1976,373,2.3564285714285713
22196,SMALL HEART MEASURING SPOONS,2743.96,2835,471,1.223765690376569
22197,POPCORN HOLDER,34144.67,36549,802,1.0212014563106795
22197,SMALL POPCORN HOLDER,17027.1,20127,587,1.075922165820643
22198,LARGE POPCORN HOLDER,1870.9099999999999,1025,86,2.2325581395348837
22199,FRYING PAN RED POLKADOT,4.25,1,1,4.25
22199,FRYING PAN RED RETROSPOT,1888.34,458,164,5.314878048780487
22200,FRYING PAN PINK POLKADOT,1809.48,398,140,5.907163120567375
22201,FRYING PAN BLUE POLKADOT,712.55,192,86,4.300116279069767
22202,MILK PAN PINK POLKADOT,319.35,64,37,5.68972972972973
22203,MILK PAN RED RETROSPOT,1483.13,403,145,4.484551724137931
22204,MILK PAN BLUE POLKADOT,654.54,193,78,3.7049367088607594
22206,"MUG , DOTCOMGIFTSHOP.COM",4.17,5,5,0.834
22207,FRYING PAN UNION FLAG,5563.59,1261,207,6.192222222222222
22208,WOOD STAMP SET THANK YOU,1561.53,1497,279,1.2795087719298246
22209,WOOD STAMP SET HAPPY BIRTHDAY,954.2599999999999,933,172,1.2071098265895954
22210,WOOD STAMP SET BEST WISHES,958.04,1017,187,1.130362694300518
22211,WOOD STAMP SET FLOWERS,1052.79,960,195,1.29005
22212,FOUR HOOK  WHITE LOVEBIRDS,3686.2400000000002,1602,397,2.8431094527363183
22214,CANDLE PLATE LACE WHITE,416.59999999999997,193,56,2.6326785714285714
22215,CAKE STAND WHITE TWO TIER LACE,2462.89,342,100,8.5136
22216,T-LIGHT HOLDER WHITE LACE,512.93,588,68,1.1177941176470587
22217,T-LIGHT HOLDER HANGING LACE,831.26,839,82,1.318170731707317
22218,CAKE STAND LACE WHITE,4.25,1,1,4.25
22219,LOVEBIRD HANGING DECORATION WHITE,4013.33,4109,542,1.183321234119782
22220,CAKE STAND LOVEBIRD 2 TIER WHITE,1697.5,214,82,10.036463414634145
22221,CAKE STAND LOVEBIRD 2 TIER PINK,1104.54,131,51,10.617450980392157
22222,CAKE PLATE LOVEBIRD WHITE,3880.2000000000003,1057,222,5.441216216216216
22223,CAKE PLATE LOVEBIRD PINK,1821.6100000000001,441,78,5.30493670886076
22224,WHITE LOVEBIRD LANTERN,2758.1600000000003,832,163,3.7402439024390244
22227,HANGING HEART MIRROR DECORATION,1707.42,2340,289,0.8926000000000001
22228,BUNNY WOODEN PAINTED WITH BIRD,777.78,1000,147,0.9306802721088435
22229,BUNNY WOODEN PAINTED WITH FLOWER,432.46,568,101,0.9327184466019417
22230,JIGSAW TREE WITH WATERING CAN,480.62999999999994,1047,101,0.792135922330097
22231,JIGSAW TREE WITH BIRDHOUSE,992.92,974,142,1.223103448275862
22232,JIGSAW TOADSTOOLS 3 PIECE,549.74,626,78,1.072051282051282
22233,JIGSAW RABBIT AND BIRDHOUSE,597.24,590,104,1.2894392523364486
22236,CAKE STAND 3 TIER MAGIC GARDEN,3179.3999999999996,268,82,12.552439024390244
22241,GARLAND WOODEN HAPPY EASTER,2606.93,1950,238,1.6120416666666666
22242,5 HOOK HANGER MAGIC TOADSTOOL,954.78,616,33,1.988181818181818
22243,5 HOOK HANGER RED MAGIC TOADSTOOL,4741.74,3092,130,1.9282575757575757
22244,3 HOOK HANGER MAGIC GARDEN,3276.2099999999996,1703,159,2.827125
22245,"HOOK, 1 HANGER ,MAGIC GARDEN",1070,1262,98,1.1806060606060607
22246,MAGIC GARDEN FELT GARLAND,939.37,419,89,2.825056179775281
22247,BUNNY DECORATION MAGIC GARDEN,591.4399999999999,668,113,1.0199137931034483
22248,DECORATION  PINK CHICK MAGIC GARDEN,511.49,577,108,1.042090909090909
22249,DECORATION WHITE CHICK MAGIC GARDEN,812.86,928,145,1.0073648648648648
22250,DECORATION  BUTTERFLY  MAGIC GARDEN,730.9499999999999,819,147,1.0487837837837837
22251,BIRDHOUSE DECORATION MAGIC GARDEN,889.49,712,137,1.529136690647482
22252,BIRDCAGE DECORATION TEALIGHT HOLDER,754.07,637,66,1.236029411764706
22254,FELT TOADSTOOL LARGE,836.8,657,61,1.6237704918032787
22255,FELT TOADSTOOL  SMALL,602.63,629,77,1.1858441558441557
22256,FELT FARM ANIMAL CHICKEN,387.9,286,50,1.6088235294117648
22257,FELT FARM ANIMAL SHEEP,280.42,373,42,1.0997727272727273
22258,FELT FARM ANIMAL RABBIT,743.89,912,77,1.3251948051948053
22259,FELT FARM ANIMAL HEN,332.84,481,44,1.0475555555555556
22260,FELT EGG COSY BLUE RABBIT,574.04,548,103,1.2799056603773584
22261,FELT EGG COSY WHITE RABBIT,544.7099999999999,579,107,1.1352727272727272
22262,FELT EGG COSY CHICKEN,950.4599999999999,1023,137,1.1047887323943661
22263,FELT EGG COSY LADYBIRD,195.97,326,51,1.0479245283018868
22264,FELT FARM ANIMAL WHITE BUNNY,736.98,1561,96,1.0378571428571428
22265,EASTER DECORATION NATURAL CHICK,363.55,536,64,0.7798571428571429
22266,EASTER DECORATION HANGING BUNNY,595.85,1887,92,0.5661616161616162
22267,EASTER DECORATION EGG BUNNY,673.17,836,83,1.094470588235294
22268,DECORATION SITTING BUNNY,349.54,1480,83,0.422
22268,EASTER DECORATION SITTING BUNNY,452.79999999999995,529,75,1.0614285714285714
22269,EGG CUP NATURAL CHICKEN,621.49,932,125,1.0416666666666667
22270,HAPPY EASTER HANGING DECORATION,927.2,239,52,4.430370370370371
22271,FELTCRAFT DOLL ROSIE,5007.35,1701,301,3.3804950495049506
22272,FELTCRAFT DOLL MARIA,564.9200000000001,196,48,3.06265306122449
22273,FELTCRAFT DOLL MOLLY,8509.59,3069,329,3.2718126888217522
22274,FELTCRAFT DOLL EMILY,3953.4800000000005,1340,267,3.327977528089888
22275,WEEKEND BAG VINTAGE ROSE PAISLEY,527.85,69,1,7.65
22276,WASH BAG VINTAGE ROSE PAISLEY,838.86,290,85,3.3250588235294116
22277,COSMETIC BAG VINTAGE ROSE PAISLEY,897.74,417,100,2.6088
22278,OVERNIGHT BAG VINTAGE ROSE PAISLEY,2679.6,400,176,7.384833333333333
22279,POCKET BAG BLUE PAISLEY RED SPOT,1003.4,831,128,1.4172307692307693
22280,POCKET BAG PINK PAISELY BROWN SPOT,509.59,468,95,1.2945833333333332
22281,EASTER TREE YELLOW BIRDS,929.44,131,63,8.020793650793651
22282,12 EGG HOUSE PAINTED WOOD,2378.52,149,99,17.214646464646464
22283,6 EGG HOUSE PAINTED WOOD,2694.63,295,153,9.970653594771242
22284,HEN HOUSE DECORATION,1577.2699999999998,915,130,2.0391603053435112
22285,"DECORATION HEN ON NEST, HANGING",74.42999999999999,42,6,2.505
22285,HANGING HEN ON NEST DECORATION,1418.82,828,114,2.0156410256410258
22286,"DECORATION , WOBBLY RABBIT , METAL",518.03,293,48,2.13125
22286,DECORATION WOBBLY RABBIT METAL,504.46,830,67,1.2258208955223882
22287,"DECORATION , WOBBLY CHICKEN, METAL",397.71999999999997,234,35,1.982
22287,DECORATION WOBBLY CHICKEN,319.14,560,45,1.181111111111111
22288,HANGING METAL RABBIT DECORATION,616.95,474,58,1.6053225806451612
22289,HANGING METAL CHICKEN DECORATION,193.52,148,34,1.4934285714285713
22291,HANGING CHICK CREAM DECORATION,1871.2199999999998,1265,119,1.6350413223140496
22292,HANGING CHICK  YELLOW DECORATION,1604.51,1136,112,1.5945689655172413
22293,HANGING CHICK GREEN DECORATION,1335.87,903,122,1.7224
22294,HEART FILIGREE DOVE  SMALL,6775.08,5433,298,1.4540196078431373
22295,HEART FILIGREE DOVE LARGE,4613.969999999999,2789,250,1.9075984251968503
22296,HEART IVORY TRELLIS LARGE,5247.719999999999,3140,318,1.8795412844036696
22297,HEART IVORY TRELLIS SMALL,5459.91,4164,378,1.7466318537859007
22299,PIG KEYRING WITH LIGHT & SOUND,1356.97,1355,79,1.729493670886076
22300,COFFEE MUG DOG + BALL DESIGN,3393.91,1522,195,3.1230256410256407
22301,COFFEE MUG CAT + BIRD DESIGN,4962.98,2198,250,3.1915999999999998
22302,COFFEE MUG PEARS  DESIGN,5118.99,2323,211,2.727405660377358
22303,COFFEE MUG APPLES DESIGN,6247.35,2774,259,2.765730769230769
22304,COFFEE MUG BLUE PAISLEY DESIGN,1352.8799999999999,761,61,3.1183606557377046
22305,COFFEE MUG PINK PAISLEY DESIGN,1604.58,693,51,3.01078431372549
22306,SILVER MUG BONE CHINA TREE OF LIFE,1392.45,1150,110,1.8449107142857142
22307,GOLD MUG BONE CHINA TREE OF LIFE,933.28,740,72,2.251232876712329
22308,TEA COSY BLUE STRIPE,877.38,250,105,4.214476190476191
22309,TEA COSY RED  STRIPE,1091.05,369,121,3.744262295081967
22310,IVORY KNITTED MUG COSY,1296.23,668,109,2.583693693693694
22311,OFFICE MUG WARMER BLACK+SILVER,3400.81,1131,141,4.09013986013986
22312,OFFICE MUG WARMER POLKADOT,1879.6900000000003,621,130,3.626136363636364
22313,OFFICE MUG WARMER PINK,1564.8300000000002,565,65,3.5117910447761194
22314,OFFICE MUG WARMER CHOC+BLUE,1759.1200000000001,570,133,3.9621481481481484
22315,200 RED + WHITE BENDY STRAWS,1218.93,916,172,1.4587861271676301
22316,200 BENDY SKULL STRAWS,742.37,660,55,1.3725454545454545
22317,FIVE CATS HANGING DECORATION,879.6700000000001,286,89,3.65561797752809
22318,FIVE HEART HANGING DECORATION,1520.9700000000003,455,140,3.9993617021276595
22319,HAIRCLIPS FORTIES FABRIC ASSORTED,572.26,1322,61,0.5670491803278689
22320,BIRDS MOBILE VINTAGE DESIGN,1105.6200000000001,182,70,6.274571428571429
22321,BIRD DECORATION RED RETROSPOT,860.93,893,132,1.2836363636363635
22322,BIRD DECORATION GREEN POLKADOT,737.61,808,138,1.1384057971014492
22323,PINK POLKADOT KIDS BAG,1.95,1,1,1.95
22324,BLUE POLKADOT KIDS BAG,688.3,286,74,3.4390666666666667
22325,MOBILE VINTAGE HEARTS,1131.5,246,92,5.0865217391304345
22326,ROUND SNACK BOXES SET OF4 WOODLAND,24308.82,8516,728,3.4716186556927298
22327,ROUND SNACK BOXES SET OF 4 SKULLS,4280.6500000000005,1159,284,4.349372822299651
22328,ROUND SNACK BOXES SET OF 4 FRUITS,19062.52,6824,579,3.276998284734134
22329,ROUND CONTAINER SET OF 5 RETROSPOT,2642.0899999999997,1591,237,2.070546218487395
22331,WOODLAND PARTY BAG + STICKER SET,2975.14,1840,183,2.005846994535519
22332,SKULLS PARTY BAG + STICKER SET,1663.1499999999999,1023,146,1.800748299319728
22333,RETROSPOT PARTY BAG + STICKER SET,6977.94,4452,315,1.879245283018868
22334,DINOSAUR PARTY BAG + STICKER SET,1160.71,707,101,1.7907843137254902
22335,HEART DECORATION PAINTED ZINC,1668.89,2380,225,0.9153478260869565
22336,DOVE DECORATION PAINTED ZINC,754.0300000000001,2381,79,0.6304878048780488
22337,ANGEL DECORATION PAINTED ZINC,574.5400000000001,912,77,0.7082051282051283
22338,STAR DECORATION PAINTED ZINC,1222.21,4661,179,0.4454594594594595
22339,CHRISTMAS TREE PAINTED ZINC,683.3100000000001,2468,83,0.43829545454545454
22340,NOEL GARLAND PAINTED ZINC,769.81,1386,127,0.7609448818897637
22341,LOVE GARLAND PAINTED ZINC,827.6299999999999,453,78,2.4683333333333333
22342,HOME GARLAND PAINTED ZINC,1071.3799999999999,961,126,1.8494444444444444
22343,PARTY PIZZA DISH RED RETROSPOT,858.03,1956,93,0.6002150537634409
22344,PARTY PIZZA DISH PINK POLKADOT,459.81,1225,76,0.6346052631578947
22345,PARTY PIZZA DISH BLUE POLKADOT,383.75,1099,70,0.5945833333333334
22346,PARTY PIZZA DISH GREEN POLKADOT,381.09,1034,59,0.5978333333333333
22348,TEA BAG PLATE RED RETROSPOT,3573.0899999999997,4072,357,1.0856388888888888
22349,DOG BOWL CHASING BALL DESIGN,5381.5199999999995,1366,131,4.129848484848485
22350,ILLUSTRATED CAT BOWL,3819.5699999999997,1409,119,3.1439166666666667
22351,DOTCOMGIFTSHOP TEA TOWEL,23.089999999999996,13,2,2.4699999999999998
22352,LUNCH BOX WITH CUTLERY RETROSPOT,7845.67,3082,481,3.32351966873706
22353,LUNCH BOX WITH CUTLERY FAIRY CAKES,153,60,24,2.55
22354,RETROSPOT PADDED SEAT CUSHION,2860.98,750,83,4.555903614457831
22355,CHARLOTTE BAG SUKI DESIGN,29173.649999999998,18014,880,1.2175788288288287
22356,CHARLOTTE BAG PINK POLKADOT,11308.34,9572,735,1.2560294117647057
22357,KINGS CHOICE BISCUIT TIN,2158.04,464,179,5.3399441340782126
22358,KINGS CHOICE TEA CADDY,2548.27,697,254,4.333372549019608
22359,GLASS JAR KINGS CHOICE,605.7700000000001,183,81,3.6571604938271607
22360,GLASS JAR ENGLISH CONFECTIONERY,3122.02,986,212,3.9469953051643194
22361,GLASS JAR DAISY FRESH COTTON WOOL,2592.33,727,268,4.470148698884758
22362,GLASS JAR PEACOCK BATH SALTS,1329.44,408,133,4.104586466165413
22363,GLASS JAR MARMALADE,1057.1000000000001,354,79,3.8176543209876543
22364,GLASS JAR DIGESTIVE BISCUITS,1983.6200000000001,610,163,4.179024390243902
22365,DOORMAT RESPECTABLE HOUSE,5738.13,787,178,9.936404494382023
22366,DOORMAT AIRMAIL,5849.08,774,218,9.833394495412843
22367,CHILDRENS APRON SPACEBOY DESIGN,7475.43,3732,547,2.4280545454545455
22371,AIRLINE BAG VINTAGE TOKYO 78,5043.69,1079,387,5.222820512820513
22372,AIRLINE BAG VINTAGE WORLD CHAMPION,1285.24,278,146,5.007006802721088
22374,AIRLINE BAG VINTAGE JET SET RED,2414.77,543,221,4.774864864864865
22375,AIRLINE BAG VINTAGE JET SET BROWN,1626.54,346,167,5.227005988023952
22376,AIRLINE BAG VINTAGE JET SET WHITE,1133.2,252,122,4.723548387096774
22377,BOTTLE BAG RETROSPOT,2154.73,1322,206,2.425388349514563
22378,WALL TIDY RETROSPOT,3638.5699999999997,2283,293,3.022176870748299
22379,RECYCLING BAG RETROSPOT,15605.49,6895,747,3.190493991989319
22380,TOY TIDY SPACEBOY,2794.46,1302,284,2.693719298245614
22381,TOY TIDY PINK POLKADOT,7412.74,3429,468,3.0222033898305085
22382,LUNCH BAG SPACEBOY DESIGN,18013.16,10416,1155,2.0137177280550773
22383,LUNCH BAG SUKI  DESIGN,3786.91,2217,200,2.4341666666666666
22383,LUNCH BAG SUKI DESIGN,18518.13,10179,1080,2.120865209471767
22384,LUNCH BAG PINK POLKADOT,17351.04,10464,1087,2.032969034608379
22385,JUMBO BAG SPACEBOY DESIGN,16871.01,8555,683,2.6583309143686504
22386,JUMBO BAG PINK POLKADOT,41615.71,21008,1212,2.602234910277325
22389,PAPERWEIGHT SAVE THE PLANET,431.54999999999995,238,44,2.5938636363636363
22390,PAPERWEIGHT CHILDHOOD MEMORIES,440.34,266,36,2.7905555555555557
22391,PAPERWEIGHT HOME SWEET HOME,245.57999999999998,158,29,2.873103448275862
22393,PAPERWEIGHT VINTAGE COLLAGE,736.88,510,71,2.9073239436619716
22394,PAPERWEIGHT KINGS CHOICE,230.67999999999998,168,23,2.640869565217391
22395,PAPERWEIGHT VINTAGE PAISLEY,220.04,152,33,3.3184848484848484
22396,MAGNETS PACK OF 4 RETRO PHOTO,615.37,1214,126,0.7408730158730159
22398,MAGNETS PACK OF 4 SWALLOWS,1484.12,2491,244,0.761417004048583
22399,MAGNETS PACK OF 4 CHILDHOOD MEMORY,1317.08,1128,95,1.329157894736842
22400,MAGNETS PACK OF 4 HOME SWEET HOME,729.09,1393,150,0.6709868421052632
22402,MAGNETS PACK OF 4 VINTAGE COLLAGE,1018.16,1707,149,0.6772
22403,MAGNETS PACK OF 4 VINTAGE LABELS,674.28,1310,123,0.8891056910569105
22405,MONEY BOX POCKET MONEY DESIGN,415.36,372,70,1.431857142857143
22406,MONEY BOX KINGS CHOICE DESIGN,403.46,346,84,1.5136904761904761
22407,MONEY BOX FIRST ADE DESIGN,62.5,50,13,1.25
22407,MONEY BOX FIRST AID DESIGN,36.78,44,11,1.3136363636363637
22408,MONEY BOX CONFECTIONERY DESIGN,162.44,145,29,1.496551724137931
22409,MONEY BOX BISCUITS DESIGN,299.72,228,57,1.5082456140350877
22410,MONEY BOX HOUSEKEEPING DESIGN,247.42,237,58,1.4191379310344827
22411,JUMBO SHOPPER VINTAGE RED PAISLEY,27977,12232,1171,2.6922959183673467
22412,METAL SIGN NEIGHBOURHOOD WITCH,1931.8500000000001,911,147,2.5650675675675676
22413,METAL SIGN TAKE IT OR LEAVE IT,11042.84,3756,409,3.3513317191283294
22414,DOORMAT NEIGHBOURHOOD WITCH,2022.19,277,93,10.135698924731182
22415,WHITE TISSUE REAM,151.05,19,13,7.95
22416,SET OF 36 DOILIES SPACEBOY DESIGN,1135.3999999999999,817,68,1.5816176470588235
22416,SET OF 36 SPACEBOY PAPER DOILIES,75.42,51,8,1.63375
22417,PACK OF 60 SPACEBOY CAKE CASES,4550.04,8396,519,0.7678136882129278
22418,10 COLOUR SPACEBOY PEN,5454.549999999999,6410,312,1.0599041533546325
22419,LIPSTICK PEN RED,1673.1,3338,272,0.6032490974729242
22420,LIPSTICK PEN BABY PINK,611.3,1333,126,0.5912499999999999
22421,LIPSTICK PEN FUSCHIA,1347.1,2597,213,0.6121395348837209
22422,TOOTHPASTE TUBE PEN,776.1,1273,205,1.0353846153846153
22423,REGENCY CAKESTAND 3 TIER,170280.38999999998,13510,1949,14.012689374682257
22424,ENAMEL BREAD BIN CREAM,12066.73,849,440,15.998477272727273
22425,ENAMEL COLANDER CREAM,2331.27,457,165,5.724606060606061
22426,ENAMEL WASH BOWL CREAM,2821.46,733,205,4.920048543689321
22427,ENAMEL FLOWER JUG CREAM,12462.86,2074,498,6.577864271457086
22428,ENAMEL FIRE BUCKET CREAM,1854.76,246,114,8.209649122807019
22429,ENAMEL MEASURING JUG CREAM,5481.68,1256,373,4.85304
22430,ENAMEL WATERING CAN CREAM,3157.19,600,191,5.7803125
22431,WATERING CAN BLUE ELEPHANT,3987.0099999999998,2052,333,2.32
22432,WATERING CAN PINK BUNNY,3319.4199999999996,1704,275,2.25
22433,WATERING CAN GREEN DINOSAUR,2667.5,1394,227,2.275414847161572
22434,BALLOON PUMP WITH 10 BALLOONS,1539.21,777,123,2.1278861788617887
22435,SET OF 9 HEART SHAPED BALLOONS,3430.5,2745,265,1.4640074906367042
22436,12 COLOURED PARTY BALLOONS,1385.51,2114,162,0.7046060606060607
22437,SET OF 9 BLACK SKULL BALLOONS,2417.24,2828,226,1.0173127753303965
22438,BALLOON ART MAKE YOUR OWN FLOWERS,1034.9,1009,98,1.7488
22439,6 ROCKET BALLOONS,1251.6200000000001,1834,195,0.7737185929648241
22440,BALLOON WATER BOMB PACK OF 35,2375.04,6010,154,0.4556050955414013
22441,GROW YOUR OWN BASIL IN ENAMEL MUG,2292.9100000000003,1047,219,2.5595475113122172
22442,GROW YOUR OWN FLOWERS SET OF 3,1209.5,292,75,6.740666666666667
22443,GROW YOUR OWN HERBS SET OF 3,1375.84,162,88,8.763409090909091
22444,GROW YOUR OWN PLANT IN A CAN,1106.62,838,57,1.7921052631578946
22445,PENCIL CASE LIFE IS BEAUTIFUL,1615.91,534,130,3.5214074074074073
22446,PIN CUSHION BABUSHKA PINK,1135.18,439,133,2.8105882352941176
22447,PIN CUSHION BABUSHKA BLUE,410.81,137,45,3.294
22448,PIN CUSHION BABUSHKA RED,656.4300000000001,201,45,3.8984444444444444
22449,SILK PURSE BABUSHKA PINK,1563.8500000000001,485,142,3.2493006993006994
22450,SILK PURSE BABUSHKA BLUE,657.76,194,58,3.517118644067797
22451,SILK PURSE BABUSHKA RED,775.8000000000001,222,51,4.146862745098039
22452,MEASURING TAPE BABUSHKA PINK,1760.3100000000002,722,144,2.323356164383562
22453,MEASURING TAPE BABUSHKA BLUE,1182.8400000000001,441,77,2.753076923076923
22454,MEASURING TAPE BABUSHKA RED,757.0200000000001,266,41,3.0623809523809524
22456,NATURAL SLATE CHALKBOARD LARGE,9391.12,1698,468,6.703496801705757
22457,NATURAL SLATE HEART CHALKBOARD,27953.260000000002,9106,1247,3.591565495207668
22458,CAST IRON HOOK GARDEN FORK,1421.83,523,23,3.5356521739130433
22459,CAST IRON HOOK GARDEN TROWEL,1018.1899999999999,386,25,3.5336
22460,EMBOSSED GLASS TEALIGHT HOLDER,3273.5,2546,211,1.5488151658767773
22461,SAVOY ART DECO CLOCK,1428.0800000000002,237,51,10.297647058823529
22464,HANGING METAL HEART LANTERN,5321.829999999999,3294,348,1.9463142857142857
22465,HANGING METAL STAR LANTERN,3124.14,2041,197,1.8781909547738693
22466,FAIRY TALE COTTAGE NIGHT LIGHT,1979.34,976,115,2.562413793103448
22466,FAIRY TALE COTTAGE NIGHTLIGHT,3626.45,2093,94,2.392736842105263
22467,GUMBALL COAT RACK,18637.27,7850,676,2.88312865497076
22468,BABUSHKA LIGHTS STRING OF 10,3619.67,515,152,8.314342105263158
22469,HEART OF WICKER SMALL,32094.6,17963,1201,1.959712879409352
22470,HEART OF WICKER LARGE,30086.31,9883,924,3.285401069518717
22471,TV DINNER TRAY AIR HOSTESS,1502.02,419,105,5.730857142857142
22472,TV DINNER TRAY DOLLY GIRL,1527.01,320,107,6.182429906542056
22473,TV DINNER TRAY VINTAGE PAISLEY,1623.04,503,112,5.063125
22474,SPACEBOY TV DINNER TRAY,1636.27,303,132,6.867651515151515
22475,SKULL DESIGN TV DINNER TRAY,1590.82,313,138,5.9325179856115104
22476,EMPIRE UNION JACK TV DINNER TRAY,2799.61,872,124,6.928709677419355
22477,WATERING CAN GARDEN MARKER,1967.8999999999999,1364,127,1.7803937007874016
22478,BIRDHOUSE GARDEN MARKER,2210.62,1537,140,1.783
22479,DAISY GARDEN MARKER,1658.57,1139,98,1.7758163265306122
22480,RED TEA TOWEL CLASSIC DESIGN,755.96,630,73,1.2952054794520549
22481,BLACK TEA TOWEL CLASSIC DESIGN,747.3,825,128,1.0768461538461538
22482,BLUE TEA TOWEL CLASSIC DESIGN,565.86,478,53,1.2656603773584905
22483,RED GINGHAM TEDDY BEAR,2299.9900000000002,769,168,3.6040476190476194
22485,SET OF 2 WOODEN MARKET CRATES,7139.3499999999995,522,206,15.02990291262136
22486,PLASMATRONIC LAMP,382.7,66,23,7.734347826086956
22487,WHITE WOOD GARDEN PLANT LADDER,7755.88,768,417,10.900983213429257
22488,NATURAL SLATE RECTANGLE CHALKBOARD,5527.48,3167,412,2.0746135265700483
22489,PACK OF 12 TRADITIONAL CRAYONS,4072.1299999999997,9719,443,0.5406053811659193
22491,PACK OF 12 COLOURED PENCILS,3173.43,3935,218,0.9127727272727273
22492,MINI PAINT SET VINTAGE,16844.22,26489,376,0.7864627659574468
22493,PAINT YOUR OWN CANVAS SET,3986.64,2461,220,1.9142342342342342
22494,EMERGENCY FIRST AID TIN,1538.52,1061,242,1.9159090909090908
22495,SET OF 2 ROUND TINS CAMEMBERT,731.12,276,97,3.6555670103092783
22496,SET OF 2 ROUND TINS DUTCH CHEESE,535.11,253,79,3.0289873417721522
22497,SET OF 2 TINS VINTAGE BATHROOM,1140.9,224,100,5.8894
22498,WOODEN REGATTA BUNTING,2116.04,333,150,6.844
22499,WOODEN UNION JACK BUNTING,12792.25,2091,407,6.789317073170732
22500,SET OF 2 TINS JARDIN DE PROVENCE,967.0500000000001,248,96,4.889270833333334
22501,PICNIC BASKET WICKER LARGE,19202.76,1592,441,14.441972789115646
22502,PICNIC BASKET WICKER 60 PIECES,39619.5,61,2,649.5
22502,PICNIC BASKET WICKER SMALL,11444.67,1808,458,7.559739696312364
22503,CABIN BAG VINTAGE PAISLEY,1561.02,81,32,22.3584375
22504,CABIN BAG VINTAGE RETROSPOT,4674.62,247,68,22.484117647058824
22505,MEMO BOARD COTTAGE DESIGN,7079.47,1456,310,5.6677884615384615
22507,MEMO BOARD RETROSPOT  DESIGN,14183.45,2958,457,6.301487964989059
22508,DOORSTOP RETROSPOT HEART,6465.88,1578,294,4.570136054421769
22509,SEWING BOX RETROSPOT DESIGN,1885.34,193,84,13.235595238095238
22510,GINGHAM BABUSHKA DOORSTOP,402.74,210,42,2.394285714285714
22511,RETROSPOT BABUSHKA DOORSTOP,495.2,251,54,2.802037037037037
22512,DOORSTOP RACING CAR DESIGN,269.71,122,37,3.3035135135135136
22513,DOORSTOP FOOTBALL DESIGN,539.9,152,67,4.666716417910448
22514,CHILDS GARDEN SPADE BLUE,704.45,302,99,2.528888888888889
22515,CHILDS GARDEN SPADE PINK,608.95,266,84,2.6092857142857144
22516,CHILDS GARDEN RAKE BLUE,494.89000000000004,206,62,2.73421875
22517,CHILDS GARDEN RAKE PINK,447.63000000000005,199,69,2.5105797101449276
22518,CHILDS GARDEN BRUSH BLUE,783.5400000000001,363,81,2.6680246913580246
22519,CHILDS GARDEN BRUSH PINK,906.7500000000001,411,88,2.600681818181818
22520,CHILDS GARDEN TROWEL BLUE,622.0999999999999,719,113,0.9045217391304348
22521,CHILDS GARDEN TROWEL PINK,525.51,609,104,0.9174285714285714
22522,CHILDS GARDEN FORK BLUE,762.39,918,127,0.8975968992248061
22523,CHILDS GARDEN FORK PINK,740.6099999999999,852,134,0.9491791044776119
22524,CHILDRENS GARDEN GLOVES BLUE,883.2,642,81,1.616829268292683
22525,CHILDRENS GARDEN GLOVES PINK,648.97,489,74,1.7722972972972972
22526,WHEELBARROW FOR CHILDREN,1669.26,121,77,14.49155844155844
22528,GARDENERS KNEELING PAD,3.36,1,1,3.36
22529,MAGIC DRAWING SLATE GO TO THE FAIR,349.03000000000003,851,70,0.46014285714285713
22530,MAGIC DRAWING SLATE DOLLY GIRL,1506.38,3604,232,0.5006410256410256
22531,MAGIC DRAWING SLATE CIRCUS PARADE,1412.41,3382,200,0.48830845771144277
22532,MAGIC DRAWING SLATE LEAP FROG,366.75,1072,73,0.4473333333333333
22533,MAGIC DRAWING SLATE BAKE A CAKE,634.31,1758,87,0.45804597701149424
22534,MAGIC DRAWING SLATE SPACEBOY,1871.12,4496,261,0.5057142857142857
22535,MAGIC DRAWING SLATE BUNNIES,649.59,1715,133,0.4844360902255639
22536,MAGIC DRAWING SLATE PURDEY,1803.95,4752,156,0.4403184713375796
22537,MAGIC DRAWING SLATE DINOSAUR,823.84,1881,170,0.49220930232558135
22538,MINI JIGSAW GO TO THE FAIR,164.42,402,40,0.55875
22539,MINI JIGSAW DOLLY GIRL,1129.32,2918,136,0.5599999999999999
22540,MINI JIGSAW CIRCUS PARADE,960.86,2519,91,0.5225
22541,MINI JIGSAW LEAP FROG,201.95,503,35,0.5651428571428572
22543,MINI JIGSAW BAKE A CAKE,530.8,1453,55,0.502
22544,MINI JIGSAW SPACEBOY,1714.9199999999998,4518,175,0.5311363636363636
22545,MINI JIGSAW BUNNIES,435.25,1141,74,0.5645945945945946
22546,MINI JIGSAW PURDEY,799.56,2102,85,0.5368235294117647
22547,MINI JIGSAW DINOSAUR,338.23,809,101,0.6317647058823529
22548,HEADS AND TAILS SPORTING FUN,2348.94,1975,209,1.4097641509433962
22549,PICTURE DOMINOES,4798.38,3188,356,1.9796408839779005
22550,HOLIDAY FUN LUDO,4194.89,1162,217,4.441428571428571
22551,PLASTERS IN TIN SPACEBOY,13582.31,8062,672,1.8643382352941176
22553,PLASTERS IN TIN SKULLS,7052.919999999999,4194,557,1.9768253968253968
22554,PLASTERS IN TIN WOODLAND ANIMALS,13288.669999999998,7779,702,1.9120786516853931
22555,PLASTERS IN TIN STRONGMAN,9822.029999999999,5998,514,1.8513193116634798
22556,PLASTERS IN TIN CIRCUS PARADE,10002.46,6077,568,1.78691637630662
22557,PLASTERS IN TIN VINTAGE PAISLEY,7762.239999999999,4712,566,1.900190972222222
22558,CLOTHES PEGS RETROSPOT PACK 24,13288.189999999999,8652,770,1.8346701164294954
22559,SEASIDE FLYING DISC,626.53,505,81,1.5980246913580247
22560,TRADITIONAL MODELLING CLAY,9572.32,8144,389,1.4223907455012854
22561,WOODEN SCHOOL COLOURING SET,9701.97,5859,431,1.7783181818181817
22562,MONSTERS STENCIL CRAFT,1763.3700000000001,1413,211,1.366824644549763
22563,HAPPY STENCIL CRAFT,3348.1800000000003,2823,281,1.3495070422535211
22564,ALPHABET STENCIL CRAFT,2599.35,2265,185,1.3587567567567567
22565,FELTCRAFT HAIRBANDS PINK AND WHITE,872.67,933,148,1.1069127516778523
22566,FELTCRAFT HAIRBAND PINK AND PURPLE,789.78,873,150,1.0496078431372549
22567,20 DOLLY PEGS RETROSPOT,3224.1,2426,219,1.5739819004524886
22568,FELTCRAFT CUSHION OWL,11906.98,3224,467,4.166361702127659
22569,FELTCRAFT CUSHION BUTTERFLY,9459.95,2567,347,4.280687679083095
22570,FELTCRAFT CUSHION RABBIT,10372.62,2841,383,4.302875647668394
22571,ROCKING HORSE RED CHRISTMAS,2116.36,2338,253,1.0814396887159532
22572,ROCKING HORSE GREEN CHRISTMAS,1244.6699999999998,1380,179,1.0617032967032967
22573,STAR WOODEN CHRISTMAS DECORATION,2423,2684,221,1.121936936936937
22574,HEART WOODEN CHRISTMAS DECORATION,2199.5899999999997,2333,222,1.113125
22575,METAL MERRY CHRISTMAS WREATH,1216.22,636,90,2.208021978021978
22576,SWALLOW WOODEN CHRISTMAS DECORATION,1414.4599999999998,1538,173,1.0933333333333333
22577,WOODEN HEART CHRISTMAS SCANDINAVIAN,4075.3599999999997,10608,538,0.4979783393501805
22578,WOODEN STAR CHRISTMAS SCANDINAVIAN,3876.5399999999995,10460,512,0.46971698113207544
22579,WOODEN TREE CHRISTMAS SCANDINAVIAN,1988.0199999999998,5167,338,0.5163896848137536
22580,ADVENT CALENDAR GINGHAM SACK,6848.1900000000005,1311,246,5.728536585365854
22581,WOOD STOCKING CHRISTMAS SCANDISPOT,1137.28,1569,177,0.8756043956043955
22582,PACK OF 6 SWEETIE GIFT BOXES,2618.75,1049,101,3.1349514563106795
22583,PACK OF 6 HANDBAG GIFT BOXES,1567.85,572,110,3.2954054054054054
22584,PACK OF 6 PANETTONE GIFT BOXES,548.63,233,18,3.194444444444444
22584,PACK OF 6 PANNETONE GIFT BOXES,5398.33,2097,178,3.0986592178770946
22585,PACK OF 6 BIRDY GIFT TAGS,7516.64,6196,393,1.4767654320987653
22586,FELTCRAFT HAIRBAND PINK AND BLUE,773.6999999999999,855,160,1.0640993788819875
22587,FELTCRAFT HAIRBAND RED AND BLUE,830.52,918,161,1.0437037037037036
22588,CARD HOLDER GINGHAM HEART,2141.32,684,175,3.5053977272727272
22589,CARDHOLDER GINGHAM STAR,1212.82,379,79,3.6482716049382717
22591,CARDHOLDER GINGHAM CHRISTMAS TREE,1509.41,413,86,4.486511627906976
22592,CARDHOLDER HOLLY WREATH METAL,3021.12,658,135,5.085037037037037
22593,CHRISTMAS GINGHAM STAR,2085.64,2263,198,1.12425
22594,CHRISTMAS GINGHAM TREE,1905.7699999999998,2006,196,1.1763959390862944
22595,CHRISTMAS GINGHAM HEART,605.8,649,54,1.1770370370370369
22595,GINGHAM HEART DECORATION,5114.41,6139,413,1.0084761904761905
22596,CHRISTMAS STAR WISH LIST CHALKBOARD,4095.42,3464,261,1.2993181818181818
22597,CHRISTMAS MUSICAL ZINC HEART,67.89999999999999,58,10,1.252
22597,MUSICAL ZINC HEART DECORATION,1150.6899999999998,2729,174,0.6535955056179775
22598,CHRISTMAS MUSICAL ZINC TREE,441.09999999999997,984,94,0.661578947368421
22599,CHRISTMAS MUSICAL ZINC STAR,947.3599999999999,1929,122,0.6469918699186992
22600,CHRISTMAS RETROSPOT STAR WOOD,1543.23,1698,193,1.070969387755102
22601,CHRISTMAS RETROSPOT ANGEL WOOD,2219.83,2479,200,1.0747029702970297
22602,CHRISTMAS RETROSPOT HEART WOOD,137.59,139,27,1.3128571428571427
22602,RETROSPOT WOODEN HEART DECORATION,1886.28,2076,246,1.1022619047619047
22603,CHRISTMAS RETROSPOT TREE WOOD,1235.3799999999999,1387,171,1.078125
22604,SET OF 4 NAPKIN CHARMS CUTLERY,3039.66,1251,125,2.8548837209302325
22605,WOODEN CROQUET GARDEN SET,11276.21,782,299,16.224899999999998
22606,WOODEN SKITTLES GARDEN SET,4606.5599999999995,311,140,16.48127659574468
22607,WOODEN ROUNDERS GARDEN SET,12531.57,1327,358,10.739052924791086
22608,PENS ASSORTED FUNKY JEWELED,1114.6399999999999,5211,144,0.33034722222222224
22609,PENS ASSORTED SPACEBALL,1361.26,5838,154,0.4201290322580645
22610,PENS ASSORTED FUNNY FACE,2571.4,9572,216,0.38857142857142857
22611,VINTAGE UNION JACK SHOPPING BAG,1077.03,225,46,5.553829787234043
22613,PACK OF 20 SPACEBOY NAPKINS,1222.61,1538,145,1.0078231292517006
22614,PACK OF 12 SPACEBOY TISSUES,1019.5399999999998,3020,218,0.45190045248868776
22615,PACK OF 12 CIRCUS PARADE TISSUES,655.4699999999999,2061,101,0.49514851485148514
22616,PACK OF 12 LONDON TISSUES,7971.3,26107,511,0.44837164750957853
22617,BAKING SET SPACEBOY DESIGN,10685.65,2197,461,5.472112068965517
22618,COOKING SET RETROSPOT,671.53,69,28,10.612857142857143
22619,SET OF 6 SOLDIER SKITTLES,9880.039999999999,2476,442,4.666179775280899
22620,4 TRADITIONAL SPINNING TOPS,6782.21,4889,483,1.6602857142857141
22621,TRADITIONAL KNITTING NANCY,9993.65,6100,608,1.8828155339805825
22622,BOX OF VINTAGE ALPHABET BLOCKS,13791.91,1330,263,12.396615969581749
22623,BOX OF VINTAGE JIGSAW BLOCKS,5156.06,922,231,6.221991341991342
22624,IVORY KITCHEN SCALES,16344.710000000001,1879,709,9.46524682651622
22625,RED KITCHEN SCALES,14022.7,1613,542,9.802859778597785
22626,BLACK KITCHEN SCALES,4333.860000000001,509,196,9.179387755102042
22627,MINT KITCHEN SCALES,7470.89,846,353,9.547932011331445
22628,PICNIC BOXES SET OF 3 RETROSPOT,4581.31,957,188,5.674920634920635
22629,SPACEBOY LUNCH BOX,25719.019999999997,14249,900,2.193337016574586
22630,DOLLY GIRL LUNCH BOX,21275.44,11579,848,2.332768691588785
22631,CIRCUS PARADE LUNCH BOX,7176.17,3665,395,2.6165586034912716
22632,HAND WARMER RED POLKA DOT,213.90000000000003,114,17,1.8647058823529412
22632,HAND WARMER RED RETROSPOT,8732.630000000001,4336,373,2.229078947368421
22633,HAND WARMER UNION JACK,9998.52,4839,478,2.1976016260162603
22634,CHILDS BREAKFAST SET SPACEBOY,7053.5,751,219,10.32443438914027
22635,CHILDS BREAKFAST SET DOLLY GIRL,6342.679999999999,674,190,10.376858638743455
22636,CHILDS BREAKFAST SET CIRCUS PARADE,4975.56,591,197,8.9297461928934
22637,PIGGY BANK RETROSPOT,7111.18,2760,329,3.1144072948328265
22638,SET OF 4 NAPKIN CHARMS CROWNS,481.88,300,52,2.2776923076923077
22639,SET OF 4 NAPKIN CHARMS HEARTS,1935.1599999999999,805,148,2.7926490066225163
22640,SET OF 4 NAPKIN CHARMS 3 KEYS,446.84,237,57,2.5242105263157892
22641,SET OF 4 NAPKIN CHARMS INSTRUMENT,303.72999999999996,139,37,2.5927027027027028
22642,SET OF 4 NAPKIN CHARMS STARS,596.36,269,51,2.6452830188679246
22643,SET OF 4 NAPKIN CHARMS LEAVES,441.83,238,48,2.1975
22644,CERAMIC CHERRY CAKE MONEY BANK,2986.97,2214,276,2.128442028985507
22645,CERAMIC HEART FAIRY CAKE MONEY BANK,4692.34,2342,350,2.2738418079096046
22646,CERAMIC STRAWBERRY CAKE MONEY BANK,5684.17,4160,390,2.054529262086514
22647,CERAMIC LOVE HEART MONEY BANK,448.78,720,44,1.404090909090909
22649,STRAWBERRY FAIRY CAKE TEAPOT,4083.38,785,197,6.052686567164179
22650,CERAMIC PIRATE CHEST MONEY BANK,1320.7,851,143,1.921958041958042
22651,GENTLEMAN SHIRT REPAIR KIT,1837.4699999999998,2166,170,1.1379411764705882
22652,TRAVEL SEWING KIT,8595.57,5081,466,1.9715565031982942
22653,BUTTON BOX,3359,1866,249,1.9483333333333333
22654,DELUXE SEWING KIT,9815.65,1398,324,7.774263803680982
22655,VINTAGE RED KITCHEN CABINET,6910,53,33,135.9090909090909
22656,VINTAGE BLUE KITCHEN CABINET,3310,23,17,150.58823529411765
22659,LUNCH BOX I LOVE LONDON,20657.899999999998,11435,702,2.318882681564246
22660,DOORMAT I LOVE LONDON,2678.96,364,102,9.895098039215686
22661,CHARLOTTE BAG DOLLY GIRL DESIGN,4206.45,5184,414,0.9773923444976076
22662,LUNCH BAG DOLLY GIRL DESIGN,11059.23,6705,681,1.9346734397677794
22663,JUMBO BAG DOLLY GIRL DESIGN,7031.7,3409,449,2.5771333333333333
22664,TOY TIDY DOLLY GIRL DESIGN,1451.85,703,161,2.8740993788819877
22665,RECIPE BOX BLUE SKETCHBOOK DESIGN,5171.43,1509,354,4.0589265536723165
22666,RECIPE BOX PANTRY YELLOW DESIGN,26079.100000000002,8218,1104,3.709991007194245
22667,RECIPE BOX RETROSPOT,7892.450000000001,2827,458,3.0393763440860218
22668,PINK BABY BUNTING,6520.969999999999,2119,342,4.133859649122807
22669,RED BABY BUNTING,3431.5,1078,233,3.773004291845494
22670,FRENCH WC SIGN BLUE METAL,2516.75,1882,301,1.6347194719471947
22671,FRENCH LAUNDRY SIGN BLUE METAL,1608.6999999999998,962,144,2.1616666666666666
22672,FRENCH BATHROOM SIGN BLUE METAL,2491.4199999999996,1464,218,2.089681818181818
22673,FRENCH GARDEN SIGN BLUE METAL,1001.08,779,130,1.4923664122137406
22674,FRENCH TOILET SIGN BLUE METAL,1677.72,1334,186,1.5192592592592593
22675,FRENCH KITCHEN SIGN BLUE METAL,1525.16,1216,162,1.5576219512195122
22676,FRENCH BLUE METAL DOOR SIGN 1,1564.64,1144,197,1.6384343434343434
22677,FRENCH BLUE METAL DOOR SIGN 2,1375.32,990,186,1.7327272727272727
22678,FRENCH BLUE METAL DOOR SIGN 3,1139.06,833,159,1.6737735849056603
22679,FRENCH BLUE METAL DOOR SIGN 4,1010.53,730,151,1.727615894039735
22680,FRENCH BLUE METAL DOOR SIGN 5,1120.29,812,151,1.657124183006536
22681,FRENCH BLUE METAL DOOR SIGN 6,960.65,700,125,1.6840944881889763
22682,FRENCH BLUE METAL DOOR SIGN 7,884.25,667,112,1.5982300884955751
22683,FRENCH BLUE METAL DOOR SIGN 8,858.99,634,118,1.6522689075630252
22684,FRENCH BLUE METAL DOOR SIGN 9,713.57,521,97,1.7085858585858587
22685,FRENCH BLUE METAL DOOR SIGN 0,768.3,584,98,1.5512244897959184
22686,FRENCH BLUE METAL DOOR SIGN No,1293.38,981,157,1.8969426751592355
22687,DOORMAT CHRISTMAS VILLAGE,3354.22,590,52,11.319807692307691
22688,DOORMAT PEACE ON EARTH BLUE,3519.66,705,32,9.140625
22689,DOORMAT MERRY CHRISTMAS RED,5159.75,671,145,10.211369863013699
22690,DOORMAT HOME SWEET HOME BLUE,9903.65,1614,282,8.346431095406361
22691,DOORMAT WELCOME SUNRISE,2662.87,369,119,9.377394957983194
22692,DOORMAT WELCOME TO OUR HOME,11523.16,1520,442,9.601877828054299
22693,GROW A FLYTRAP OR SUNFLOWER IN TIN,17837.45,16172,303,1.4874917491749176
22694,WICKER STAR,4167.72,1802,404,2.550439024390244
22695,WICKER WREATH SMALL,1001.49,741,123,1.74696
22696,WICKER WREATH LARGE,1452.55,729,151,2.348717948717949
22697,GREEN REGENCY TEACUP AND SAUCER,22571.15,7209,1007,3.840984251968504
22698,PINK REGENCY TEACUP AND SAUCER,17264.16,5720,760,3.713722149410223
22699,ROSES REGENCY TEACUP AND SAUCER,28563.62,9674,1057,3.6675211267605636
22700,BLACK AND WHITE DOG BOWL,2593.33,1193,51,2.6286274509803924
22701,PINK DOG BOWL,899.29,541,113,2.592719298245614
22702,BLACK AND WHITE CAT BOWL,2684.6499999999996,1363,49,2.0377551020408164
22703,PINK CAT BOWL,583.33,360,123,1.754390243902439
22704,WRAP RED APPLES,2137.26,5203,172,0.4190697674418605
22705,WRAP GREEN PEARS,780.36,1858,76,0.42
22706,WRAP COWBOYS,837.44,2032,70,0.4188571428571428
22707,WRAP MONSTER FUN,527.94,1257,49,0.42
22708,WRAP DOLLY GIRL,1149.5,2775,99,0.41919191919191917
22709,WRAP WEDDING DAY,528.5,1325,39,0.4164102564102564
22710,WRAP I LOVE LONDON,1753.42,4451,102,0.41627450980392156
22711,WRAP CIRCUS PARADE,1181.84,2852,101,0.4192079207920792
22712,CARD DOLLY GIRL,1812.12,4411,310,0.5494533762057877
22713,CARD I LOVE LONDON,1437.36,3441,217,0.5413761467889908
22714,CARD BIRTHDAY COWBOY,1410.69,3475,224,0.5438839285714285
22715,CARD WEDDING DAY,645.64,1543,130,0.5171538461538462
22716,CARD CIRCUS PARADE,1360.91,3201,288,0.5248611111111111
22717,CARD DOG AND BALL,535.78,1229,131,0.5551908396946564
22718,CARD CAT AND TREE,707.15,1609,166,0.5783132530120482
22719,GUMBALL MONOCHROME COAT RACK,895.72,620,109,2.0745454545454547
22720,SET OF 3 CAKE TINS PANTRY DESIGN,37980.19,7457,1373,5.841398550724637
22721,SET OF 3 CAKE TINS SKETCHBOOK,4671.81,1020,297,5.396275167785235
22722,SET OF 6 SPICE TINS PANTRY DESIGN,24369.11,5949,829,4.68083135391924
22723,SET OF 6 HERB TINS SKETCHBOOK,4258.87,1163,294,4.302390572390572
22725,ALARM CLOCK BAKELIKE CHOCOLATE,8104.85,1967,425,4.793255813953488
22726,ALARM CLOCK BAKELIKE GREEN,27076.53,6398,975,4.54765784114053
22727,ALARM CLOCK BAKELIKE RED,30592.37,7786,1047,4.400559241706161
22728,ALARM CLOCK BAKELIKE PINK,20642.15,5348,780,4.5840533672172805
22729,ALARM CLOCK BAKELIKE ORANGE,9023.95,2311,441,4.522997762863534
22730,ALARM CLOCK BAKELIKE IVORY,11367.15,2862,565,4.423968253968254
22731,3D CHRISTMAS STAMPS STICKERS,1536.24,1172,143,1.5102083333333334
22732,3D VINTAGE CHRISTMAS STICKERS,2162.75,1645,188,1.5677894736842104
22733,3D TRADITIONAL CHRISTMAS STICKERS,2095.08,1583,197,1.5160696517412935
22734,SET OF 6 RIBBONS VINTAGE CHRISTMAS,10523.34,3231,418,3.51642523364486
22735,RIBBON REEL SOCKS AND MITTENS,1379.21,741,136,2.5397857142857143
22736,RIBBON REEL MAKING SNOWMEN,2280.6,1212,222,2.3876106194690263
22737,RIBBON REEL CHRISTMAS PRESENT,2628.15,1348,257,2.3461363636363637
22738,RIBBON REEL SNOWY VILLAGE,3639.17,2043,273,2.3420363636363635
22739,RIBBON REEL CHRISTMAS SOCK BAUBLE,3540.47,1808,317,2.37040625
22740,POLKADOT PEN,5793.62,6842,170,1.1349411764705881
22741,FUNKY DIVA PEN,7323.0599999999995,8499,232,1.1090128755364805
22742,MAKE YOUR OWN PLAYTIME CARD KIT,1323.5700000000002,639,101,3.0383168316831686
22743,MAKE YOUR OWN FLOWERPOWER CARD KIT,2408.5400000000004,930,206,3.6493236714975845
22744,MAKE YOUR OWN MONSOON CARD KIT,2067.15,861,171,3.124335260115607
22745,POPPY'S PLAYHOUSE BEDROOM,4636.59,2009,421,2.548416075650118
22746,POPPY'S PLAYHOUSE LIVINGROOM,3211.34,1435,326,2.517737003058104
22747,POPPY'S PLAYHOUSE BATHROOM,2080.85,954,227,2.498995633187773
22748,POPPY'S PLAYHOUSE KITCHEN,4853.530000000001,2104,433,2.484288990825688
22749,FELTCRAFT PRINCESS CHARLOTTE DOLL,9216.16,2362,449,4.118048245614035
22750,FELTCRAFT PRINCESS LOLA DOLL,7476.83,1997,412,4.062096385542168
22751,FELTCRAFT PRINCESS OLIVIA DOLL,5793.97,1561,289,4.237594501718213
22752,SET 7 BABUSHKA NESTING BOXES,13509.970000000001,1667,378,9.806315789473684
22753,SMALL YELLOW BABUSHKA NOTEBOOK,758.13,1010,217,0.9668036529680365
22754,SMALL RED BABUSHKA NOTEBOOK,1350.4699999999998,1951,266,1.0024253731343282
22755,SMALL PURPLE BABUSHKA NOTEBOOK,1187.96,1687,251,0.9793280632411067
22756,LARGE YELLOW BABUSHKA NOTEBOOK,656.52,599,123,1.4316260162601626
22757,LARGE RED BABUSHKA NOTEBOOK,1167.74,1096,163,1.5376073619631903
22758,LARGE PURPLE BABUSHKA NOTEBOOK,1110.25,1195,178,1.4949720670391062
22759,SET OF 3 NOTEBOOKS IN PARCEL,9007.64,5423,421,2.0516550116550114
22760,"TRAY, BREAKFAST IN BED",3466.3599999999997,273,78,14.761025641025642
22761,CHEST 7 DRAWER MA CAMPAGNE,895.38,36,26,25.533846153846152
22762,CUPBOARD 3 DRAWER MA CAMPAGNE,2594.33,157,107,17.82233644859813
22763,KEY CABINET MA CAMPAGNE,2126.5699999999997,201,105,11.350571428571428
22764,"RUSTIC WOODEN CABINET, GLASS DOORS",149.82,4,2,37.455
22765,NEWSPAPER STAND,316.95000000000005,27,5,19.874
22766,PHOTO FRAME CORNICE,9690.19,3245,501,3.2159722222222222
22767,TRIPLE PHOTO FRAME CORNICE,7074.049999999999,764,213,10.280469483568075
22768,FAMILY PHOTO FRAME CORNICE,8069.54,848,250,11.000637450199203
22769,CHALKBOARD KITCHEN ORGANISER,366.73,11,8,37.61
22770,MIRROR CORNICE,1470.83,91,59,16.358813559322034
22771,CLEAR DRAWER KNOB ACRYLIC EDWARDIAN,8915.44,6527,440,1.568273542600897
22772,PINK DRAWER KNOB ACRYLIC EDWARDIAN,5116.7,3793,254,1.66984375
22773,GREEN DRAWER KNOB ACRYLIC EDWARDIAN,2739.4,2075,191,1.5244102564102564
22774,RED DRAWER KNOB ACRYLIC EDWARDIAN,2871.75,2254,140,1.5968794326241134
22775,PURPLE DRAWERKNOB ACRYLIC EDWARDIAN,4469.37,3105,237,1.7436776859504133
22776,"CAKESTAND, 3 TIER, LOVEHEART",19.9,2,1,9.95
22776,SWEETHEART 3 TIER CAKE STAND,3259.63,271,156,12.108535031847133
22776,SWEETHEART CAKESTAND 3 TIER,9528.1,942,367,11.217874659400545
22777,GLASS BELL JAR LARGE,17,2,1,8.5
22777,GLASS CLOCHE LARGE,2934.53,350,57,10.711929824561404
22778,GLASS BELL JAR SMALL,15.8,4,1,3.95
22778,GLASS CLOCHE SMALL,3045.71,779,140,4.920896551724138
22779,WOODEN OWLS LIGHT GARLAND,5772.85,1533,148,4.183066666666667
22780,LIGHT GARLAND BUTTERFILES PINK,5010.34,1338,130,4.1843939393939396
22781,GUMBALL MAGAZINE RACK,5122.16,612,227,9.883964757709252
22782,SET 3 WICKER STORAGE BASKETS,3399.95,241,74,19.355405405405406
22783,SET 3 WICKER OVAL BASKETS W LIDS,5961.25,463,33,14.623939393939393
22784,LANTERN CREAM GAZEBO,6316.4400000000005,1263,296,5.682733333333333
22785,SQUARECUSHION COVER PINK UNION FLAG,506.34,72,32,7.460625
22785,SQUARECUSHION COVER PINK UNION JACK,581.23,173,42,7.178571428571429
22786,CUSHION COVER PINK UNION JACK,764.63,123,47,7.620212765957446
22788,BROCANTE COAT RACK,1996.11,217,58,12.132413793103447
22789,T-LIGHT HOLDER SWEETHEART HANGING,1657.02,844,138,2.159928057553957
22791,T-LIGHT GLASS FLUTED ANTIQUE,9706.24,7799,342,1.5164139941690962
22792,FLUTED ANTIQUE CANDLE HOLDER,2612.73,2773,205,1.1545365853658536
22794,SWEETHEART WIRE MAGAZINE RACK,2761.05,323,180,9.037888888888888
22795,SWEETHEART RECIPE BOOK STAND,8503.75,1201,367,8.11481081081081
22796,PHOTO FRAME 3 CLASSIC HANGING,5416.799999999999,543,218,10.501136363636363
22797,CHEST OF DRAWERS GINGHAM HEART,2681.8599999999997,153,83,19.109759036144577
22798,ANTIQUE GLASS DRESSING TABLE POT,5537.7,1790,266,3.784436090225564
22799,SWEETHEART WIRE FRUIT BOWL,1623.08,207,89,8.717191011235956
22800,ANTIQUE TALL SWIRLGLASS TRINKET POT,3560.7400000000002,870,203,4.955615763546798
22801,ANTIQUE GLASS PEDESTAL BOWL,4200.14,1026,220,4.733497757847534
22802,FAUX FUR CHOCOLATE THROW,1474.74,87,49,18.740408163265304
22803,IVORY EMBROIDERED QUILT,2038.0900000000001,54,31,38.972903225806455
22804,CANDLEHOLDER PINK HANGING HEART,6421.09,2245,397,3.1562282878411914
22804,PINK HANGING HEART T-LIGHT HOLDER,1256.16,720,75,3.3145333333333333
22805,BLUE DRAWER KNOB ACRYLIC EDWARDIAN,2559.78,1877,193,1.6802590673575128
22806,SET OF 6 T-LIGHTS WEDDING CAKE,677.0400000000001,260,38,3.3884210526315792
22807,SET OF 6 T-LIGHTS TOADSTOOLS,2417.73,818,195,3.7699492385786804
22808,SET OF 6 T-LIGHTS EASTER CHICKS,1038.8700000000001,345,75,3.6014666666666666
22809,SET OF 6 T-LIGHTS SANTA,3728.1000000000004,1222,202,3.5094117647058827
22810,SET OF 6 T-LIGHTS SNOWMEN,2899.6800000000003,896,164,3.604060606060606
22811,SET OF 6 T-LIGHTS CACTI,2419.29,881,108,3.8372477064220183
22812,PACK 3 BOXES CHRISTMAS PANETTONE,248.48,76,24,3.3125
22812,PACK 3 BOXES CHRISTMAS PANNETONE,3336.4199999999996,1637,160,2.754
22813,PACK 3 BOXES BIRD PANETTONE,451.84,204,31,3.4170967741935483
22813,PACK 3 BOXES BIRD PANNETONE,4188.94,2168,187,2.517272727272727
22814,CARD PARTY GAMES,888.47,2129,235,0.4929361702127659
22815,CARD PSYCHEDELIC APPLES,1118.84,2628,268,0.49014925373134327
22816,CARD MOTORBIKE SANTA,1691.76,3987,266,0.45992537313432835
22817,CARD SUKI BIRTHDAY,1114.81,2639,290,0.4822068965517241
22818,CARD CHRISTMAS VILLAGE,1510.08,3537,241,0.4614107883817427
22819,"BIRTHDAY CARD, RETRO SPOT",1104.81,2608,270,0.46707407407407403
22820,GIFT BAG BIRTHDAY,575.4200000000001,940,77,0.6137179487179487
22821,GIFT BAG PSYCHEDELIC APPLES,714.87,1159,138,0.7055072463768116
22822,CREAM WALL PLANTER HEART SHAPED,2582.75,433,158,6.442974683544304
22823,CHEST NATURAL WOOD 20 DRAWERS,2745,24,13,118.07692307692308
22824,3 TIER SWEETHEART GARDEN SHELF,1902.3000000000002,54,42,35.66428571428572
22825,DECORATIVE PLANT POT WITH FRIEZE,584.37,73,28,8.479285714285714
22826,LOVE SEAT ANTIQUE WHITE METAL,5735,55,38,110.52631578947368
22827,RUSTIC  SEVENTEEN DRAWER SIDEBOARD,5085,33,24,157.5
22828,REGENCY MIRROR WITH SHUTTERS,1530,10,7,156.42857142857142
22829,SWEETHEART WIRE WALL TIDY,2207.5299999999997,217,107,10.903551401869159
22830,UTILTY CABINET WITH HOOKS,2610.2900000000004,131,6,21.77166666666667
22831,WHITE BROCANTE SOAP DISH,2070.9,706,121,3.319105691056911
22832,BROCANTE SHELF WITH HOOKS,1738.82,158,74,11.554324324324325
22833,HALL CABINET WITH 3 DRAWERS,2603.5299999999997,76,5,56.508
22834,HAND WARMER BABUSHKA DESIGN,6872.53,4773,365,2.2372972972972973
22835,HOT WATER BOTTLE I AM SO POORLY,16222.560000000001,3049,653,5.89806697108067
22837,HOT WATER BOTTLE BABUSHKA,5463.08,1128,175,5.582185792349727
22837,HOT WATER BOTTLE BABUSHKA LARGE,37.2,8,1,4.65
22838,3 TIER CAKE TIN RED AND CREAM,8238.61,571,160,17.41575
22839,3 TIER CAKE TIN GREEN AND CREAM,6891.97,439,196,18.69172588832487
22840,ROUND CAKE TIN VINTAGE RED,6800.4400000000005,900,263,8.378669201520912
22841,ROUND CAKE TIN VINTAGE GREEN,4030.2200000000003,520,208,8.453365384615385
22842,BISCUIT TIN VINTAGE RED,3742.21,577,155,7.241096774193548
22843,BISCUIT TIN VINTAGE GREEN,2870.77,445,123,7.282682926829268
22844,VINTAGE CREAM DOG FOOD CONTAINER,9493.02,982,412,10.853647342995169
22845,VINTAGE CREAM CAT FOOD CONTAINER,5384.23,800,315,7.851360759493671
22846,BREAD BIN DINER STYLE RED,10396.47,648,265,17.74377358490566
22847,BREAD BIN DINER STYLE IVORY,14092.24,887,362,17.43185082872928
22848,BREAD BIN DINER STYLE PINK,5063.9,314,122,18.290491803278687
22849,BREAD BIN DINER STYLE MINT,4950.98,318,127,16.93267716535433
22851,SET 20 NAPKINS FAIRY CAKES DESIGN,2358.44,2729,349,1.0010198300283286
22852,DOG BOWL VINTAGE CREAM,1740.8799999999999,386,124,4.639919354838709
22853,CAT BOWL VINTAGE CREAM,1636.46,466,115,3.631913043478261
22854,CREAM SWEETHEART EGG HOLDER,3708.52,767,161,5.392760736196319
22855,FINE WICKER HEART,3286.73,2630,236,1.5280168776371308
22856,ASSORTED EASTER DECORATIONS  BELLS,705.82,550,26,4.051923076923077
22857,ASSORTED EASTER GIFT TAGS,965.8599999999999,1145,61,1.3383606557377048
22858,EASTER TIN KEEPSAKE,1855.83,1123,136,1.9455882352941176
22859,EASTER TIN BUNNY BOUQUET,1963.4699999999998,1179,155,1.9287261146496815
22860,EASTER TIN CHICKS PINK DAISY,1017.7699999999999,589,107,1.9718691588785047
22861,EASTER TIN CHICKS IN GARDEN,522.93,305,50,2.0108
22862,LOVE HEART NAPKIN BOX,826.95,171,66,5.413235294117647
22863,SOAP DISH BROCANTE,2035.3300000000002,707,109,3.2986238532110095
22865,HAND WARMER OWL DESIGN,17561.43,8332,647,2.3617602427921094
22866,HAND WARMER SCOTTY DOG DESIGN,14163.720000000001,6503,546,2.3378035714285716
22867,HAND WARMER BIRD DESIGN,13986.29,6397,551,2.4029569892473117
22868,NUMBER TILE COTTAGE GARDEN 0,144.65,63,20,3.04
22869,NUMBER TILE COTTAGE GARDEN 1,246.14,96,44,3.1904545454545454
22870,NUMBER TILE COTTAGE GARDEN 2,240.29,93,39,3.26
22871,NUMBER TILE COTTAGE GARDEN 3,163.35,67,25,3.258
22872,NUMBER TILE COTTAGE GARDEN 4,177.46,72,30,3.1853333333333333
22873,NUMBER TILE COTTAGE GARDEN 5,145.5,60,26,3.046153846153846
22874,NUMBER TILE COTTAGE GARDEN 6,150.81,65,21,2.9445454545454544
22875,NUMBER TILE COTTAGE GARDEN 7,149.09,63,25,2.9124
22876,NUMBER TILE COTTAGE GARDEN 8,138.81,61,20,2.943
22877,NUMBER TILE COTTAGE GARDEN 9,138.10999999999999,63,19,2.6384210526315788
22878,NUMBER TILE COTTAGE GARDEN No,204.19,75,33,3.453333333333333
22879,NUMBER TILE VINTAGE FONT 0,102.46,70,16,2.8674999999999997
22880,NUMBER TILE VINTAGE FONT 1,196.69,97,32,3.299375
22881,NUMBER TILE VINTAGE FONT 2,197.56,102,34,3.215294117647059
22882,NUMBER TILE VINTAGE FONT 3,211.75,107,41,3.054390243902439
22883,NUMBER TILE VINTAGE FONT 4,189.53,99,31,3.337741935483871
22884,NUMBER TILE VINTAGE FONT 5,194.04999999999998,99,36,3.0866666666666664
22885,NUMBER TILE VINTAGE FONT 6,170.82999999999998,95,27,3.1396296296296295
22886,NUMBER TILE VINTAGE FONT 7,146.43,87,25,2.8828
22887,NUMBER TILE VINTAGE FONT 8,126.78,78,23,2.967391304347826
22888,NUMBER TILE VINTAGE FONT 9,124.98,76,21,3.164285714285714
22889,NUMBER TILE VINTAGE FONT No,263.8,169,33,3.626969696969697
22890,NOVELTY BISCUITS CAKE STAND 3 TIER,3850.3199999999997,376,161,11.334037267080745
22891,TEA FOR ONE POLKADOT,2035.93,403,160,5.9018749999999995
22892,SET OF SALT AND PEPPER TOADSTOOLS,2991.6,2448,197,1.2451776649746193
22893,MINI CAKE STAND T-LIGHT HOLDER,928.5,1866,141,0.6421830985915493
22894,TABLECLOTH RED APPLES DESIGN,3027.3799999999997,305,122,10.172682926829268
22895,SET OF 2 TEA TOWELS APPLE AND PEARS,6316.6,2052,283,3.6050877192982456
22896,PEG BAG APPLE DESIGN,210,100,1,2.1
22896,PEG BAG APPLES DESIGN,3787.46,1466,285,3.2120209059233447
22897,OVEN MITT APPLES DESIGN,1984.1,1330,209,1.8182380952380952
22898,CHILDRENS APRON APPLES DESIGN,5150.92,2414,365,2.5617983651226157
22899,CHILDREN'S APRON DOLLY GIRL,4326.43,2069,313,2.442825396825397
22900,SET 2 TEA TOWELS I LOVE LONDON,14831.18,4874,528,3.739089219330855
22902,TOTE BAG I LOVE LONDON,2582.88,1264,134,2.6758955223880596
22903,CALENDAR FAMILY FAVOURITES,550.6,193,59,3.033728813559322
22904,CALENDAR PAPER CUT DESIGN,5467.26,1834,271,3.3530656934306573
22905,CALENDAR IN SEASON DESIGN,1502.29,581,110,2.78990990990991
22906,12 MESSAGE CARDS WITH ENVELOPES,2946.22,1732,250,2.0512451361867705
22907,PACK OF 20 NAPKINS PANTRY DESIGN,5649.5999999999995,6549,668,0.9903768115942029
22908,PACK OF 20 NAPKINS RED APPLES,3569.58,4380,375,0.9678851174934725
22909,SET OF 20 VINTAGE CHRISTMAS NAPKINS,7882.54,8760,608,0.9915594855305466
22910,PAPER CHAIN KIT VINTAGE CHRISTMAS,32096.14,10308,815,3.371174334140436
22911,PAPER CHAIN KIT LONDON,1358.0900000000001,463,94,3.2443157894736845
22912,YELLOW COAT RACK PARIS FASHION,1342.39,287,100,5.285841584158416
22913,RED COAT RACK PARIS FASHION,1673.15,352,112,5.552053571428572
22914,BLUE COAT RACK PARIS FASHION,2261.21,467,154,5.506387096774193
22915,ASSORTED BOTTLE TOP  MAGNETS,1383.74,3098,181,1.1798351648351648
22916,HERB MARKER THYME,1306.41,1893,237,0.8510373443983402
22917,HERB MARKER ROSEMARY,1332.42,1925,239,0.852
22918,HERB MARKER PARSLEY,1267.5500000000002,1857,237,0.8514583333333333
22919,HERB MARKER MINT,1214.0600000000002,1741,240,0.8421074380165289
22920,HERB MARKER BASIL,1312.29,1896,240,0.8624793388429752
22921,HERB MARKER CHIVES,1173.0700000000002,1704,208,0.8441626794258373
22922,FRIDGE MAGNETS US DINER ASSORTED,1260,1377,98,1.8060204081632651
22923,FRIDGE MAGNETS LES ENFANTS ASSORTED,1039.27,1234,78,1.0014102564102565
22924,FRIDGE MAGNETS LA VIE EN ROSE,1001.9,1097,84,1.400595238095238
22925,BLUE GIANT GARDEN THERMOMETER,2727.7200000000003,444,180,6.516685082872929
22926,IVORY GIANT GARDEN THERMOMETER,3609.25,586,193,6.293041237113402
22927,GREEN GIANT GARDEN THERMOMETER,2680.9100000000003,426,147,6.691020408163266
22928,YELLOW GIANT GARDEN THERMOMETER,1993.75,288,115,7.784695652173913
22929,SCHOOL DESK AND CHAIR,1004.75,16,11,63.71818181818182
22930,BAKING MOULD HEART MILK CHOCOLATE,2645.2,1012,188,3.0784736842105263
22931,BAKING MOULD HEART WHITE CHOCOLATE,1963.3,813,129,2.83
22932,BAKING MOULD TOFFEE CUP  CHOCOLATE,15.299999999999999,6,1,2.55
22932,BAKING MOULD TOFFEE CUP CHOCOLATE,1783.98,782,70,2.7194285714285713
22933,BAKING MOULD EASTER EGG MILK CHOC,2248.1200000000003,784,120,3.5046280991735537
22934,BAKING MOULD EASTER EGG WHITE CHOC,1707.47,589,78,3.2253846153846157
22935,BAKING MOULD ROSE MILK CHOCOLATE,1868.82,618,64,3.82125
22936,BAKING MOULD ROSE WHITE CHOCOLATE,697.97,207,49,4.357058823529412
22937,BAKING MOULD CHOCOLATE CUP CAKES,30.599999999999998,12,2,2.55
22937,BAKING MOULD CHOCOLATE CUPCAKES,2486.74,942,156,2.930875
22937,BAKING MOULD CUPCAKE CHOCOLATE,30.599999999999998,12,1,2.55
22938,CUPCAKE LACE PAPER SET 6,4418.429999999999,2331,184,2.0955135135135134
22939,ADULT APRON APPLE DELIGHT,945.88,184,45,6.362
22939,APRON APPLE DELIGHT,1387.39,273,79,5.840379746835443
22940,FELTCRAFT CHRISTMAS FAIRY,7873.25,1911,320,4.55
22941,CHRISTMAS LIGHTS 10 REINDEER,13676.92,1656,309,9.972362459546925
22942,CHRISTMAS LIGHTS 10 SANTAS,4316.04,591,149,8.3344
22943,CHRISTMAS LIGHTS 10 VINTAGE BAUBLES,6710.92,1346,207,6.27695652173913
22944,CHRISTMAS METAL POSTCARD WITH BELLS,1838.96,3363,110,1.327079646017699
22945,CHRISTMAS METAL TAGS ASSORTED,2895.04,2835,169,2.235581395348837
22946,WOODEN ADVENT CALENDAR CREAM,7030.22,453,137,18.15826086956522
22947,WOODEN ADVENT CALENDAR RED,8714.24,746,137,13.112481751824816
22948,METAL DECORATION NAUGHTY CHILDREN,1593.09,1587,134,1.6885714285714284
22949,36 DOILIES DOLLY GIRL,1330.49,899,89,1.7183146067415729
22949,SET OF 36 DOLLY GIRL PAPER DOILIES,69.66,45,15,1.744
22950,36 DOILIES VINTAGE CHRISTMAS,6648.08,4847,174,1.5821264367816092
22950,SET OF 36 VINTAGE CHRISTMAS DOILIES,71.27,38,8,1.8175
22951,60 CAKE CASES DOLLY GIRL DESIGN,3924.2000000000003,7361,432,0.6763157894736842
22952,60 CAKE CASES VINTAGE CHRISTMAS,9384.87,15768,616,0.765904761904762
22952,72 CAKE CASES VINTAGE CHRISTMAS,13.200000000000001,24,1,0.55
22953,BIRTHDAY BANNER TAPE,30,24,1,1.25
22953,BIRTHDAY PARTY CORDON BARRIER TAPE,617.11,478,97,1.3616326530612244
22954,HEN PARTY CORDON BARRIER TAPE,241.38,197,40,1.39075
22955,36 FOIL STAR CAKE CASES,2053.3500000000004,1040,134,2.3133823529411766
22956,36 FOIL HEART CAKE CASES,3704.3900000000003,1900,196,2.2277889447236183
22957,SET 3 PAPER VINTAGE CHICK PAPER EGG,5014.6500000000005,1775,214,3.115555555555556
22959,WRAP CHRISTMAS VILLAGE,1888.42,4601,139,0.41841726618705033
22960,JAM MAKING SET WITH JARS,36747.59,8613,1119,5.085008928571429
22961,JAM MAKING SET PRINTED,25352.829999999998,16173,1156,1.9074438687392055
22962,JAM JAR WITH PINK LID,3288.11,3896,342,1.058187134502924
22963,JAM JAR WITH BLUE LID,17.28,24,1,0.72
22963,JAM JAR WITH GREEN LID,2745.41,3248,304,1.0855555555555556
22964,3 PIECE SPACEBOY COOKIE CUTTER SET,5457.990000000001,2617,376,2.532849604221636
22965,3 TRADITIONAL COOKIE CUTTERS  SET,304.20000000000005,162,4,2.0375
22965,3 TRADITIONAl BISCUIT CUTTERS  SET,2556.01,1185,230,2.356926406926407
22966,GINGERBREAD MAN COOKIE CUTTER,9195.9,7435,669,1.452720588235294
22967,SET 3 SONG BIRD PAPER EGGS ASSORTED,3253.71,1165,137,3.0124817518248177
22968,ROSE COTTAGE KEEPSAKE BOX,7802.23,789,186,12.008817204301074
22969,HOMEMADE JAM SCENTED CANDLES,18701.55,12472,643,1.7941057542768273
22970,LONDON BUS COFFEE MUG,10140.6,4334,317,2.730219435736677
22971,QUEENS GUARD COFFEE MUG,5849.29,2431,272,2.7821167883211677
22972,CHILDREN'S SPACEBOY MUG,3008.24,1759,226,1.991453744493392
22972,CHILDRENS SPACEBOY MUG,39.599999999999994,24,2,1.65
22973,CHILDREN'S CIRCUS PARADE MUG,2104.66,1236,142,2.0387412587412586
22974,CHILDRENS DOLLY GIRL MUG,2709.89,1586,203,2.0463235294117648
22975,SPACEBOY CHILDRENS EGG CUP,1624.63,1204,186,1.5446276595744681
22976,CIRCUS PARADE CHILDRENS EGG CUP,1374.01,1054,142,1.5158041958041957
22977,DOLLY GIRL CHILDRENS EGG CUP,1252.61,950,135,1.4786029411764705
22978,PANTRY ROLLING PIN,9371.119999999999,2410,232,4.361163793103448
22979,PANTRY WASHING UP BRUSH,6284.42,4006,379,1.8208923884514436
22980,PANTRY SCRUBBING BRUSH,3800.8099999999995,2291,288,1.9271821305841923
22981,PANTRY APPLE CORER,702.68,470,104,1.874018691588785
22982,PANTRY PASTRY BRUSH,1513.77,1130,210,1.6409047619047619
22983,CARD BILLBOARD FONT,2187.8,5109,440,0.5259545454545455
22984,CARD GINGHAM ROSE,1096.09,2693,163,0.4794478527607362
22985,WRAP BILLBOARD FONTS DESIGN,769.02,1831,64,0.42
22985,"WRAP, BILLBOARD FONTS DESIGN",731.42,1951,35,0.4154285714285714
22986,GINGHAM ROSE WRAP,768.18,1829,73,0.42
22986,WRAP GINGHAM ROSE,933.42,2251,81,0.4192592592592592
22987,WRAP SUMMER ROSE DESIGN,42.84,102,5,0.42
22988,SOLDIERS EGG CUP,10768.310000000001,9001,415,1.5001913875598085
22989,SET 2 PANTRY DESIGN TEA TOWELS,8921.27,2787,368,3.6909358288770053
22990,COTTON APRON PANTRY DESIGN,2413.23,517,158,5.3357861635220125
22991,GIRAFFE WOODEN RULER,7082.889999999999,3575,270,2.2794545454545454
22992,REVOLVER WOODEN RULER,9848.39,4921,343,2.276837606837607
22993,SET OF 4 PANTRY JELLY MOULDS,16403.48,12589,1068,1.4989308755760369
22994,TRAVEL CARD WALLET RETROSPOT,946.86,2170,217,0.5288073394495413
22995,TRAVEL CARD WALLET SUKI,1038.48,2333,264,0.5428571428571428
22996,TRAVEL CARD WALLET VINTAGE TICKET,2093.25,4797,407,0.529903381642512
22997,TRAVEL CARD WALLET UNION JACK,1074.77,2497,220,0.49393665158371036
22998,TRAVEL CARD WALLET KEEP CALM,5222.08,12269,529,0.49803001876172603
22999,TRAVEL CARD WALLET RETRO PETALS,674.11,1544,105,0.4817592592592592
22999,TRAVEL CARD WALLET VINTAGE LEAF,578.48,1350,117,0.48307692307692307
23000,TRAVEL CARD WALLET TRANSPORT,1358.2,3145,277,0.5200719424460432
23002,TRAVEL CARD WALLET SKULLS,884.13,2047,189,0.5248691099476439
23003,TRAVEL CARD WALLET VINTAGE ROSE,226.2,542,53,0.41888888888888887
23004,TRAVEL CARD WALLET PANTRY,893.08,1978,220,0.6038565022421525
23005,TRAVEL CARD WALLET I LOVE LONDON,2126.55,4733,241,0.5217213114754098
23006,TRAVEL CARD WALLET FLOWER MEADOW,732.51,1686,170,0.5209411764705882
23007,SPACEBOY BABY GIFT SET,7690.9,495,182,15.902032967032966
23008,DOLLY GIRL BABY GIFT SET,6617.909999999999,427,130,16.10707692307692
23009,I LOVE LONDON BABY GIFT SET,4082.5199999999995,263,103,15.988252427184465
23010,CIRCUS PARADE BABY GIFT SET,4845.7,313,110,16.290636363636363
23012,GLASS APOTHECARY BOTTLE PERFUME,4181.31,1067,245,4.632672064777328
23013,GLASS APOTHECARY BOTTLE TONIC,3658.36,920,222,4.676188340807175
23014,GLASS APOTHECARY BOTTLE ELIXIR,3387.98,848,207,4.872583732057416
23015,CORDIAL GLASS JUG,272.38,32,15,8.77375
23015,CORDIAL JUG,16.5,2,1,8.25
23016,GLASS TWIST BON BON JAR,575.25,74,24,8.714583333333334
23017,APOTHECARY MEASURING JAR,826.28,67,22,12.759545454545455
23018,LARGE APOTHECARY MEASURING JAR,612.16,51,21,12.90047619047619
23019,SMALL APOTHECARY MEASURING JAR,629.0500000000001,81,28,8.07857142857143
23020,GLASS  SONGBIRD STORAGE JAR,2015.14,165,69,13.065797101449276
23020,GLASS SONGBIRD STORAGE JAR,126.7,11,3,12.05
23021,GLASS BONNE JAM JAR,500.82000000000005,120,27,4.441851851851852
23022,SMALL BONNE JAM JAR  T-LIGHT HOLDER,745.76,392,20,2.0272727272727273
23023,RIDGED BONNE JAM JAR T-LIGHT HOLDER,437.81999999999994,274,25,1.7651999999999999
23024,LARGE BONNE JAM JAR  T-LIGHT HOLDER,667.85,255,11,3.0081818181818183
23025,DRAWER KNOB VINTAGE GLASS BALL,748.32,344,53,2.273396226415094
23026,DRAWER KNOB VINTAGE GLASS STAR,1174,544,61,2.3311111111111114
23027,DRAWER KNOB VINTAGE GLASS HEXAGON,627.95,295,30,2.216666666666667
23028,DOORKNOB CRACKED GLAZE BLUE,238.49999999999997,162,3,1.5833333333333333
23028,DRAWER KNOB CRACKLE GLAZE BLUE,2138.6299999999997,1207,134,1.932962962962963
23029,DOORKNOB CRACKED GLAZE GREEN,19.799999999999997,12,2,1.65
23029,DRAWER KNOB CRACKLE GLAZE GREEN,2274.22,1334,153,1.8403267973856208
23031,DOORKNOB CRACKED GLAZE PINK,19.799999999999997,12,2,1.65
23031,DRAWER KNOB CRACKLE GLAZE PINK,2132.4999999999995,1266,153,1.8296078431372549
23032,DOORKNOB CRACKED GLAZE IVORY,258.29999999999995,174,5,1.6099999999999999
23032,DRAWER KNOB CRACKLE GLAZE IVORY,3573.93,2141,191,1.7804615384615383
23033,DRAWER KNOB CERAMIC RED,1058.8999999999999,714,74,1.8148648648648649
23034,DRAWER KNOB CERAMIC BLACK,1439.97,973,87,1.6293258426966293
23035,DOORKNOB CERAMIC IVORY,52.199999999999996,36,1,1.45
23035,DRAWER KNOB CERAMIC IVORY,3139.0899999999997,2149,189,1.6470526315789473
23036,T-LIGHT HOLDER SILVER PETIT FOUR,232.42,184,16,1.325625
23037,CANDLE HOLDER SILVER MADELINE,325.15999999999997,196,20,1.886
23038,T-LIGHT HOLDER SILVER SAUCER,42.919999999999995,44,8,1.3299999999999998
23039,T-LIGHT HOLDER SILVER HEART HANDLE,388.01,193,27,2.4064285714285716
23040,PAPER LANTERN 9 POINT SNOW STAR,1394.03,253,41,6.278372093023256
23041,PAPER LANTERN 6 POINT SNOW STAR,107.9,26,6,4.15
23041,PAPER LANTERN 9 POINT SNOW STAR,970.98,222,47,4.6785106382978725
23042,PAPER LANTERN 7 POINT SNOW STAR,645.01,93,27,7.387777777777778
23043,PAPER LANTERN 9 POINT HOLLY STAR 40,37.5,6,3,6.25
23043,PAPER LANTERN 9 POINT HOLLY STAR L,506.01,75,20,7.492
23044,PAPER LANTERN 9 POINT HOLLY STAR 23,74.7,18,5,4.15
23044,PAPER LANTERN 9 POINT HOLLY STAR S,348.59000000000003,83,20,4.347142857142858
23045,PAPER LANTERN 5 POINT STAR MOON,456.48,108,20,4.564
23045,PAPER LANTERN 5 POINT STAR MOON 30,41.5,10,5,4.15
23046,PAPER LANTERN 9 POINT DELUXE STAR,2111.4900000000002,349,36,6.809444444444445
23047,PAPER LANTERN 5 POINT SEQUIN STAR,287.5,50,21,5.75
23047,PAPER LANTERN 5 POINT STUDDED STAR,46,8,4,5.75
23048,SET OF 10 LANTERNS FAIRY LIGHT STAR,2231.42,544,94,4.700721649484536
23049,RECYCLED ACAPULCO MAT RED,3872.09,453,184,8.928804347826087
23050,RECYCLED ACAPULCO MAT GREEN,4278.3,496,204,9.228039215686275
23051,RECYCLED ACAPULCO MAT BLUE,3215.24,364,161,9.645403726708075
23052,RECYCLED ACAPULCO MAT TURQUOISE,5941.09,653,277,9.79
23053,RECYCLED ACAPULCO MAT PINK,3246.07,363,163,9.829018404907975
23054,RECYCLED ACAPULCO MAT LAVENDER,2596.68,294,129,9.543023255813953
23055,IVORY CHANDELIER T-LIGHT HOLDER,704.46,225,33,6.1417142857142855
23056,CRYSTAL CHANDELIER T-LIGHT HOLDER,18.75,3,1,6.25
23056,FLOWERS CHANDELIER T-LIGHT HOLDER,1039.05,384,33,6.686470588235294
23057,BEADED CHANDELIER T-LIGHT HOLDER,789.77,263,33,5.232424242424242
23057,GEMSTONE CHANDELIER T-LIGHT HOLDER,347.70000000000005,78,7,4.835714285714286
23058,CHRISTMAS HANGING SNOWFLAKE,430.86,490,48,1.2252083333333335
23060,HEART BEADED TRELLIS DECORATION,528.1700000000001,249,42,2.2197727272727272
23061,VINTAGE EMBOSSED HEART,1257.68,955,113,1.5479646017699116
23061,VINTAGE ENGRAVED HEART,75,60,4,1.25
23064,CINDERELLA CHANDELIER,2283.51,158,14,46.64357142857143
23065,LARGE DECO JEWELLERY STAND,3289.94,262,94,13.001489361702127
23065,LARGE JEWELLERY STAND,125,10,4,12.5
23066,SMALL DECO JEWELLERY STAND,2005.81,243,79,8.972278481012658
23066,SMALL JEWELLERY STAND,132,16,6,8.25
23067,HANGING ENGRAVED METAL HEART,1236.66,294,78,4.351951219512196
23068,ALUMINIUM HEART,74.7,30,6,2.49
23068,ALUMINIUM STAMPED HEART,1892.2300000000002,779,130,2.589848484848485
23069,EDWARDIAN PHOTO FRAME,556.21,88,32,6.4440625
23070,EDWARDIAN HEART PHOTO FRAME,709.5400000000001,160,44,5.090909090909091
23071,MARIE ANTOIENETT TRINKET BOX GOLD,12.5,1,1,12.5
23071,MARIE ANTOINETTE TRINKET BOX GOLD,808.6,242,16,11.097058823529412
23072,MARIE ANTOINETTE TRINKET BOX SILVER,889.76,262,28,14.366428571428571
23073,GEORGIAN TRINKET BOX,1694,142,60,12.41
23074,EMBOSSED HEART TRINKET BOX,534.79,240,47,2.63468085106383
23075,DOUBLE CERAMIC PARLOUR HOOK,74.7,18,4,4.15
23075,PARLOUR CERAMIC WALL HOOK,1852.4,446,74,4.256486486486486
23076,ICE CREAM SUNDAE LIP GLOSS,9905.76,8052,276,1.3506521739130435
23077,DOUGHNUT LIP GLOSS,13620.77,10335,341,1.3462756598240468
23078,ICE CREAM PEN LIP GLOSS,8493.34,6783,255,1.4281176470588235
23079,TOADSTOOL BEDSIDE LIGHT,2109.1,238,100,8.936138613861386
23080,RED METAL BOX TOP SECRET,9059.87,1067,254,9.351937984496123
23081,GREEN METAL BOX ARMY SUPPLIES,3889.75,465,134,9.450373134328357
23081,GREEN METAL BOX TOP SECRET,132,16,4,8.25
23082,SET 6 PAPER TABLE LANTERN HEARTS,8558.76,2328,297,4.093564356435643
23083,SET 6 PAPER TABLE LANTERN STARS,7092.9800000000005,1884,245,4.2404032258064515
23084,RABBIT NIGHT LIGHT,66807.63,30709,991,2.3873076923076924
23085,ANTIQUE SILVER BAUBLE LAMP,3583.23,376,78,10.835
23086,ZINC  STAR T-LIGHT HOLDER,1421.43,1201,45,1.5317777777777777
23086,ZINC STAR T-LIGHT HOLDER,10,8,1,1.25
23087,ZINC  HEART T-LIGHT HOLDER,1090.66,868,69,1.5915942028985508
23088,ZINC HEART FLOWER T-LIGHT HOLDER,1033.28,795,79,1.6275949367088607
23089,GLASS BON BON JAR,4214.13,2353,224,2.3833920704845815
23090,VINTAGE GLASS T-LIGHT HOLDER,1870.0299999999997,2237,149,0.9790131578947368
23091,METAL HERB GERDEN CONTAINER,139.68,24,5,6.078
23091,ZINC HERB GARDEN CONTAINER,3504.14,554,202,6.748866995073891
23092,LARGE ANTIQUE WHITE PHOTO FRAME,3734.0800000000004,520,133,8.103984962406015
23093,SMALL PARISIENNE HEART PHOTO FRAME,2239.2400000000002,939,142,2.7882394366197185
23094,LE GRAND TRAY CHIC SET,1912.42,151,78,12.81948717948718
23096,PETIT TRAY CHIC,1736.6899999999998,1033,146,2.027808219178082
23099,FRENCH CARRIAGE LANTERN,885.45,131,56,7.05280701754386
23100,SILVER BELLS TABLE DECORATION,2739.38,2166,257,1.426235741444867
23101,SILVER STARS TABLE DECORATION,1739.6299999999999,2031,213,0.9744859813084111
23102,SILVER HEARTS TABLE DECORATION,1075.03,1274,157,0.970754716981132
23103,BELL HEART DECORATION,386.99999999999994,252,9,1.6277777777777778
23103,JINGLE BELL HEART DECORATION,6419.5599999999995,3796,355,1.8499999999999999
23104,IVORY CAFE HANGING LAMP,1380.42,116,45,12.867111111111111
23104,IVORY PANTRY HANGING LAMP,25,2,1,12.5
23106,ZINC HEARTS PLANT POT HOLDER,757.7900000000001,271,51,2.9449019607843137
23106,ZINC PLANT POT HOLDER,23.12,8,1,2.89
23107,WHITE HEARTS WIRE PLANT POT HOLDER,963.27,343,71,3.209718309859155
23107,WHITE WIRE PLANT POT HOLDER,46.24,16,2,2.89
23108,SET OF 10 LED DOLLY LIGHTS,13038.23,2166,363,6.485576923076923
23109,LED TEA LIGHTS,1826.76,634,65,3.2733333333333334
23109,PACK OF SIX LED TEA LIGHTS,4769.22,1656,202,3.266048780487805
23110,PARISIENNE KEY CABINET,3951.68,666,241,6.715123966942149
23111,PARISIENNE SEWING BOX,3668.54,297,130,13.54412213740458
23112,PARISIENNE CURIO CABINET,4409.58,533,234,9.217094017094018
23113,PANTRY CHOPPING BOARD,1085.24,212,55,6.407454545454545
23114,VINTAGE LEAF CHOPPING BOARD,737.95,149,45,5.451333333333333
23115,RED APPLES CHOPPING BOARD,770.32,152,45,5.8406666666666665
23116,VEGETABLE GARDEN CHOPPING BOARD,382.44,76,22,6.240909090909091
23117,POPPY FIELDS CHOPPING BOARD,501.23,93,45,5.598888888888889
23118,PARISIENNE JEWELLERY DRAWER,6027.18,803,253,8.408063241106719
23119,PACK OF 6 LARGE FRUIT STRAWS,1379.3799999999999,2246,149,0.7812751677852349
23120,PACK OF 6 SMALL FRUIT STRAWS,652.15,1613,98,0.469126213592233
23121,PACK OF 6 COCKTAIL PARASOL STRAWS,1000.4399999999999,2501,111,0.5528448275862069
23122,PARTY CHARMS 50 PIECES,1726.09,2251,133,1.0386029411764706
23123,COCKTAIL SWORDS 50 PIECES,759.5699999999999,935,95,1.014421052631579
23124,18PC WOODEN CUTLERY SET DISPOSABLE,751.38,567,43,1.7516279069767442
23125,6PC WOOD PLATE SET DISPOSABLE,574.88,459,38,1.9131578947368422
23126,DOLLCRAFT GIRL AMELIE,138.6,28,7,4.95
23126,DOLLCRAFT GIRL AMELIE KIT,294.7,66,8,4.8500000000000005
23126,FELTCRAFT GIRL AMELIE KIT,5044.29,1004,274,5.4042391304347825
23127,DOLLCRAFT GIRL NICOLE,297,60,11,4.95
23127,FELTCRAFT GIRL NICOLE KIT,3422.4,668,182,5.279782608695652
23128,DOLLCRAFT BOY JEAN-PAUL,354.1,78,11,4.877272727272728
23128,FELTCRAFT BOY JEAN-PAUL KIT,1869.91,363,126,5.305952380952381
23129,HEART SHAPED HOLLY WREATH,3999.5000000000005,950,172,4.576279069767442
23130,MISELTOE HEART WREATH,312.8,80,5,4.07
23130,MISTLETOE HEART WREATH GREEN,3642.98,874,178,4.534157303370787
23131,MISELTOE HEART WREATH CREAM,996.0000000000001,240,1,4.15
23131,MISELTOE HEART WREATH WHITE,304.5,78,4,4.050000000000001
23131,MISTLETOE HEART WREATH CREAM,2535.48,624,110,4.21018018018018
23132,SMALL IVORY HEART WALL ORGANISER,5138.6,1020,152,6.222171052631579
23133,LARGE IVORY HEART WALL ORGANISER,5525.4,782,155,9.162451612903226
23134,LARGE ZINC HEART WALL ORGANISER,6431.11,1065,38,7.9068421052631574
23135,SMALL ZINC HEART WALL ORGANISER,5416.18,1541,45,5.675777777777778
23136,IVORY WIRE SWEETHEART LETTER TRAY,511.89,135,49,4.034081632653061
23137,ZINC WIRE SWEETHEART LETTER TRAY,275.62,83,23,3.9765217391304346
23138,SINGLE WIRE HOOK IVORY HEART,1214.11,867,81,1.6003614457831326
23139,SINGLE WIRE HOOK PINK HEART,511.3,402,26,1.6188888888888888
23140,TRIPLE WIRE HOOK IVORY HEART,716.3000000000001,170,51,4.543333333333334
23141,TRIPLE WIRE HOOK PINK HEART,272.91,79,25,4.2404
23142,IVORY WIRE KITCHEN ORGANISER,1210.42,120,39,11.135128205128206
23143,ZINC WIRE KITCHEN ORGANISER,239.97,30,16,9.929375
23144,ZINC T-LIGHT HOLDER STARS SMALL,4177.91,5065,273,0.9440875912408758
23145,ZINC T-LIGHT HOLDER STAR LARGE,1956.6799999999998,2060,167,1.0807142857142857
23145,ZINC T-LIGHT HOLDER STARS LARGE,22.799999999999997,24,2,0.95
23146,TRIPLE HOOK ANTIQUE IVORY ROSE,2569.59,775,218,3.5235135135135134
23147,SINGLE ANTIQUE ROSE HOOK IVORY,2750.75,1867,260,1.5259090909090909
23148,MINIATURE ANTIQUE ROSE HOOK IVORY,1768.87,2083,241,0.9150806451612903
23148,MINITURE ANTIQUE ROSE HOOK IVORY,40.8,48,4,0.85
23149,ANTIQUE IVORY WIRE BOWL SMALL,236.51000000000002,93,20,2.737
23150,IVORY SWEETHEART SOAP DISH,390.75000000000006,148,49,2.9436734693877553
23151,ZINC SWEETHEART SOAP DISH,114.33000000000001,61,21,2.2395238095238095
23152,IVORY SWEETHEART WIRE LETTER RACK,2065.65,550,158,3.953207547169811
23153,ZINC SWEETHEART WIRE LETTER RACK,1005.69,259,89,4.242134831460674
23154,SET OF 4 JAM JAR MAGNETS,5740.96,2652,233,2.2085714285714286
23155,KNICKERBOCKERGLORY MAGNET ASSORTED,1805.77,2089,132,1.4874999999999998
23156,SET OF 5 MINI GROCERY MAGNETS,3373.37,1641,203,2.263268292682927
23157,SET OF 6 NATIVITY MAGNETS,4699.06,2317,162,2.364642857142857
23158,SET OF 5 LUCKY CAT MAGNETS,5438.95,2597,254,2.677165354330709
23159,SET OF 5 PANCAKE DAY MAGNETS,4686.4800000000005,2280,221,2.3220720720720722
23160,REGENCY TEA SPOON,1794.48,1450,76,1.4881578947368421
23161,REGENCY CAKE FORK,2145.3,1715,98,1.593061224489796
23162,REGENCY TEA STRAINER,5143.6900000000005,1412,176,4.422272727272727
23163,REGENCY SUGAR TONGS,4415.38,1784,208,3.3352403846153846
23164,REGENCY CAKE SLICE,2718.65,578,92,5.579673913043479
23165,LARGE CERAMIC TOP STORAGE JAR,5048.36,3052,276,1.983189964157706
23166,MEDIUM CERAMIC TOP STORAGE JAR,4236.47,3553,242,1.4746530612244897
23167,SMALL CERAMIC TOP STORAGE JAR,4134.0199999999995,5354,228,1.0053191489361701
23168,CLASSIC CAFE SUGAR DISPENSER,4296.35,3063,324,1.8002431610942249
23168,CLASSIC SUGAR DISPENSER,247.32,216,12,1.1975
23169,CLASSIC GLASS COOKIE JAR,6058.89,1407,295,4.7636486486486485
23169,CLASSIC GLASS SWEET JAR,479.45000000000005,119,14,4.092857142857143
23170,REGENCY TEA PLATE ROSES,10938.249999999998,6749,442,2.0795022624434387
23171,REGENCY TEA PLATE GREEN,9982.39,6199,380,2.1302094240837697
23172,REGENCY TEA PLATE PINK,6274.8099999999995,3813,304,2.0698684210526315
23173,REGENCY TEAPOT ROSES,24673.58,2741,414,11.129594272076371
23174,REGENCY SUGAR BOWL GREEN,12158.28,3006,320,4.8003726708074534
23175,REGENCY MILK JUG PINK,9455.15,3112,328,3.8822121212121212
23176,ABC TREASURE BOOK BOX,4621.08,2133,220,2.6744343891402713
23177,TREASURE ISLAND BOOK BOX,5485.29,2516,264,2.7071535580524344
23178,JAM CLOCK MAGNET,934,326,67,3.367313432835821
23179,CLOCK MAGNET MUM'S KITCHEN,930.48,324,53,3.5243396226415094
23180,MUM'S KITCHEN CLOCK,616.14,121,48,5.96
23181,BULL DOG BOTTLE TOP WALL CLOCK,1733.57,201,82,9.421463414634147
23182,TOILET SIGN OCCUPIED OR VACANT,3688.2099999999996,3741,433,1.5304347826086957
23183,MOTHER'S KITCHEN SPOON REST,940.92,219,82,4.906626506024097
23184,BULL DOG BOTTLE OPENER,4724.9000000000005,866,263,6.458981132075472
23185,FRENCH STYLE STORAGE JAR JAM,114.85,317,30,0.35161290322580646
23186,FRENCH STYLE STORAGE JAR CAFE,811.9599999999999,1976,69,0.32799999999999996
23187,FRENCH STYLE STORAGE JAR BONBONS,687.56,2332,73,0.3028378378378378
23188,VINTAGE  2 METER FOLDING RULER,3053.9199999999996,1832,180,1.882087912087912
23188,VINTAGE  2 METRE FOLDING RULER,3374.0499999999997,1627,152,1.9993506493506492
23189,SET OF 12 FORK CANDLES,3507.51,1249,141,3.3956338028169015
23190,BUNDLE OF 3 SCHOOL EXERCISE BOOKS,2760.2499999999995,1701,201,1.7973267326732671
23191,BUNDLE OF 3 RETRO EXERCISE BOOKS,98.99999999999999,60,5,1.65
23191,BUNDLE OF 3 RETRO NOTE BOOKS,3528.24,2140,275,1.8770462633451956
23192,BUNDLE OF 3 ALPHABET EXERCISE BOOKS,6112.589999999999,3515,344,1.7746857142857142
23193,BUFFALO BILL TREASURE BOOK BOX,4056.78,1912,172,2.738953488372093
23194,GYMKHANA TREASURE BOOK BOX,3775.03,1697,197,2.7569500000000002
23194,GYMKHANNA TREASURE BOOK BOX,261.84000000000003,120,14,2.1892857142857145
23196,LEAVES MAGNETIC  SHOPPING LIST,34.8,24,2,1.45
23196,RETO LEAVES MAGNETIC SHOPPING LIST,52.199999999999996,36,3,1.45
23196,RETRO LEAVES MAGNETIC NOTEPAD,154.09,105,19,1.5376190476190477
23196,VINTAGE LEAF MAGNETIC NOTEPAD,2601.15,1707,274,1.822230215827338
23197,SKETCHBOOK MAGNETIC SHOPPING LIST,2234.85,1429,244,1.9633061224489796
23197,VEGETABLE MAGNETIC  SHOPPING LIST,49.8,36,3,1.3833333333333333
23198,PANTRY MAGNETIC  SHOPPING LIST,5055.3499999999995,3337,474,1.8003099173553718
23199,JUMBO BAG APPLES,29336.73,14286,972,2.5749131767109295
23200,JUMBO BAG PEARS,13974.16,6947,594,2.4313232830820772
23201,JUMBO BAG ALPHABET,27050.37,12924,898,2.393720930232558
23202,JUMBO BAG VINTAGE LEAF,21372.13,10701,875,2.2978684807256236
23203,JUMBO BAG DOILEY PATTERNS,17245.81,8882,512,2.2411456310679614
23203,JUMBO BAG VINTAGE DOILEY,272.57,144,7,2.3314285714285714
23203,JUMBO BAG VINTAGE DOILY,23895.48,11118,708,2.3023356643356645
23204,CHARLOTTE BAG APPLES DESIGN,7665.69,7871,581,1.1230993150684931
23205,CHARLOTTE BAG ALPHABET  DESIGN,320.5,400,22,0.8381818181818181
23205,CHARLOTTE BAG VINTAGE ALPHABET,5333.88,5357,444,1.1653691275167786
23206,LUNCH BAG APPLE DESIGN,20775.03,12100,1030,2.0612989493791787
23207,LUNCH BAG ALPHABET DESIGN,13271.1,7797,735,1.9932356857523301
23208,LUNCH BAG VINTAGE LEAF DESIGN,10425.41,6298,667,1.9366272189349112
23209,LUNCH BAG DOILEY PATTERN,10500.539999999999,6550,491,1.732741935483871
23209,LUNCH BAG VINTAGE DOILEY,119.63,71,5,2.146
23209,LUNCH BAG VINTAGE DOILY,10764,6528,600,1.8973977086743044
23210,WHITE ROCKING HORSE HAND PAINTED,3346.77,2661,189,1.4711557788944725
23211,RED ROCKING HORSE HAND PAINTED,2900.57,2305,159,1.5671428571428572
23212,HEART WREATH DECORATION WITH BELL,2770.89,2224,182,1.5002673796791444
23212,PAINTED HEART WREATH WITH BELL,15,12,1,1.25
23213,STAR WREATH DECORATION WITH BELL,2123.42,1670,151,1.4881168831168832
23214,BELL HEART ANTIQUE GOLD,24.96,12,1,2.08
23214,JINGLE BELL HEART ANTIQUE GOLD,1670.0800000000002,777,102,2.395631067961165
23215,JINGLE BELL HEART ANTIQUE SILVER,7038.4000000000005,3564,210,2.2615962441314554
23216,LAUREL HEART ANTIQUE GOLD,630.73,525,44,1.446888888888889
23217,LAUREL HEART ANTIQUE SILVER,1613.82,1309,97,1.5415151515151515
23218,LAUREL STAR ANTIQUE GOLD,483.03,379,40,1.57225
23219,LAUREL STAR ANTIQUE SILVER,568.6,430,61,1.52765625
23220,REINDEER HEART DECORATION GOLD,859.1899999999999,981,102,1.0852427184466018
23221,REINDEER HEART DECORATION SILVER,1323.1999999999998,1488,142,1.0813013698630136
23222,CHRISTMAS TREE HANGING GOLD,698.6099999999999,775,73,1.0525333333333333
23223,CHRISTMAS TREE HANGING SILVER,740.2299999999999,789,87,1.0923863636363635
23224,CHERUB HEART DECORATION GOLD,639.06,726,70,1.0424285714285713
23225,CHERUB HEART DECORATION SILVER,1106.4499999999998,1271,84,1.106547619047619
23226,FILIGREE HEART DAISY WHITE,1536.67,1199,97,1.576938775510204
23227,FILIGREE HEART BUTTERFLY WHITE,2070.06,1642,117,1.5737606837606837
23228,FILIGREE HEART BIRD WHITE,1810.24,1348,124,1.79672
23229,DONKEY TAIL GAME,189.54000000000002,54,4,3.66
23229,VINTAGE DONKEY TAIL GAME,6523.92,1808,250,4.25628
23230,WRAP ALPHABET DESIGN,3186.42,7901,232,0.41732758620689653
23231,WRAP  VINTAGE DOILEY,42,100,2,0.42
23231,WRAP  VINTAGE DOILY,1039.08,2474,94,0.42
23231,WRAP DOILEY DESIGN,1927.26,4703,164,0.41853658536585364
23232,WRAP VINTAGE LEAF DESIGN,2098.5,5225,132,0.41729323308270677
23232,WRAP VINTAGE PETALS  DESIGN,1317,3250,103,0.41766990291262135
23233,WRAP POPPIES  DESIGN,2095,5150,157,0.41860759493670885
23234,BISCUIT TIN VINTAGE CHRISTMAS,5045.1,1710,275,3.382753623188406
23235,BISCUIT TIN VINTAGE LEAF,64.56,24,3,2.756666666666667
23235,STORAGE TIN VINTAGE LEAF,1883.21,711,101,2.9901980198019804
23236,DOILEY BISCUIT TIN,327.6,120,13,2.8592307692307695
23236,DOILEY STORAGE TIN,2984.23,1087,120,3.106528925619835
23236,STORAGE TIN VINTAGE DOILEY,23.13,7,2,4.34
23236,STORAGE TIN VINTAGE DOILY,3704.78,1272,190,3.4103125000000003
23237,SET OF 4 KNICK KNACK TINS LEAF,3008.1600000000003,744,121,4.273636363636364
23237,SET OF 4 KNICK KNACK TINS LEAVES,1237.18,302,52,4.206538461538462
23238,SET OF 4 KNICK KNACK TINS LONDON,7746.71,1843,273,4.754332129963899
23239,SET OF 4 KNICK KNACK TINS POPPIES,3279.1400000000003,824,175,4.3977528089887645
23240,SET OF 4 KNICK KNACK TINS  DOILEY,24.900000000000002,6,1,4.15
23240,SET OF 4 KNICK KNACK TINS DOILEY,7194.84,1806,180,4.261693989071039
23240,SET OF 4 KNICK KNACK TINS DOILY,9726.480000000001,2352,353,4.541388888888889
23241,TREASURE TIN GYMKHANA DESIGN,4667.47,2164,362,2.486219178082192
23242,TREASURE TIN BUFFALO BILL,3022.55,1469,213,2.283472222222222
23243,SET OF TEA COFFEE SUGAR TINS PANTRY,23345.27,4767,466,5.875631691648822
23244,CANNISTER VINTAGE LEAF DESIGN,23.4,12,2,1.95
23244,ROUND STORAGE TIN VINTAGE LEAF,1591.6299999999999,863,102,2.1033333333333335
23244,STORAGE TIN VINTAGE LEAF,117,60,7,1.95
23245,SET OF 3 REGENCY CAKE TINS,31002.65,6319,868,5.889701492537314
23247,BISCUIT TIN 50'S CHRISTMAS,6585.83,2156,307,3.291986970684039
23249,ENAMEL DINNER PLATE PANTRY,19.799999999999997,12,1,1.65
23249,VINTAGE RED ENAMEL TRIM PLATE,1356.8,800,78,1.8971794871794871
23250,ENAMEL BOWL PANTRY,15,12,1,1.25
23250,VINTAGE RED TRIM ENAMEL BOWL,1463.53,1125,106,1.4763207547169812
23251,ENAMEL MUG PANTRY,15,12,1,1.25
23251,VINTAGE RED ENAMEL TRIM MUG,2045.75,1664,117,1.4168376068376067
23252,ENAMEL JUG PANTRY,15,4,1,3.75
23252,VINTAGE RED ENAMEL TRIM JUG,2141.61,571,133,4.049924812030075
23253,16 PC CUTLERY SET PANTRY DESIGN,63.8,4,1,15.95
23253,16 PIECE CUTLERY SET PANTRY DESIGN,3785.06,254,69,17.16623188405797
23254,CHILDRENS CUTLERY DOLLY GIRL,6683.160000000001,1650,286,4.272430555555556
23254,KIDS CUTLERY DOLLY GIRL,149.4,36,8,4.15
23255,CHILDRENS CUTLERY CIRCUS PARADE,4059.8700000000003,1005,155,4.3507741935483875
23256,CHILDRENS CUTLERY SPACEBOY,8447.12,2060,355,4.474401114206128
23256,KIDS CUTLERY SPACEBOY,149.4,36,8,4.15
23263,SET OF 3 WOODEN HEART DECORATIONS,5117.19,3839,443,1.4488347457627118
23264,SET OF 3 WOODEN SLEIGH DECORATIONS,2689.56,1962,299,1.4973801916932907
23265,SET OF 3 WOODEN TREE DECORATIONS,2387.29,1755,292,1.484671052631579
23266,SET OF 3 WOODEN STOCKING DECORATION,2728.82,2041,318,1.4546130952380953
23267,SET OF 4 SANTA PLACE SETTINGS,1471.95,1154,107,1.4130909090909092
23268,SET OF 2 CERAMIC CHRISTMAS REINDEER,2000.74,1435,88,1.6937499999999999
23269,SET OF 2 CERAMIC CHRISTMAS TREES,1152.98,779,94,1.7109473684210526
23270,SET OF 2 CERAMIC PAINTED HEARTS,1646.32,1174,125,1.501171875
23271,CHRISTMAS TABLE CANDLE SILVER SPIKE,13.28,16,1,0.83
23271,CHRISTMAS TABLE SILVER CANDLE SPIKE,1483.61,1715,103,1.055904761904762
23272,TREE T-LIGHT HOLDER WILLIE WINKIE,562.2199999999999,364,44,1.9168181818181818
23273,HEART T-LIGHT HOLDER WILLIE WINKIE,1649.0499999999997,969,112,1.8786725663716815
23274,STAR T-LIGHT HOLDER WILLIE WINKIE,2004.9999999999998,1180,119,2.0156666666666667
23275,SET OF 3 HANGING OWLS OLLIE BEAK,4431.72,3648,323,1.4751807228915663
23280,FOLDING BUTTERFLY MIRROR HOT PINK,1495.24,1867,152,1.0685620915032679
23280,FOLDING MIRROR HOT PINK,118.92,156,5,0.8079999999999999
23281,FOLDING BUTTERFLY MIRROR RED,985.88,1262,99,0.9833333333333333
23281,FOLDING MIRROR RED,14.939999999999998,18,2,0.83
23282,FOLDING BUTTERFLY MIRROR IVORY,742.92,794,133,1.2622222222222221
23282,FOLDING MIRROR IVORY,14.939999999999998,18,2,0.83
23283,DOORMAT VINTAGE LEAF,4072.7,558,141,9.184113475177305
23283,DOORMAT VINTAGE LEAVES DESIGN,2881.18,430,91,7.847912087912088
23284,DOORMAT KEEP CALM AND COME IN,36580.84,5269,723,8.78312242090784
23285,PINK VINTAGE SPOT BEAKER,4572.41,4807,191,1.0670312499999999
23286,BLUE VINTAGE SPOT BEAKER,4740.820000000001,5040,221,1.0309049773755656
23287,RED VINTAGE SPOT BEAKER,1596.59,1871,197,1.0348743718592965
23288,GREEN VINTAGE SPOT BEAKER,4430.63,4609,183,1.0439673913043477
23289,DOLLY GIRL CHILDRENS BOWL,2003.7,1614,190,1.5382722513089004
23290,SPACEBOY CHILDRENS BOWL,2880.35,2422,213,1.4365727699530517
23291,DOLLY GIRL CHILDRENS CUP,2047.78,1625,193,1.5265463917525772
23292,SPACE BOY CHILDRENS CUP,145.76000000000002,131,6,1.4183333333333334
23292,SPACEBOY CHILDRENS CUP,2536.32,2033,213,1.538411214953271
23293,SET OF 12 FAIRY CAKE BAKING CASES,6974.5999999999995,8453,549,1.0664609800362976
23294,SET OF 6 SNACK LOAF BAKING CASES,3599.5099999999998,4382,352,1.0912359550561797
23295,SET OF 12 MINI LOAF BAKING CASES,5071.79,6132,443,1.112383073496659
23296,SET OF 6 TEA TIME BAKING CASES,5973.05,4969,376,1.5256842105263158
23297,SET 40 HEART SHAPE PETIT FOUR CASES,6755.929999999999,4281,158,1.8425
23298,"BUNTING , SPOTTY",619.85,143,6,4.683333333333334
23298,SPOTTY BUNTING,42513.48,8320,1140,5.523960138648181
23299,"FOOD COVER WITH BEADS , SET 2 SIZES",11.25,3,1,3.75
23299,FOOD COVER WITH BEADS SET 2,3731.63,1001,143,4.383496503496503
23300,GARDENERS KNEELING PAD CUP OF TEA,11567.59,6665,754,1.9103805774278215
23301,GARDENERS KNEELING PAD KEEP CALM,16174.949999999999,8703,908,1.9460109289617487
23302,KNEELING MAT HOUSEWORK  DESIGN,2140.17,1511,228,1.8896969696969697
23303,SET 4 PICNIC CUTLERY FONDANT,126.75,65,6,1.95
23304,SET 4 PICNIC CUTLERY CHERRY,138.45,71,9,1.95
23305,SET 4 PICNIC CUTLERY BLUEBERRY,159.9,82,9,1.95
23306,SET OF 36 DOILIES PANTRY DESIGN,3982.1499999999996,2740,243,1.7367213114754099
23306,SET OF 36 PANTRY PAPER DOILIES,139.78,67,33,2.314705882352941
23307,SET OF 60 PANTRY DESIGN CAKE CASES,6358.14,12024,627,0.6843661971830987
23308,SET OF 60 VINTAGE LEAF CAKE CASES,3272.61,6139,382,0.6942159383033419
23309,SET OF 60 I LOVE LONDON CAKE CASES,4469.45,8227,405,0.7433333333333334
23310,BUBBLEGUM RING ASSORTED,4997.28,12050,245,0.47804878048780486
23311,VINTAGE CHRISTMAS STOCKING,6457.5999999999995,2378,342,2.968086956521739
23312,VINTAGE CHRISTMAS GIFT SACK,5960,1422,213,4.453686635944701
23313,VINTAGE CHRISTMAS BUNTING,15734.31,2977,399,5.551576354679803
23314,VINTAGE CHRISTMAS TABLECLOTH,4962.96,403,116,13.617350427350427
23315,IVORY REFECTORY CLOCK,1996.44,201,85,10.807411764705883
23316,RED REFECTORY CLOCK,2501.64,250,110,11.109454545454545
23317,BLUE REFECTORY CLOCK,1777.46,173,82,11.226951219512195
23318,BOX OF 6 MINI VINTAGE CRACKERS,8853.17,3669,373,2.744722955145119
23319,BOX OF 6 MINI 50'S CRACKERS,9019.85,3624,401,2.653960880195599
23320,GIANT 50'S CHRISTMAS CRACKER,7018.89,2649,332,2.805430267062315
23321,SMALL WHITE HEART OF WICKER,8410.49,4699,627,1.7483177570093458
23322,LARGE WHITE HEART OF WICKER,8776.210000000001,3029,561,3.136164623467601
23323,WHITE WICKER STAR,3146.78,1469,294,2.251291390728477
23324,RUSTIC STRAWBERRY JAM POT LARGE,552.52,267,37,2.24
23324,RUSTIC STRAWBERRY JAMPOT LARGE,238.56,120,6,2.041666666666667
23325,RUSTIC STRAWBERRY JAM POT SMALL,681.54,426,32,1.8299999999999998
23325,RUSTIC STRAWBERRY JAMPOT SMALL,59.39999999999999,36,3,1.65
23326,HANGING MINI COLOURED BOTTLES,2237.08,3442,76,2.6380263157894737
23327,HANGING CLEAR MINI BOTTLE,1051.14,1734,41,0.7871428571428571
23328,SET 6 SCHOOL MILK BOTTLES IN CRATE,13254.49,2837,404,4.848357843137255
23329,DECORATIVE WICKER HEART LARGE,3038.1899999999996,1767,233,1.76912
23330,DECORATIVE WICKER HEART MEDIUM,2286.97,1794,216,1.3630044843049327
23331,DECORATIVE WICKER HEART SMALL,1062.28,1596,109,0.781578947368421
23332,IVORY WICKER HEART LARGE,3542.7099999999996,2059,287,1.761689189189189
23333,IVORY WICKER HEART MEDIUM,2680.45,2077,232,1.3332644628099173
23334,IVORY WICKER HEART SMALL,1491.75,2271,130,0.7883823529411764
23335,EGG FRYING PAN IVORY,765.82,365,94,2.3341052631578947
23336,EGG FRYING PAN PINK,519.25,225,85,2.604418604651163
23337,EGG FRYING PAN MINT,388.75,180,69,2.287971014492754
23338,EGG FRYING PAN RED,902.9200000000001,425,108,2.3414814814814817
23339,EGG FRYING PAN BLUE,400.84000000000003,173,76,2.511578947368421
23340,VINTAGE CHRISTMAS CAKE FRILL,4034.08,2500,151,1.9589473684210525
23341,PINK DINER WALL CLOCK,2741.35,307,121,9.943057851239669
23342,MINT DINER CLOCK,17,2,1,8.5
23342,MINT DINER WALL CLOCK,3159.41,371,162,8.835555555555555
23343,JUMBO BAG VINTAGE CHRISTMAS,13489.91,5818,472,2.421369294605809
23344,JUMBO BAG 50'S CHRISTMAS,23289.27,10025,711,2.4209065550906557
23345,DOLLY GIRL BEAKER,2886.25,2451,174,1.5064204545454545
23346,SPACEBOY BEAKER,3112.34,2628,184,1.5186559139784945
23347,I LOVE LONDON BEAKER,1042.3,832,95,1.5633333333333332
23348,CHILDRENS TOY COOKING UTENSIL SET,1608.85,734,166,2.5855952380952383
23349,ROLL WRAP VINTAGE CHRISTMAS,4312.6,3197,335,1.5443695014662757
23350,ROLL WRAP VINTAGE SPOT,3415.08,2688,303,1.462653721682848
23351,ROLL WRAP 50'S CHRISTMAS,4770.7699999999995,3439,351,1.5130985915492958
23352,ROLL WRAP 50'S RED CHRISTMAS,2444.2,1788,211,1.512877358490566
23353,6 GIFT TAGS VINTAGE CHRISTMAS,3490.1299999999997,3983,325,0.9998784194528875
23354,6 GIFT TAGS 50'S CHRISTMAS,3379.6,3680,319,0.9735168195718654
23355,HOT WATER BOTTLE KEEP CALM,28360.600000000002,5732,778,5.275202020202021
23356,LOVE HOT WATER BOTTLE,13304.570000000002,2354,476,6.206144329896907
23357,HOT WATER BOTTLE SEX BOMB,1982.0500000000002,450,102,5.005242718446602
23358,HOT STUFF HOT WATER BOTTLE,1889.94,558,88,4.2088636363636365
23359,SET OF 12 T-LIGHTS VINTAGE DOILEY,118.94999999999999,61,6,1.95
23359,SET OF 12 T-LIGHTS VINTAGE DOILY,1747.51,929,73,1.9891780821917808
23360,SET 8 CANDLES VINTAGE DOILEY,216.29999999999998,122,7,1.907142857142857
23360,SET 8 CANDLES VINTAGE DOILY,2070.1,1060,107,2.0720183486238533
23365,SET 12 COLOUR PENCILS LOVE LONDON,1463.0800000000002,1857,169,0.794393063583815
23366,SET 12 COLOUR PENCILS DOILEY,31.200000000000003,48,3,0.65
23366,SET 12 COLOURING PENCILS DOILEY,0.65,1,1,0.65
23366,SET 12 COLOURING PENCILS DOILY,1636.1000000000001,2200,191,0.8190721649484536
23367,SET 12 COLOUR PENCILS SPACEBOY,2480.8,3262,281,0.7570422535211268
23368,SET 12 COLOUR PENCILS DOLLY GIRL,1679.5500000000002,2379,232,0.7843220338983051
23369,SET 36 COLOUR PENCILS LOVE LONDON,1581.06,1105,126,1.4970542635658914
23370,SET 36 COLOUR PENCILS DOILEY,80,64,3,1.25
23370,SET 36 COLOURING PENCILS DOILEY,1.25,1,1,1.25
23370,SET 36 COLOURING PENCILS DOILY,2070.35,1485,147,1.5463758389261746
23371,SET 36 COLOUR PENCILS SPACEBOY,2304.78,1705,185,1.5179032258064515
23372,SET 36 COLOUR PENCILS DOLLY GIRL,1730.29,1373,146,1.6159999999999999
23373,VINTAGE CHRISTMAS PAPER GIFT BAG,1313.3899999999999,1608,100,0.9070999999999999
23374,RED SPOT PAPER GIFT BAG,1954.6299999999999,2446,130,0.8675384615384615
23375,50'S CHRISTMAS PAPER GIFT BAG,1100.6899999999998,1342,103,0.9369902912621358
23376,PACK OF 12 VINTAGE CHRISTMAS TISSUE,1375.55,3015,154,0.5086708860759493
23377,PACK OF 12 DOLLY GIRL TISSUES,592.4499999999999,1351,133,0.5607462686567164
23378,PACK OF 12 50'S CHRISTMAS TISSUES,1840.08,3997,176,0.463224043715847
23379,PACK OF 12 RED APPLE TISSUES,465.36,1220,76,0.5376623376623376
23380,PACK OF 12 DOILEY TISSUES,28.08,72,2,0.39
23380,PACK OF 12 VINTAGE DOILY TISSUES,946.06,2248,118,0.4875833333333333
23381,PACK OF 12 VINTAGE LEAF TISSUES,562.88,1496,80,0.4760493827160494
23382,BOX OF 6 CHRISTMAS CAKE DECORATIONS,7311.18,1863,219,4.665090909090909
23388,WOODLAND MINI BACKPACK,3411.34,816,152,4.640657894736842
23388,WOODLAND MINI RUCKSACK,20.75,5,2,4.15
23389,SPACEBOY MINI BACKPACK,4697.54,1102,233,4.537829787234043
23389,SPACEBOY MINI RUCKSACK,53.95,13,4,4.15
23390,DOLLY GIRL MINI BACKPACK,2992.3900000000003,739,161,4.392682926829268
23390,DOLLY GIRL MINI RUCKSACK,33.2,8,2,4.15
23391,I LOVE LONDON MINI BACKPACK,1624.02,388,86,4.616666666666667
23391,I LOVE LONDON MINI RUCKSACK,4.15,1,1,4.15
23392,SPACEBOY ROCKET LOLLY MAKERS,1425.1100000000001,638,112,2.7098230088495576
23393,HOME SWEET HOME CUSHION COVER,3147.91,785,227,4.487816593886463
23394,POSTE FRANCE CUSHION COVER,1877.6499999999999,435,150,4.954210526315789
23395,BELLE JARDINIERE CUSHION COVER,3253.33,747,209,4.921142857142857
23396,BUTTERFLY CUSHION COVER,30,8,2,3.75
23396,LA JARDIN BOTANIQUE CUSHION COVER,375.53,87,28,5.007142857142857
23396,LE JARDIN BOTANIQUE CUSHION COVER,2330,555,165,4.787470588235294
23397,FOOT STOOL HOME SWEET HOME,5077.75,487,216,11.581388888888888
23398,HANGING HEART BONHEUR,535.35,606,69,1.0450666666666666
23399,HOME SWEET HOME HANGING HEART,1745.55,1914,225,1.107008547008547
23400,SHELF WITH 4 HOOKS HOME SWEET HOME,2396.84,459,106,6.859719626168224
23401,RUSTIC MIRROR WITH LACE HEART,2354.8700000000003,459,83,7.090361445783133
23402,HOME SWEEET HOME 3 PEG HANGER,93.75,25,4,3.75
23402,HOME SWEET HOME 3 PEG HANGER,1053.53,271,64,4.49640625
23403,LETTER HOLDER HOME SWEET HOME,2204.11,625,134,4.374
23404,HOME SWEET HOME BLACKBOARD,4532.06,1005,168,6.027261904761905
23405,HOME SWEET HOME 2 DRAWER CABINET,1311.48,252,70,5.985492957746479
23406,HOME SWEET HOME KEY HOLDER,2416.4100000000003,455,110,7.117727272727273
23407,SET OF 2 TRAYS HOME SWEET HOME,2659.68,260,130,10.698307692307692
23408,PHOTO FRAME LINEN AND LACE SMALL,619.84,298,57,2.08
23409,PHOTO FRAME LINEN AND LACE LARGE,779.18,209,42,3.8164285714285713
23410,CURIO CABINET LINEN AND LACE,290.1,36,18,8.027777777777779
23411,TRELLIS COAT RACK,1113.66,226,55,5.86
23412,HEART MIRROR ANTIQUE WHITE,2339.8,356,75,7.727368421052631
23413,DECORATIVE VINTAGE COFFEE  BOX,277,52,22,6.240909090909091
23413,DECROTIVEVINTAGE COFFEE GRINDER BOX,71.08,12,6,6.8966666666666665
23413,VINTAGE COFFEE GRINDER BOX,561.23,109,30,6.259333333333333
23414,ZINC BOX SIGN HOME,1338.9499999999998,137,63,10.075714285714286
23415,HOME SWEET HOME HOOK,412.17999999999995,328,47,1.4517021276595745
23416,CHAMBRE HOOK,184.67999999999998,132,25,1.7564
23417,BATHROOM HOOK,157.5,146,27,1.5964285714285713
23418,LAVENDER TOILETTE BOTTLE,1166,557,79,2.562025316455696
23419,HOME SWEET HOME BOTTLE,1041.64,472,85,2.679529411764706
23420,PANTRY HOOK TEA STRAINER,351.37,164,32,2.33625
23421,PANTRY HOOK SPATULA,349.2,160,33,2.5148484848484847
23422,PANTRY HOOK BALLOON WHISK,477.89,213,47,2.777872340425532
23423,PANTRY 3 HOOK ROLLING PIN HANGER,876.9,219,66,4.536969696969697
23424,GINGHAM RECIPE BOOK BOX,2509.62,462,135,6.186740740740741
23425,STORAGE TIN HOME SWEET HOME,621.44,275,56,3.0989285714285715
23426,METAL SIGN DROP YOUR PANTS,3427.09,1269,205,3.336618357487923
23427,STOOL HOME SWEET HOME,2848.08,236,113,12.971578947368421
23428,IVORY RETRO KITCHEN WALL CLOCK,659.61,75,32,9.970625
23429,RED RETRO KITCHEN WALL CLOCK,400.01,47,23,8.887391304347826
23430,BLUE RETRO KITCHEN WALL CLOCK,301.88,36,18,8.621111111111112
23431,NATURAL HANGING QUILTED HEARTS,1161.27,1437,71,1.3712328767123287
23432,PRETTY HANGING QUILTED HEARTS,1088.36,1276,74,1.3654054054054052
23433,HANGING QUILTED PATCHWORK APPLES,1078.6999999999998,1222,87,1.5156321839080458
23434,3 RAFFIA RIBBONS 50'S CHRISTMAS,1876.27,2085,198,0.8806532663316583
23435,3 RAFFIA RIBBONS VINTAGE CHRISTMAS,732.42,824,99,0.8976767676767676
23436,GIFT BAG LARGE VINTAGE CHRISTMAS,185,148,9,1.25
23436,VINTAGE CHRISTMAS GIFT BAG LARGE,2167.39,1819,104,1.4629807692307693
23437,50'S CHRISTMAS GIFT BAG LARGE,2343.63,1915,129,1.4265891472868217
23437,GIFT BAG LARGE 50'S CHRISTMAS,30,24,2,1.25
23438,GIFT BAG LARGE SPOT,120,96,6,1.25
23438,RED SPOT GIFT BAG LARGE,2089.92,1713,103,1.3771844660194175
23439,HAND WARMER RED LOVE HEART,8855.51,3986,397,2.2266262135922332
23440,PAINT YOUR OWN EGGS IN CRATE,299.36,164,5,2.0220000000000002
23441,HAND PAINTED HANGING EASTER EGG,9.24,22,3,0.42
23442,12 HANGING EGGS HAND PAINTED,83.2,40,7,2.08
23444,Next Day Carriage,1185,78,78,15.192307692307692
23445,ICE CREAM BUBBLES,2144.64,2648,100,0.8663366336633663
23446,BLUE BUNNY EASTER EGG BASKET,230.24999999999997,157,3,1.5833333333333333
23447,PINK BUNNY EASTER EGG BASKET,231.89999999999998,158,4,1.5999999999999999
23448,CREAM BUNNY EASTER EGG BASKET,41.24999999999999,25,3,1.65
23449,SET OF 6 EASTER RAINBOW CHICKS,15,12,1,1.25
23451,SQUARE MINI PORTRAIT FRAME,556.17,277,52,2.273396226415094
23452,HEART MINI PORTRAIT FRAME,1021.76,518,87,2.07183908045977
23453,OVAL  MINI PORTRAIT FRAME,615.98,316,47,1.9883673469387755
23454,SET OF 3 MINI HANGING PORTRAITS,123.2,32,2,3.95
23454,THREE MINI HANGING FRAMES,610,142,50,4.540566037735849
23455,SMALL PARLOUR FRAME,106.98000000000002,42,2,2.6900000000000004
23455,SMALL PARLOUR PICTURE FRAME,462.45,165,33,2.8782352941176472
23456,MEDIUM PARLOUR FRAME,84.1,22,2,3.95
23456,MEDIUM PARLOUR PICTURE FRAME,550,136,34,4.1264705882352946
23457,LARGE PARLOUR FRAME,122.85,27,2,4.725
23457,LARGE PARLOUR PICTURE FRAME,427.03000000000003,85,29,5.135862068965517
23458,DOLLY CABINET 3 DRAWERS,732.55,49,29,14.95
23459,DOLLY CABINET 2 DRAWERS,387.5,31,18,12.5
23460,SWEETHEART WALL TIDY,987.18,106,42,9.899761904761904
23461,SWEETHEART BIRD HOUSE,3024.61,843,93,4.555555555555555
23462,ROCOCO WALL MIROR,39.9,2,1,19.95
23462,ROCOCO WALL MIRROR WHITE,1347.69,67,37,20.87864864864865
23463,VINTAGE ZINC WATERING CAN,139.39999999999998,13,8,11.206249999999999
23464,VINTAGE ZINC WATERING CAN SMALL,99.2,18,8,6.2125
23465,TUSCAN VILLA BIRD FEEDER,148.63,17,9,9.181111111111111
23465,TUSCAN VILLA FEEDING STATION,99,12,7,8.25
23466,TUSCAN VILLA DOVECOTE,99,12,4,8.25
23466,TUSCAN VILLA DOVECOTE BIRD FEEDER,399.03,43,23,10.403478260869566
23467,VINTAGE ZINC PLANTER,120.08000000000001,32,11,4.366363636363636
23468,TUSCAN VILLA BIRD TABLE,156.75,19,11,8.25
23469,CARD HOLDER LOVE BIRD SMALL,1355.24,332,72,4.643611111111111
23470,CARD HOLDER LOVE BIRD LARGE,1448,230,83,6.817469879518073
23471,SIX DRAWER OFFICE TIDY,616.79,65,27,10.162592592592592
23472,NINE DRAWER OFFICE TIDY,894.42,58,33,16.09060606060606
23473,WOODLAND SMALL RED FELT HEART,552.02,678,51,0.9533333333333333
23474,WOODLAND SMALL BLUE FELT HEART,270.96,312,37,1.0405263157894735
23475,WOODLAND SMALL PINK FELT HEART,242.17999999999998,286,31,0.9590322580645161
23476,WOODLAND LARGE RED FELT HEART,264.72,205,22,1.47
23477,WOODLAND LARGE BLUE FELT HEART,123.47,92,13,1.7153846153846153
23478,WOODLAND LARGE PINK FELT HEART,324.40000000000003,285,13,1.513076923076923
23479,WIRE EGG BASKET,872.38,113,44,8.266590909090908
23480,MINI LIGHTS WOODLAND MUSHROOMS,6719.14,1798,215,4.428761467889908
23481,PEARLISED IVORY HEART SMALL,281.17,228,29,1.28125
23482,PEARLISED IVORY HEART LARGE,661.02,418,39,1.7658974358974358
23483,HANGING  BUTTERFLY T-LIGHT HOLDER,1621.36,1316,72,2.424931506849315
23484,HEART TRELLIS TRIPLE T-LIGHT HOLDER,395.11,129,30,3.8125806451612902
23484,HEART TRELLISTRIPLE T-LIGHT HOLDER,152.24,56,5,2.81
23485,BOTANICAL GARDENS WALL CLOCK,5585.72,251,76,24.827894736842104
23486,ANTIQUE HEART SHELF UNIT,3991.5699999999997,265,70,17.909142857142857
23487,SWEET HEART CAKE CARRIER,735.88,74,41,10.395853658536584
23489,"GARLAND, VINTAGE BELLS",265.88,92,10,2.89
23489,VINTAGE BELLS GARLAND,2443.35,821,149,3.2428387096774194
23490,T-LIGHT HOLDER HANGING LOVE BIRD,2032.77,542,101,3.9612871287128715
23491,VINTAGE JINGLE BELLS HEART,1897.76,228,78,8.462151898734177
23492,VINTAGE JINGLE BELLS WREATH,635.38,76,28,8.549285714285714
23493,VINTAGE DOILY TRAVEL SEWING KIT,8497.98,3964,415,2.156320754716981
23494,VINTAGE DOILY DELUXE SEWING KIT,5056.51,759,200,6.834328358208955
23495,SET OF 3 PANTRY WOODEN SPOONS,306.66,225,41,1.7221951219512195
23496,PANTRY KITCHEN THERMOMETER,154.52,112,31,1.562258064516129
23497,CLASSIC CHROME BICYCLE BELL,3561.22,2486,192,1.6273096446700508
23497,CLASSIC CROME BICYCLE BELL,77.4,60,2,1.35
23498,CLASSIC BICYCLE CLIPS,2372.68,1640,99,1.6579411764705883
23499,SET 12 VINTAGE DOILY CHALK,586.23,1312,110,0.4831858407079646
23500,KEY RING BASEBALL BOOT ASSORTED,2038.33,1626,98,1.3861764705882353
23501,KEY RING BASEBALL BOOT UNION JACK,2217.87,1821,112,1.4955263157894736
23502,PLAYING CARDS VINTAGE DOILEY,16.25,13,2,1.25
23502,PLAYING CARDS VINTAGE DOILY,880.16,701,92,1.3027956989247311
23503,PLAYING CARDS KEEP CALM & CARRY ON,4860.55,3643,335,1.2792982456140352
23504,PLAYING CARDS JUBILEE UNION JACK,2848.89,1927,208,1.3483410138248848
23505,PLAYING CARDS I LOVE LONDON,1651.29,1200,115,1.3546153846153846
23506,MINI PLAYING CARDS SPACEBOY,1129.1200000000001,2723,146,0.4626490066225165
23507,MINI PLAYING CARDS BUFFALO BILL,1155.67,2882,119,0.47346456692913386
23508,MINI PLAYING CARDS DOLLY GIRL,1163.45,2627,120,0.4665625
23509,MINI PLAYING CARDS FUN FAIR,451.46,1062,65,0.4865151515151515
23510,MINI PLAYING CARDS GYMKHANA,1118.8,2521,120,0.4972
23511,EMBROIDERED RIBBON REEL EMILY,1252.01,571,98,2.330909090909091
23512,EMBROIDERED RIBBON REEL ROSIE,975.24,500,57,2.3164912280701753
23513,EMBROIDERED RIBBON REEL SUSIE,1101.78,560,69,2.3092753623188407
23514,EMBROIDERED RIBBON REEL SALLY,964.91,472,73,2.3528767123287673
23515,EMBROIDERED RIBBON REEL DAISY,1164.98,579,71,2.3925
23516,EMBROIDERED RIBBON REEL SOPHIE,1058.6,296,42,3.848181818181818
23517,EMBROIDERED RIBBON REEL REBECCA,996.38,334,63,3.448095238095238
23518,EMBROIDERED RIBBON REEL RACHEL,963.07,355,43,3.1006976744186048
23519,EMBROIDERED RIBBON REEL CLAIRE,792.31,224,24,4.484583333333333
23520,EMBROIDERED RIBBON REEL RUBY,600.55,167,32,3.9675
23521,CAT AND BIRD WALL ART,323.64,270,4,2.005
23521,WALL ART CAT AND BIRD,469.73,143,40,4.424
23522,DOG AND BALL WALL ART,425.87999999999994,252,4,2.26
23522,WALL ART DOG AND BALL,301.56,102,28,3.8835714285714285
23523,TREASURE AHOY WALL ART,810.96,264,15,3.574
23523,WALL ART TREASURE AHOY,340.35,90,25,4.1584
23524,HORSE & PONY WALL ART,774.8100000000001,250,16,3.585
23524,WALL ART HORSE & PONY,760.32,225,46,4.593478260869565
23525,BUFFALO BILL WALL ART,830.22,242,15,3.6886666666666668
23525,WALL ART BUFFALO BILL,1011.1,334,37,4.367837837837838
23526,DOG LICENCE WALL ART,2057.8399999999997,404,28,5.737857142857143
23526,WALL ART DOG LICENCE,3939.76,604,114,8.880260869565218
23527,ANIMALS AND NATURE WALL ART,901.47,261,16,3.6925
23527,WALL ART ANIMALS AND NATURE,504.59000000000003,153,31,4.163870967741936
23528,SPACEBOY WALL ART,885.9000000000001,306,13,3.582307692307692
23528,WALL ART SPACEBOY,618.59,173,37,5.19972972972973
23529,DOLLY GIRL WALL ART,1055.94,318,11,3.609090909090909
23529,WALL ART DOLLY GIRL,956.0500000000001,319,26,4.647307692307693
23530,WALL ART ONLY ONE PERSON,4406.57,1050,86,5.5848837209302324
23530,"WALL ART,ONLY ONE PERSON",29.700000000000003,6,1,4.95
23531,WALL ART BIG LOVE,5538.26,976,112,7.661681415929204
23532,WALL ART WORK REST AND PLAY,901.58,210,31,5.301612903225807
23533,WALL ART GARDEN HAVEN,998.64,215,36,6.166944444444445
23534,STOP FOR TEA WALL ART,2554.85,515,40,5.7715000000000005
23534,WALL ART STOP FOR TEA,6036.2,869,219,7.867545454545455
23535,BICYCLE SAFTEY WALL ART,2371.94,458,39,5.782307692307692
23535,WALL ART BICYCLE SAFETY,5948.2,844,172,7.860231213872833
23535,WALL ART BICYCLE SAFTEY,114.14999999999999,21,3,5.75
23536,VILLAGE SHOW WALL ART,2048.62,382,17,5.722941176470588
23536,WALL ART VILLAGE SHOW,1369.71,240,67,7.079253731343284
23537,I LOVE LONDON WALL ART,59.400000000000006,12,2,4.95
23537,WALL ART I LOVE LONDON,521.73,99,32,7.0649999999999995
23538,WALL ART VINTAGE HEART,1329.54,331,32,5.7790625
23539,"WALL ART , LOVES' SECRET",47.6,8,2,5.95
23539,WALL ART LOVES' SECRET,1180.3500000000001,239,39,6.626250000000001
23540,"WALL ART , THE MAGIC FOREST",13.9,2,1,6.95
23540,WALL ART THE MAGIC FOREST,933.16,148,13,8.537692307692309
23541,"WALL ART ,PUDDINGS",44.7,6,1,7.45
23541,WALL ART CLASSIC PUDDINGS,6762.71,864,150,9.736866666666666
23542,70'S ALPHABET WALL ART,1026.6,148,14,7.967142857142857
23542,WALL ART 70'S ALPHABET,2757.06,356,74,10.14864864864865
23543,KEEP CALM WALL ART,2015.97,269,20,7.9465
23543,WALL ART KEEP CALM,4994.79,967,83,8.668470588235294
23544,WALL ART MID CENTURY MODERN,1007.53,163,19,7.484736842105264
23545,WRAP RED DOILEY,159.6,380,16,0.42
23545,WRAP RED VINTAGE DOILY,866,2100,68,0.41884057971014493
23546,WRAP PAISLEY PARK,1365,3250,120,0.42
23547,WRAP FLOWER SHOP,661.5,1575,62,0.42
23548,WRAP MAGIC FOREST,451.5,1075,43,0.42
23549,WRAP BIRD GARDEN,548.1,1305,52,0.42
23550,WRAP ALPHABET POSTER,763.1,1855,64,0.41875
23551,PACK OF 12 PAISLEY PARK TISSUES,839.8399999999999,1840,136,0.5168115942028986
23552,BICYCLE PUNCTURE REPAIR KIT,3881.91,1863,116,2.2640650406504066
23553,LANDMARK FRAME CAMDEN TOWN,6444.65,568,68,13.302205882352942
23554,LANDMARK FRAME OXFORD STREET,4805.53,422,57,13.04701754385965
23555,LANDMARK FRAME NOTTING HILL,4780.57,421,50,12.897450980392156
23556,LANDMARK FRAME COVENT GARDEN,4937.01,436,53,12.61811320754717
23557,LANDMARK FRAME BAKER STREET,3930.27,350,32,13.181875
23558,LANDMARK FRAME LONDON BRIDGE,4703.87,415,52,13.125384615384615
23559,WOODLAND BUNNIES LOLLY MAKERS,1482.41,649,124,2.8688709677419353
23560,SET OF 6 RIBBONS COUNTRY STYLE,499.18,172,26,3.543846153846154
23561,SET OF 6 RIBBONS PARTY,476,170,16,3.40875
23562,SET OF 6 RIBBONS PERFECTLY PRETTY,724.59,251,43,3.2853488372093023
23564,EGG CUP MILKMAID INGRID,841.31,644,76,1.7567105263157894
23565,EGG CUP MILKMAID HELGA,586.31,410,63,1.8453968253968254
23566,EGG CUP MILKMAID HEIDI,1156.93,881,83,1.7697590361445783
23567,EGG CUP HENRIETTA HEN PINK,291.58,211,37,1.823157894736842
23568,EGG CUP HENRIETTA HEN CREAM,787.52,630,48,1.7454166666666666
23569,TRADTIONAL ALPHABET STAMP SET,4717.66,954,192,5.3034693877551025
23570,TRADITIONAL PICK UP STICKS GAME,4931.87,2772,276,1.431118881118881
23571,TRADITIONAL NAUGHTS & CROSSES,6406.91,2841,257,1.8921374045801527
23574,PACKING CHARGE,90,12,12,7.5
23575,SNACK TRAY PAISLEY PARK,367.34999999999997,179,32,2.5823529411764707
23576,SNACK TRAY RED VINTAGE DOILY,400.03999999999996,198,37,2.4010526315789473
23578,SNACK TRAY RED GINGHAM,125.72,60,14,2.4171428571428573
23579,SNACK TRAY I LOVE LONDON,358.75,169,35,2.6265714285714283
23580,SNACK TRAY HAPPY FOREST,234.92,116,25,2.2116
23581,JUMBO BAG PAISLEY PARK,11361.23,4900,336,2.2581632653061225
23582,VINTAGE DOILY JUMBO BAG RED,9985.81,4682,257,2.2169230769230768
23583,LUNCH BAG PAISLEY PARK,5480.83,3375,324,1.8025075528700905
23597,PAPER BUNTING PAISLEY PARK,661.37,243,30,3.194
23598,PAPER BUNTING VINTAGE PARTY,1215.5300000000002,427,47,3.2351063829787234
23601,SET 10 CARDS SNOWY SNOWDROPS  17100,19.92,8,4,2.49
23602,SET 10 CARDS 3 WISE MEN 17107,2.91,1,1,2.91
23603,SET 10 CARD KRAFT REINDEER 17084,49.800000000000004,20,14,2.49
23604,SET 10 MINI SANTA & SNOWMAN  17087,6.64,4,2,1.66
23605,SET 10 CARDS 12 DAYS OF XMAS 17059,11.64,4,1,2.91
23607,SET 10 CARDS HATS & STOCKINGS 17081,13.28,8,7,1.66
23608,SET 10 CARDS RUDOLPHS NOSE 17097,11.64,4,3,2.91
23609,SET 10 CARDS SNOWY ROBIN 17099,2.91,1,1,2.91
23610,SET 10 CARDS CHRISTMAS ROBIN 17095,6.24,3,3,2.08
23611,SET 10 CARDS RED RIDING HOOD 17214,99.60000000000001,40,16,2.49
23612,SET 10 MINICARDS CUTE SNOWMAN 17071,8.299999999999999,5,2,1.66
23613,SET 10 XMAS CARDS & BADGES 17070,27.39,11,6,2.49
23614,SET 10 CARDS 12 DAYS WRAP  17058,86.58,26,11,3.33
23615,SET 10 CARDS PRINTED GRAPHIC 17219,9.96,4,4,2.49
23616,SET 10 CARDS JINGLE BELLS 17217,19.92,8,7,2.49
23617,SET 10 CARDS SWIRLY XMAS TREE 17104,5.82,2,1,2.91
23619,SET 10 CARDS POINSETTIA 17093,9.96,4,2,2.49
23620,SET 10 CARDS PERFECT POST 17090,24.900000000000002,10,7,2.49
23621,SET 10 CARDS DAVID'S MADONNA 17074,14.940000000000001,6,4,2.49
23623,SET 10 CARD CHRISTMAS WELCOME 17112,23.28,8,6,2.91
23624,SET 10 CARD PERFECT NATIVITY 17089,9.96,4,4,2.49
23625,SET 6 CARDS SPARKLY REINDEER 17262,44.910000000000004,9,4,4.99
23626,SET 10 CARDS DINKY TREE 17076,107.07000000000001,43,16,2.49
23627,SET 10 CARDS XMAS GRAPHIC  17218,17.43,7,2,2.49
23628,SET 10 CARDS TRIANGLE ICONS  17220,2.91,1,1,2.91
23629,SET 10 CARDS DRESSING UP 17077,59.760000000000005,24,10,2.49
23630,SET 10 CARDS HANGING BAUBLES 17080,5.48,2,2,2.74
23632,SET 10 CARDS CHEERFUL ROBIN 17065,31.200000000000003,15,10,2.08
23633,SET 10 CARDS WORLD CHILDREN 17067,7.470000000000001,3,3,2.49
23634,SET 10 CARDS XMAS CHOIR 17068,14.55,5,5,2.91
23635,SET 10 CARDS CHRISTMAS HOLLY  17259,12.48,3,3,4.16
23636,SET 10 CARDS WISHING TREE 17116,26.19,9,7,2.91
23637,SET 10 CARDS OUT OF ORDER 17216,27.39,11,9,2.49
23638,SET 10 CARDS ROBIN WATERPUMP  17096,5.82,2,2,2.91
23639,SET 10 CARDS MAGICAL TREE 17086,13.32,4,4,3.33
23640,SET 10 CARDS SCOTTIE DOG 17211,22.410000000000004,9,8,2.49
23643,SET 10 CARDS CHRISTMAS BAUBLE 16954,3.33,1,1,3.33
23644,SET 10 CARDS CHRISTMAS TREE 16955,16.65,5,5,3.33
23645,SET 10 CHRISTMAS CARDS HOHOHO 16956,22.410000000000004,9,4,2.49
23646,SET 10 CARDS JINGLE BELLS 16957,19.92,8,5,2.49
23649,SET 10 CARDS DECK THE HALLS 16960,4.98,2,2,2.49
23650,SET 10 CARDS FILIGREE BAUBLE 16961,9.96,4,4,2.49
23652,SET 10 CARD CHRISTMAS STAMPS 16963,5.82,2,1,2.91
23654,SET 10 CARD SNOWMAN 16965,12.450000000000001,5,4,2.49
23660,HENRIETTA HEN MUG,514.8599999999999,294,41,2.254878048780488
23661,MILK MAIDS MUG,373.78999999999996,207,32,2.251212121212121
23664,FLOWER SHOP DESIGN MUG,1.65,1,1,1.65
23681,LUNCH BAG RED VINTAGE DOILY,2525.04,1576,132,1.8662406015037594
23691,KEEP CALM BIRTHDAY WRAP,21,50,2,0.42
23691,WRAP KEEP CALM BIRTHDAY,460.5,1125,36,0.41833333333333333
23692,WRAP A PRETTY THANK YOU,21,50,2,0.42
23694,PAISLEY PARK CARD,165.07999999999998,376,41,0.5885365853658536
23695,DOILY THANK YOU CARD,313.24,741,57,0.5042105263157894
23697,A PRETTY THANK YOU CARD,194.57999999999998,456,35,0.5208333333333333
23702,High Resolution Image,27,4,3,8.5
35001G,HAND OPEN SHAPE GOLD,677.34,198,30,3.6971875
35001W,HAND OPEN SHAPE DECO.WHITE,270.02000000000004,92,5,3.084
35004B,SET OF 3 BLACK FLYING DUCKS,2879.01,565,110,6.283423423423423
35004C,SET OF 3 COLOURED  FLYING DUCKS,1871.75,391,38,5.239473684210527
35004G,SET OF 3 GOLD FLYING DUCKS,454.65,127,21,5.35
35004P,SET OF 3 PINK FLYING DUCKS,5.45,1,1,5.45
35095A,BLUE VICTORIAN FABRIC OVAL BOX,388.57,925,100,0.6902999999999999
35095B,RED VICTORIAN FABRIC OVAL BOX,352.25,862,98,0.6579591836734694
35241,ENAMEL BLUE RIM BISCUIT BIN,530.49,103,44,5.912272727272727
35265,COLOURFUL FLOWER FRUIT BOWL,52.2,17,12,2.2875
35271S,GOLD PRINT PAPER BAG,3.6100000000000003,19,2,0.19
35400,WOODEN BOX ADVENT CALENDAR,89.5,10,5,8.95
35443,RASTA IN BATH W SPLIFF ASHTRAY,6.8,8,6,0.85
35471D,SET OF 3 BIRD LIGHT PINK FEATHER,979.11,1848,223,0.9135497835497836
35591T,TURQUOISE CHRISTMAS TREE,6.25,5,4,1.25
35597A,DUSTY PINK CHRISTMAS TREE 30CM,1.25,1,1,1.25
35597B,BLACKCHRISTMAS TREE 30CM,1.25,1,1,1.25
35597D,PINK/WHITE CHRISTMAS TREE 30CM,17.48,46,2,0.38
35598A,DUSTY PINK CHRISTMAS TREE 60CM,26.550000000000004,9,2,2.95
35598B,BLACK CHRISTMAS TREE 60CM,460.64000000000004,558,25,1.9308
35598C,WHITE CHRISTMAS TREE 60CM,5.9,2,2,2.95
35598D,PINK/WHITE CHRISTMAS TREE 60CM,493.01000000000005,684,42,1.4949999999999999
35599B,BLACK CHRISTMAS TREE 120CM,551.13,217,27,3.45962962962963
35599D,PINK AND WHITE CHRISTMAS TREE 120CM,553.07,201,34,4.017058823529412
35607A,PINK FLUFFY CHRISTMAS DECORATION,7.82,26,2,0.9099999999999999
35607B,BLACK FEATHER CHRISTMAS DECORATION,18.240000000000002,96,7,0.19
35609A,PINK FEATHER CHRISTMAS DECORATION,2.51,1,1,2.51
35610A,PINK CHRISTMAS FLOCK DROPLET,15.02,10,3,2.09
35610B,BLACK CHRISTMAS FLOCK DROPLET,30,24,1,1.25
35610C,WHITE CHRISTMAS FLOCK DROPLET,32.51,25,2,1.88
35637A,IVORY STRING CURTAIN WITH POLE,440.62,170,28,4.99
35637C,PINK STRING CURTAIN WITH POLE,100.86,30,9,6.212222222222222
35638A,PINK AND BLACK STRING CURTAIN,82.1,38,5,3.55
35638B,PINK/BLUE STRING CURTAIN,128.32999999999998,57,5,5.386
35645,VINTAGE BEAD PINK JEWEL BOX,17,4,3,4.25
35646,VINTAGE BEAD PINK EVENING BAG,937.25,619,94,2.0357291666666666
35647,VINTAGE BEAD PINK SHADE,16.25,13,2,1.25
35648,VINTAGE BEAD PINK PURSE,1046.74,955,127,1.4718461538461538
35649,VINTAGE BEAD COSMETIC BAG,156.85,57,35,2.6994444444444445
35650,VINTAGE BEAD PINK JEWEL STAND,4.95,1,1,4.95
35651,VINTAGE BEAD PINK SCARF,966.04,439,57,2.921551724137931
35653,VINTAGE BEAD NOTEBOOK,433.19,150,52,3.3453846153846154
35809A,ENAMEL PINK TEA CONTAINER,525.39,429,71,2.205277777777778
35809B,ENAMEL BLUE RIM TEA CONTAINER,9.18,8,3,1.6766666666666667
35810A,ENAMEL PINK COFFEE CONTAINER,640.0899999999999,633,75,1.6557894736842105
35810B,ENAMEL BLUE RIM COFFEE CONTAINER,164.13,140,25,1.7312
35815P,"ACRYLIC JEWEL SNOWFLAKE, PINK",63.28000000000001,162,5,0.724
35816P,"ACRYLIC JEWEL ANGEL,PINK",29.64,78,2,0.38
35817P,"ACRYLIC JEWEL SNOWFLAKE,PINK",15.299999999999999,6,1,2.55
35817P,PINK ACRYLIC JEWEL SNOWFLAKE,4.5600000000000005,12,1,0.38
35818B,"ACRYLIC JEWEL ICICLE, BLUE",11.780000000000001,31,3,0.38
35818P,"ACRYLIC JEWEL ICICLE, PINK",105.83,263,19,0.69
35819B,"ACRYLIC HANGING JEWEL,BLUE",106.05,268,24,0.5359259259259259
35819P,"ACRYLIC HANGING JEWEL,PINK",66.55,95,7,0.5042857142857143
35833G,4 GOLD FLOCK CHRISTMAS BALLS,6.72,2,1,3.36
35833P,4 PINK FLOCK CHRISTMAS BALLS,88.47,49,22,2.2954545454545454
35909A,RABBIT EASTER DECORATION,23.6,8,3,2.95
35909B,PINK FLOWERS RABBIT EASTER,23.6,8,2,2.95
35910A,MULTICOLOUR EASTER RABBIT,39,20,4,1.95
35910B,PINK FLOWERS RABBIT EASTER,25.349999999999998,13,3,1.95
35911A,MULTICOLOUR RABBIT EGG WARMER,292.07,319,70,0.973
35911B,PINK/FLOWER RABBIT EGG WARMER,100.76,119,15,1.142
35912B,WHITE/PINK CHICK DECORATION,301.26,252,20,1.685
35913B,WHITE/PINK CHICK EASTER DECORATION,35.48,36,10,1.094
35914,PINK CHICK EGG WARMER + EGG CUP,218.81,195,40,1.111
35915B,BLUE KNITTED HEN,257.21999999999997,220,50,1.0595999999999999
35915C,PEACH KNITTED HEN,316.46,315,60,1.0498333333333334
35916A,YELLOW FELT HANGING HEART W FLOWER,67.39,87,29,0.7927586206896552
35916B,BLUE FELT HANGING HEART W FLOWER,26.11,16,2,1.645
35916B,BLUE FELT HANGING HEART WITH FLOWER,50.57,75,30,0.704
35916C,PINK FELT HANGING HEART W FLOWER,107.72,106,20,0.888
35920,FOUR RABBIT EASTER DECORATIONS,104.84,72,15,1.992
35921,EASTER BUNNY HANGING GARLAND,133.23,68,23,3.0243478260869563
35922,EASTER BUNNY WREATH,138.6,28,10,4.95
35923,CANDY HEART HANGING DECORATION,690.52,1318,62,0.7807936507936508
35924,HANGING FAIRY CAKE DECORATION,1240.94,676,72,2.557808219178082
35933,PINK STOCKING CHRISTMAS DECORATION,92.21,226,19,0.6473684210526316
35953,FOLKART STAR CHRISTMAS DECORATIONS,1603.6699999999998,3557,130,0.5833834586466166
35954,SMALL FOLKART STAR CHRISTMAS DEC,350.48,1245,54,0.8609090909090908
35957,SMALLFOLKART BAUBLE CHRISTMAS DEC,343.57,592,40,1.4617499999999999
35958,FOLKART ZINC STAR CHRISTMAS DEC,10.2,12,3,0.85
35961,FOLKART ZINC HEART CHRISTMAS DEC,2629.81,2986,244,1.1341129032258064
35964,FOLKART CLIP ON STARS,404.08,783,100,0.8463366336633663
35965,FOLKART HEART NAPKIN RINGS,532.17,342,68,2.413970588235294
35966,FOLKART CHRISTMAS TREE T-LIGHT HOLD,10.260000000000002,27,2,0.38
35967,FOLK ART METAL STAR T-LIGHT HOLDER,252.33,485,67,0.7286567164179104
35968,FOLK ART METAL HEART T-LIGHT HOLDER,82.1,163,19,0.4363157894736842
35970,ZINC FOLKART SLEIGH BELLS,9424.85,4998,453,2.421147186147186
35971,ROSE FOLKART HEART DECORATIONS,600.93,462,88,1.8164835164835165
35972,DAISY FOLKART HEART DECORATION,120,96,16,1.25
37327,ASSTD MULTICOLOUR CIRCLES MUG,840.08,1578,81,1.6527710843373493
37330,BIG POLKADOT MUG,2.34,6,1,0.39
37333,"RETRO ""TEA FOR ONE""",120.99,21,17,5.608823529411764
37340,MULTICOLOUR SPRING FLOWER MUG,1695.86,2544,135,2.6641176470588235
37342,POLKADOT COFFEE CUP & SAUCER PINK,1468.6100000000001,1546,108,1.561834862385321
37343,POLKADOT MUG PINK,123.29999999999998,72,13,2.210769230769231
37351,ORANGE FLOWER MUG,9.06,10,2,0.8200000000000001
37370,RETRO COFFEE MUGS ASSORTED,3839.01,2567,159,5.427469135802469
37379A,PINK CHERRY BLOSSOM CUP & SAUCER,7.5,6,1,1.25
37413,ICON MUG REVOLUTIONARY,284.49,703,81,0.41072289156626507
37423,WHITE WITH BLACK CATS PLATE,33.18,78,3,0.5433333333333333
37444A,YELLOW BREAKFAST CUP AND SAUCER,66.35000000000001,53,18,2.0366666666666666
37444B,BLUE BREAKFAST CUP AND SAUCER,11.8,4,3,2.95
37444C,PINK BREAKFAST CUP AND SAUCER,42.27,21,9,2.47
37446,MINI CAKE STAND WITH HANGING CAKES,1976.09,1354,183,1.7795212765957447
37447,CERAMIC CAKE DESIGN SPOTTED PLATE,1313.28,820,115,2.1011304347826085
37448,CERAMIC CAKE DESIGN SPOTTED MUG,2170.87,1427,185,1.7995744680851065
37449,CERAMIC CAKE STAND + HANGING CAKES,5017.79,553,146,9.904109589041095
37450,CERAMIC CAKE BOWL + HANGING CAKES,2117.54,714,134,3.6647058823529415
37461,FUNKY MONKEY MUG,1.25,1,1,1.25
37462E,"PET MUG, GOLDFISH",13.1,36,12,0.6383333333333333
37464,ROBOT MUG IN DISPLAY BOX,3.75,3,2,1.25
37467,PIG MUG IN TWO COLOUR DESIGNS,130.26999999999998,159,17,1.4352941176470588
37468,HARDMAN MUG 3 ASSORTED,32.03,64,13,0.9338461538461539
37471,MULTICOLOUR POLKADOT PLATE,30.43,29,3,2.7766666666666664
37474,SET/4 2 TONE EGG SHAPE MIXING BOWLS,9.95,1,1,9.95
37475,SET/4 COLOURFUL MIXING BOWLS,661.9799999999999,70,43,9.826279069767441
37476,CONDIMENT TRAY 4 BOWLS AND 4 SPOONS,399.02,37,26,11.486666666666666
37479B,CUBIC MUG FLOCK BLUE ON BROWN,78.09,131,21,1.5728571428571427
37479P,CUBIC MUG FLOCK PINK ON BROWN,142.23,163,32,2.233636363636364
37482P,CUBIC MUG PINK POLKADOT,349.35,494,47,2.746875
37487B,YELLOW/ORANGE FLOWER DESIGN PLATE,19.72,68,2,0.29
37488A,YELLOW PINK FLOWER DESIGN BIG BOWL,10.92,28,3,0.39
37489A,YELLOW/PINK FLOWER DESIGN BIG MUG,14.43,33,14,0.494
37489B,BLUE/YELLOW FLOWER DESIGN BIG MUG,16.77,31,12,0.65
37489C,GREEN/BLUE FLOWER DESIGN BIG MUG,13.65,23,8,0.78
37489D,PINK/GREEN FLOWER DESIGN BIG MUG,17.16,40,16,0.48176470588235293
37491A,YELLOW/PINK CERAMIC CANDLE HOLDER,19.81,6,4,3.3075
37491B,BLUE/YELLOW CERAMIC CANDLE HOLDER,6.6,4,1,1.65
37491C,GREEN/BLUE CERAMIC CANDLE HOLDER,13.2,8,1,1.65
37491D,PURPLE/BLUE CERAMIC CANDLE HOLDER,9.879999999999999,4,2,2.4699999999999998
37495,FAIRY CAKE BIRTHDAY CANDLE SET,1472.24,400,84,4.042023809523809
37500,TEA TIME TEAPOT IN GIFT BOX,2345.78,378,111,7.207117117117117
37501,TEA TIME TEA SET IN GIFT BOX,906.83,133,49,6.676530612244898
37509,NEW ENGLAND MUG W GIFT BOX,5.1,2,2,2.55
40001,WHITE BAMBOO RIBS LAMPSHADE,675.2299999999999,821,56,1.084642857142857
40003,WHITE BAMBOO RIBS LAMPSHADE,179.23,155,15,1.638
40005B,BLUE ORGANDY ROUND LAMPSHADE W BEA,10.2,12,4,0.85
40016,CHINESE DRAGON PAPER LANTERNS,2136.34,5556,97,2.279278350515464
40046A,RED DAISY PAPER LAMPSHADE,62.5,50,6,1.25
44089A,PINK GAUZE BUTTERFLY LAMPSHADE,6.3,15,4,0.42
44089C,LILAC GAUZE BUTTERFLY LAMPSHADE,10.08,24,6,0.42
44091A,BLUE CRUSOE CHECK LAMPSHADE,3.78,9,3,0.42
44092B,BLUE WHITE PLASTIC RINGS LAMPSHADE,11.899999999999999,14,5,0.85
44092C,PURPLE/COPPER HANGING LAMPSHADE,17,20,8,0.85
44228,CANNABIS LEAF BEAD CURTAIN,30.599999999999998,36,2,0.85
44234,ASSORTED CIRCULAR MOBILE,154.76999999999998,693,33,0.4285294117647059
44235,ASS COL CIRCLE MOBILE,173.15999999999997,474,6,0.4114285714285714
44235,ASSORTED COLOURED CIRCLE MOBILE,26.88,64,7,0.42
44236,PINK/PURPLE CIRCLE CURTAIN,56.52,52,6,1.3414285714285714
44242A,LILAC FEATHERS CURTAIN,9.48,12,1,0.79
44242B,PINK FEATHERS CURTAIN,50.28,52,3,0.9433333333333334
44265,M/COLOUR POM-POM CURTAIN,8.5,2,1,4.25
45013,FOLDING SHOE TIDY,8.850000000000001,3,2,2.95
46000M,POLYESTER FILLER PAD 45x45cm,1581,1020,136,1.55
46000P,POLYESTER FILLER PAD 65CMx65CM,76.5,18,6,4.25
46000R,POLYESTER FILLER PAD 45x30cm,149.35,103,38,1.45
46000S,POLYESTER FILLER PAD 40x40cm,2192.4,1512,182,1.45
46000U,POLYESTER FILLER PAD 30CMx30CM,133.75,107,26,1.25
46115B,GREEN POP ART MAO CUSHION COVER,2.2800000000000002,12,2,0.19
46118,FUNKY MONKEY CUSHION COVER,317.16999999999996,232,46,2.8076086956521737
46126A,ELVIS WALLHANGING / CURTAIN,69.84,52,8,1.5525
46138B,BLUE CHENILLE SHAGGY CUSHION COVER,34.65,33,11,1.05
46775D,SUNSET COLOUR CHUNKY KNITTED THROW,720.93,60,39,11.514871794871794
46776A,WOVEN BUBBLE GUM CUSHION COVER,672.6,160,71,4.202676056338028
46776B,WOVEN BERRIES CUSHION COVER,683.8,162,89,4.210898876404494
46776C,WOVEN FROST CUSHION COVER,492.79,117,59,4.221525423728814
46776D,WOVEN SUNSET CUSHION COVER,378.29,89,37,4.200810810810811
46776E,WOVEN CANDY CUSHION COVER,292.56,68,39,4.2412820512820515
46776F,WOVEN ROSE GARDEN CUSHION COVER,912.03,217,90,4.205555555555556
47013A,WINE BOTTLE DRESSING LT.BLUE,3.0399999999999996,14,4,0.205
47013C,WINE BOTTLE DRESSING DARK BLUE,11.53,40,11,0.45818181818181813
47016,LIGHT DECORATION BATTERY OPERATED,4.2,2,1,2.1
47021G,SET/6 BEAD COASTERS GAUZE BAG GOLD,309.3,582,27,1.9044444444444444
47310M,SMALL POP BOX FUNKY MONKEY,353.98,258,87,1.559090909090909
47310M,"SMALL POP BOX,FUNKY MONKEY",216.47,152,34,1.5923529411764705
47341A,FUSCHIA TABLE RUN FLOWER,38.75,27,5,1.75
47341B,BLUE TABLE RUN FLOWER,56.25,45,11,1.25
47343A,FUSCHIA FLOWER PURSE WITH BEADS,145.17,159,14,0.9714285714285714
47344B,BLUE FLOWER DES PURSE,43.66,44,6,0.97
47348A,FUSCHIA VOILE POINTY SHOE DEC,50.309999999999995,97,15,0.702
47351B,BLUE  VOILE LAMPSHADE,112.10000000000001,38,8,2.95
47367B,PAIR PADDED HANGERS PINK CHECK,376.27000000000004,112,43,3.3988372093023256
47369A,PINK GREEN EMBROIDERY COSMETIC BAG,93.19,33,20,2.93
47369B,BLUE GREEN EMBROIDERY COSMETIC BAG,97.13,35,22,3.2627272727272727
47420,ASSORTED COLOUR SUCTION CUP HOOK,37.24,196,13,0.19
47421,ASSORTED COLOUR LIZARD SUCTION HOOK,393,994,55,0.4160655737704918
47422,ASSORTED MONKEY SUCTION CUP HOOK,245.76,616,44,0.41617021276595745
47469,ASSORTED SHAPES PHOTO CLIP SILVER,223.01,445,12,0.6346666666666667
47471,RAINBOW PEGS PHOTO CLIP STRING,189.88,290,39,0.9984615384615385
47480,HANGING PHOTO CLIP ROPE LADDER,1274.1699999999998,746,86,2.424186046511628
47481,50CM METAL STRING WITH  7 CLIPS,171.79,225,23,1.0608695652173914
47503A,ASS FLORAL PRINT MULTI SCREWDRIVER,1229.04,2698,161,0.503855421686747
47503H,ASS FLORAL PRINT SPIRIT LEVEL,110.86,100,37,1.4995
47503J,SET/3 FLORAL GARDEN TOOLS IN BAG,23.85,3,2,7.95
47504H,ENGLISH ROSE SPIRIT LEVEL,964.38,978,118,1.7283898305084746
47504K,ENGLISH ROSE GARDEN SECATEURS,2039.18,2006,211,1.5591162790697675
47518F,ICON PLACEMAT POP ART ELVIS,134.37,832,33,0.7481818181818182
47556B,TEA TIME TEA TOWELS,6045,2600,2,2.325
47559B,TEA TIME OVEN GLOVE,2890.05,2150,313,1.6238095238095238
47563A,RETRO LONGBOARD IRONING BOARD COVER,551.51,285,105,2.5837142857142856
47566,PARTY BUNTING,98570.28,18082,1674,5.804401658767772
47566B,TEA TIME PARTY BUNTING,12724.07,2525,465,6.168497854077253
47567B,TEA TIME KITCHEN APRON,3384.7500000000005,597,131,6.346439393939394
47570B,TEA TIME TABLE CLOTH,1769.25,187,33,12.030000000000001
47574A,ENGLISH ROSE SCENTED HANGING FLOWER,665.2,548,114,1.8998260869565218
47574B,ENGLISH ROSE SCENTED HANGING HEART,17,4,2,4.25
47578A,ENGLISH ROSE SMALL SCENTED FLOWER,197.43,213,45,1.1552173913043478
47579,TEA TIME BREAKFAST BASKET,2.1,1,1,2.1
47580,TEA TIME DES TEA COSY,1101.4199999999998,382,109,3.3099082568807336
47585A,PINK FAIRY CAKE CUSHION COVER,1129.44,264,83,4.85421686746988
47586A,PINK FAIRY CAKE CUSHION COVER,53.55,21,8,2.55
47589,CONGRATULATIONS BUNTING,70.85000000000001,13,3,5.45
47590A,BLUE HAPPY BIRTHDAY BUNTING,10475.400000000001,1987,389,5.865784061696658
47590B,PINK HAPPY BIRTHDAY BUNTING,12163.250000000002,2332,401,5.934800995024876
47591B,SCOTTIES CHILDRENS APRON,348.91999999999996,210,57,1.6921052631578946
47591D,PINK FAIRY CAKE CHILDRENS APRON,6724.69,3341,495,2.47589898989899
47593A,CAROUSEL PONIES BABY BIB,14.37,33,12,0.5853846153846154
47593B,SCOTTIE DOGS BABY BIB,951.1099999999999,1993,246,0.6983870967741935
47594A,CAROUSEL DESIGN WASHBAG,197.89,107,49,1.9118367346938774
47594B,SCOTTIES DESIGN WASHBAG,310.65,168,54,1.901111111111111
47599A,PINK PARTY BAGS,4636.9,2450,164,2.281686746987952
47599B,BLUE PARTY BAGS,2822.32,1480,118,2.182372881355932
48111,DOORMAT 3 SMILEY CATS,7692.58,1170,232,9.620429184549357
48116,DOORMAT MULTICOLOUR STRIPE,9064.78,1489,200,9.67675
48129,DOORMAT TOPIARY,5918.19,891,202,8.790935960591133
48138,DOORMAT UNION FLAG,25469.35,3743,613,8.89539837398374
48173C,DOORMAT BLACK FLOCK,10245.66,1813,194,8.513092783505154
48184,DOORMAT ENGLISH ROSE,14252.45,2029,404,8.645198019801981
48185,DOORMAT FAIRY CAKE,19318.01,2941,362,10.141790633608815
48187,DOORMAT NEW ENGLAND,24092.49,3805,599,8.465574043261231
48188,DOORMAT WELCOME PUPPIES,12091.12,2062,286,8.822307692307692
48189,DOORMAT FRIENDSHIP,451.10999999999996,27,17,16.71235294117647
48194,DOORMAT HEARTS,22098.52,3414,591,9.25018581081081
51008,AFGHAN SLIPPER SOCK PAIR,1690.55,519,22,3.4272727272727272
51014A,"FEATHER PEN,HOT PINK",1938.86,3770,238,0.6585294117647059
51014C,"FEATHER PEN,COAL BLACK",1401.8799999999999,2676,174,0.7238857142857142
51014L,"FEATHER PEN,LIGHT PINK",1003.26,1975,147,0.6535135135135135
51020A,SUMMER FUN DESIGN SHOWER CAP,116.32999999999998,325,18,0.5566666666666666
51020B,STRIPY DESIGN SHOWER CAP,70.57,197,15,0.6739999999999999
62018,SOMBRERO,5716.85,4415,61,1.812295081967213
62043B,BLUE CHECK BAG W HANDLE 34X20CM,14.11,17,5,0.83
62074B,ELEPHANT CLIP W SUCTION CUP,6.72,16,4,0.42
62086A,PINK RETRO BIG FLOWER BAG,171.6,88,14,1.95
62094B,TURQ ICE CREAM BUM BAG,63.209999999999994,19,8,4.08125
62096A,PINK/YELLOW FLOWERS HANDBAG,132.5,106,8,1.25
62096B,PURPLE/TURQ FLOWERS HANDBAG,2.5,2,1,1.25
62097B,BLUE STRIPES SHOULDER BAG,7.469999999999999,9,3,0.83
70006,LOVE HEART POCKET WARMER,1863.98,2702,120,1.720245901639344
70007,HI TEC ALPINE HAND WARMER,936.56,829,106,2.128785046728972
71038,WHITE HANGING BEADS CANDLE HOLDER,1217.7,234,47,5.3989361702127665
71050,SMALL SINGLE FLAME CANDLE HOLDER,11.549999999999999,33,6,0.35
71053,WHITE METAL LANTERN,7989.0199999999995,1862,304,4.6781672025723475
71053,WHITE MOROCCAN METAL LANTERN,381.54999999999995,69,26,6.704615384615384
71101E,STANDING FAIRY POLE SUPPORT,278.5,346,22,0.8322727272727273
71143,ANTIQUE SILVER BOOK MARK WITH BEADS,14.11,17,3,0.83
71143,SILVER BOOK MARK WITH BEADS,182.25,161,34,1.7126470588235294
71215,METAL BASE FOR CANDLES,4.62,11,2,0.42
71270,PHOTO CLIP LINE,334.98,236,49,1.7107999999999999
71279,PINK GLASS CANDLEHOLDER,558.37,175,38,3.677179487179487
71403,"PINK/WHITE ""KEEP CLEAN"" BULLET BIN",283.96000000000004,76,33,4.502727272727273
71406C,BLACK ORANGE SQUEEZER,57.96,138,21,0.42
71459,HANGING JAM JAR T-LIGHT HOLDER,8489.44,10708,346,0.9106051873198847
71459,HANGING JAM JAR T-LIGHT HOLDERS,2298.0499999999997,2813,92,1.0443478260869565
71477,COLOUR GLASS. STAR T-LIGHT HOLDER,17066.45,5735,263,3.9346037735849055
71477,COLOURED GLASS STAR T-LIGHT HOLDER,3502,988,52,4.504038461538461
71495A,CD WALL TIDY BLUE OFFICE,40.38,103,8,0.71375
71495B,CD WALL TIDY RED FLOWERS,61.050000000000004,163,8,0.55125
71496A,A4 WALL TIDY BLUE OFFICE,80.96000000000001,127,12,1.0875
71496B,A4 WALL TIDY RED FLOWERS,7.37,13,4,0.56
71510,SQUARE METAL CANDLEHOLDER BASE,36.519999999999996,52,8,0.8099999999999999
72024U,LILAC VOTIVE CANDLE,15.120000000000001,72,3,0.21
72051S,BAG OF SILVER STONES,89.53,130,13,0.6746153846153846
72122,COFFEE SCENT PILLAR CANDLE,335.78999999999996,324,61,1.1914516129032258
72127,COLUMBIAN CANDLE ROUND,210.61,169,30,1.284516129032258
72128,COLUMBIAN CANDLE ROUND,152.04999999999998,193,36,0.9033333333333333
72130,COLUMBIAN CANDLE ROUND,133.34,219,27,0.7432142857142857
72131,COLUMBIAN CANDLE RECTANGLE,236.39999999999998,136,18,1.9
72132,COLUMBIAN CUBE CANDLE,54.599999999999994,28,12,1.95
72133,COLUMBIAN CANDLE RECTANGLE,63.51,45,16,1.463529411764706
72134,COLUMBIAN  CUBE CANDLE,58.62,105,11,0.9872727272727272
72140E,BEST DAD CANDLE LETTERS,26.349999999999998,31,8,0.85
72225C,LAVENDER SCENT CAKE CANDLE,165.6,624,17,0.28058823529411764
72232,FENG SHUI PILLAR CANDLE,630.23,3317,65,0.19
72349B,SET/6 PURPLE BUTTERFLY T-LIGHTS,2145.2,888,196,3.165656565656566
72351A,SET/6 TURQUOISE BUTTERFLY T-LIGHTS,2561.02,1279,165,2.426547619047619
72351B,SET/6 PINK  BUTTERFLY T-LIGHTS,4005.75,2095,185,2.3856451612903227
72369A,PINK CLEAR GLASS CANDLE PLATE,39.92,30,5,1.6533333333333333
72586,SET OF 6 HALLOWEEN GHOST T-LIGHTS,302.71,655,82,0.6514634146341464
72598,SET/12 TAPER CANDLES,605.89,607,93,1.2690526315789472
72709,IVORY SCULPTED RND CANDLE,37.4,44,7,0.85
72741,GRAND CHOCOLATECANDLE,8196,5958,292,1.5990443686006826
72760B,VINTAGE CREAM 3 BASKET CAKE STAND,4145.389999999999,409,153,11.102941176470587
72780,BLACK SILOUETTE CANDLE PLATE,116.44999999999999,137,20,0.85
72783,BLACK SIL'T SQU CANDLE PLATE,33.6,16,2,2.1
72798C,SET/4 GARDEN ROSE DINNER CANDLE,11.549999999999999,7,3,1.65
72799C,PINK PILLAR CANDLE SILVER FLOCK,129.47,81,19,2.4173684210526316
72799E,IVORY PILLAR CANDLE SILVER FLOCK,916.9900000000001,451,76,2.8266233766233766
72799F,IVORY PILLAR CANDLE GOLD FLOCK,421.13000000000005,144,30,3.0366666666666666
72800B,4 PURPLE FLOCK DINNER CANDLES,285.7,142,38,2.45051282051282
72800C,4 PINK DINNER CANDLE SILVER FLOCK,259.71999999999997,130,35,2.642857142857143
72800D,4 BLUE DINNER CANDLES SILVER FLOCK,226.67,87,31,2.7054838709677416
72800E,4 IVORY DINNER CANDLES SILVER FLOCK,1205.64,538,136,2.5973381294964026
72801C,4 ROSE PINK DINNER CANDLES,276.59,184,44,2.071818181818182
72801D,4 SKY BLUE DINNER CANDLES,297.91,150,62,2.209516129032258
72801G,4 BURGUNDY WINE DINNER CANDLES,57.46,45,13,1.343076923076923
72802A,ROSE SCENT CANDLE IN JEWELLED BOX,1383.69,329,64,4.866
72802B,OCEAN SCENT CANDLE IN JEWELLED BOX,1339.74,576,78,4.30025641025641
72802C,VANILLA SCENT CANDLE JEWELLED BOX,2120.48,892,103,4.666380952380952
72803A,ROSE SCENT CANDLE JEWELLED DRAWER,722.47,529,41,4.261463414634147
72803B,OCEAN SCENT CANDLE JEWELLED DRAWER,8.47,1,1,8.47
72807A,SET/3 ROSE CANDLE IN JEWELLED BOX,1894.89,397,111,5.847857142857142
72807B,SET/3 OCEAN SCENT CANDLE JEWEL BOX,1855.37,399,114,5.47
72807C,SET/3 VANILLA SCENTED CANDLE IN BOX,2712.3,602,160,5.407875
72811,SMALL ZINC/GLASS CANDLEHOLDER,78.92999999999999,53,8,1.8175
72812,LARGE ZINC GLASS CANDLEHOLDER,116.06,34,11,3.7609090909090908
72815,3 WICK CHRISTMAS BRIAR CANDLE,15.97,3,2,6.11
72816,SET/3 CHRISTMAS DECOUPAGE CANDLES,975.3199999999999,868,68,1.9410294117647058
72817,SET OF 2 CHRISTMAS DECOUPAGE CANDLE,1202.27,1188,160,1.2375925925925926
72818,CHRISTMAS DECOUPAGE CANDLE,796.0600000000001,1809,75,0.7702597402597402
72819,CUPID DESIGN SCENTED CANDLES,509.07,225,43,2.9211627906976743
72821,CUPID SCENTED CANDLE IN GLASS,18.15,11,4,1.65
75011,BLUE DAISY MOBILE,138.76,172,12,0.8
75013B,"STRING OF 8 BUTTERFLIES,PINK",41.24999999999999,25,6,1.65
75049L,LARGE CIRCULAR MIRROR MOBILE,6812.98,7102,205,1.6756937799043061
75131,METAL TUBE CHIME ON BAMBOO,529.21,490,15,1.8033333333333332
75172,PAINTED SEA SHELL METAL WINDCHIME,85.31,93,8,1.53
75178,ASSTD COL BUTTERFLY/CRYSTAL W/CHIME,218.87,459,13,1.3415384615384616
77079,DOLPHIN WINDMILL,2.12,1,1,2.12
77101A,UNION FLAG WINDSOCK,426.94000000000005,387,22,1.345
78033,FLAG OF ST GEORGE CHAIR,173.4,36,7,5.464285714285714
78034B,BLUE NETTING STORAGE HANGER,15.6,8,6,1.95
78124,MAGAZINE RACK GEBRA ASSORTED,256.5,198,18,1.3333333333333333
79000,MOROCCAN TEA GLASS,3357.34,4162,125,1.01512
79026B,"S/4 ICON COASTER,ELVIS LIVES",10.61,25,9,0.4855555555555556
79030D,TUMBLER BAROQUE,266.19,525,40,0.9255
79030D,"TUMBLER, BAROQUE",84.03999999999999,56,7,4.595714285714286
79030G,TUMBLER NEW ENGLAND,551.1899999999999,1261,53,1.408867924528302
79030G,"TUMBLER, NEW ENGLAND",182.29999999999998,142,14,3.6435714285714287
79051A,SMOKEY GREY COLOUR D.O.F. GLASS,204.79,587,26,0.3522222222222222
79051A,SMOKEY GREY COLOUR GLASS,84.75999999999999,236,15,0.426
79062D,"RETRO TIN ASHTRAY,REVOLUTIONARY",19.4,52,4,0.38
79063C,"RETRO PILL BOX KEY CHAIN,THE KING",43.65,235,14,0.18928571428571428
79063D,"RETRO PILL BOX , REVOLUTIONARY",35.14,189,11,0.21
79066K,RETRO MOD TRAY,716.26,799,155,1.115741935483871
79067,CORONA MEXICAN TRAY,719.69,172,38,5.865263157894737
79071B,ENGLISH ROSE METAL WASTE BIN,59,20,11,2.95
79144B,PAINTED LIGHTBULB STAR+ MOON,103.22999999999999,180,53,0.7132075471698113
79144C,PAINTED LIGHTBULB RAINBOW DESIGN,98.11999999999999,152,51,0.7815686274509803
79149B,SILICON STAR BULB  BLUE,7.5600000000000005,18,8,0.42
79151B,"SILICON CUBE 25W, BLUE",4.62,11,2,0.42
79157B,UBO-LIGHT TRIOBASE BLUE,3.4,4,2,0.85
79157V,UBO-LIGHT TRIOBASE PURPLE,4.25,5,3,0.85
79160,HEART SHAPE WIRELESS DOORBELL,789.53,441,47,2.0828
79161A,ST GEORGE SET OF 10 PARTY LIGHTS,5.9,2,2,2.95
79163,BLACK CHAMPAGNE GLASS,626.55,1529,35,0.498
79164,BLACK WINE GLASS,697.62,1666,19,0.642
79190A,RETRO PLASTIC 70'S TRAY,179.35999999999999,384,63,0.6090476190476191
79190B,RETRO PLASTIC POLKA TRAY,282.06,692,56,0.5803571428571428
79190D,RETRO PLASTIC DAISY TRAY,126.97999999999999,265,47,0.6136170212765957
79191B,RETRO PLASTIC POLKA TRAY,128.1,147,29,0.9317241379310345
79191C,RETRO PLASTIC ELEPHANT TRAY,679.0799999999999,948,53,0.8333962264150944
79191D,RETRO PLASTIC DAISY TRAY,27.409999999999997,23,15,1.3219999999999998
79192A,RETRO PLASTIC 70'S TRAY,3.75,3,2,1.25
79302M,"ART LIGHTS,FUNK MONKEY",1037.54,370,62,3.553809523809524
79321,CHILLI LIGHTS,53761.61,10225,658,6.802379518072289
79323B,BLACK CHERRY LIGHTS,54,8,1,6.75
79329,PINK FLOCK GLASS CANDLEHOLDER,12.18,12,2,1.015
79331,PINK FLOCK GLASS CANDLEHOLDER,17.5,26,3,0.8033333333333333
79336,LIGHT PINK FLOCK GLASS CANDLEHOLDER,13.680000000000001,36,3,0.38
79337,BLUE FLOCK GLASS CANDLEHOLDER,259.96,644,10,0.634
79403,FROSTED WHITE BASE,85.52,95,15,1.062
79406,FROSTED WHITE BASE,34.12,144,8,0.3725
81950B,FLOWER BLUE CLOCK WITH SUCKER,33.64,116,8,0.29
81950V,FLOWER PURPLE CLOCK W/SUCKER,4.25,5,3,0.85
81950V,FLOWER PURPLE CLOCK WITH SUCKER,4.35,15,3,0.29
81952B,ROUND BLUE CLOCK WITH SUCKER,38,200,9,0.19
81952V,ROUND PURPLE CLOCK WITH SUCKER,69.35,365,24,0.19
81953B,ROUND BLUE CLOCK WITH SUCKER,2.09,11,3,0.19
81953P,ROUND ARTICULATED PINK CLOCK W/SUCK,5.32,28,3,0.19
82001S,SILVER RECORD COVER FRAME,1649.64,365,41,6.041219512195122
82001S,VINYL RECORD FRAME SILVER,4995.69,1335,112,4.571592920353982
82011A,"BATHROOM SCALES, TROPICAL BEACH",67.5,18,12,3.75
82011B,BATHROOM SCALES RUBBER DUCKS,146.85,43,21,3.6738095238095236
82011C,BATHROOM SCALES FOOTPRINTS IN SAND,172.05,51,20,3.67
82095,HEART BUTTONS JEWELLERY BOX,356.11,68,30,5.318666666666667
82482,WOODEN PICTURE FRAME WHITE FINISH,22530.11,8773,1093,3.1069972702456776
82483,WOOD 2 DRAWER CABINET WHITE FINISH,14515.92,2286,530,6.965515947467167
82484,WOOD BLACK BOARD ANT WHITE FINISH,35938.12,6008,683,8.444172767203513
82486,3 DRAWER ANTIQUE WHITE WOOD CABINET,6146.64,696,199,9.306616915422884
82486,WOOD S/3 CABINET ANT WHITE FINISH,11741.83,1385,395,9.047581863979849
82494L,WOODEN FRAME ANTIQUE WHITE,20949.49,6663,963,3.5847319587628865
82551,LAUNDRY 15C METAL SIGN,4542.889999999999,2918,351,1.7629745042492917
82552,WASHROOM METAL SIGN,4674.83,3012,364,1.657445652173913
82567,"AIRLINE LOUNGE,METAL SIGN",1408.07,711,291,2.007216494845361
82578,KITCHEN METAL SIGN,1211.25,2046,304,0.7537581699346405
82580,BATHROOM METAL SIGN,3346.76,5592,627,0.8326349206349206
82581,TOILET METAL SIGN,2148.7400000000002,3870,403,0.7296782178217822
82582,AREA PATROLLED METAL SIGN,8856.69,4364,436,2.39662100456621
82583,HOT BATHS METAL SIGN,16895.86,7234,608,2.957209677419355
82599,FANNY'S REST STOPMETAL SIGN,1217.73,508,141,2.8935664335664337
82600,N0 SINGING METAL SIGN,2639.42,1225,49,2.6736734693877553
82600,NO SINGING METAL SIGN,10193.76,4788,496,2.53742
82605,OLD DOC RUSSEL METAL SIGN,29.400000000000002,14,3,2.1
82613A,"METAL SIGN,CUPCAKE SINGLE HOOK",94.84,72,19,1.5047368421052632
82613B,"METAL SIGN,CUPCAKE SINGLE HOOK",510.18,587,115,1.5279130434782608
82613C,"METAL SIGN,CUPCAKE SINGLE HOOK",455.78,542,100,1.4877
82613D,METAL SIGN CUPCAKE SINGLE HOOK,534.24,696,111,1.369099099099099
82615,PINK MARSHMALLOW SCARF KNITTING KIT,91.8,36,1,2.55
82616B,FRAPPUCINO SCARF KNITTING KIT,502.74,343,73,1.9437333333333333
82616C,MIDNIGHT GLAMOUR SCARF KNITTING KIT,501.44,324,85,1.9223529411764706
84006,MAGIC TREE -PAPER FLOWERS,848.6999999999999,918,105,1.0551428571428572
84012,MAGIC SHEEP WOOL GROWING FROM PAPER,1181.99,1145,114,1.246
84016,FLAG OF ST GEORGE CAR FLAG,12.16,27,2,0.625
84029E,RED WOOLLY HOTTIE WHITE HEART.,21781.73,4670,426,5.137080459770115
84029G,KNITTED UNION FLAG HOT WATER BOTTLE,16114.04,3311,458,5.205763440860215
84030E,ENGLISH ROSE HOT WATER BOTTLE,7292.45,1605,375,5.359421052631579
84031A,CHARLIE+LOLA RED HOT WATER BOTTLE,1976.54,431,165,4.596385542168675
84031B,CHARLIE LOLA BLUE HOT WATER BOTTLE,1452.35,304,143,4.687123287671233
84032A,CHARLIE+LOLA PINK HOT WATER BOTTLE,3314.1800000000003,979,312,3.4991693290734824
84032B,CHARLIE + LOLA RED HOT WATER BOTTLE,2350.79,912,254,3.1219140625
84033,FLAG OF ST GEORGE,37.949999999999996,23,7,1.65
84050,PINK HEART SHAPE EGG FRYING PAN,4733.73,3217,255,2.167364341085271
84051,ASS COLOUR GLOWING TIARAS,215.21,281,25,0.8719230769230769
84077,WORLD WAR 2 GLIDERS ASSTD DESIGNS,13772.249999999998,54807,532,0.32090056285178237
84078A,SET/4 WHITE RETRO STORAGE CUBES,15324.75,386,149,45.512080536912755
84086B,YELLOW/BLUE RETRO RADIO,47.2,16,7,2.95
84086C,PINK/PURPLE RETRO RADIO,622.27,218,53,2.970566037735849
84192,ASSORTED COLOUR METAL CAT,138.75,111,25,1.25
84199,GLOW IN DARK DOLPHINS,28.98,138,31,0.21
84201B,HAPPY BIRTHDAY CARD STRIPEY TEDDY,2.47,13,2,0.19
84201C,HAPPY BIRTHDAY CARD TEDDY/CAKE,0.95,5,1,0.19
84206A,3 BLACK CATS W HEARTS BLANK CARD,4.5600000000000005,24,3,0.19
84206B,CAT WITH SUNGLASSES BLANK CARD,0.95,5,1,0.19
84206C,CHAMPAGNE TRAY BLANK CARD,1.52,8,2,0.19
84212,"ASSORTED FLOWER COLOUR ""LEIS""",4934.87,10315,111,0.8927927927927928
84218,BOX/12 CHICK & EGG IN BASKET,223.10999999999999,123,41,1.9158536585365853
84226,HEN HOUSE W FAMILY IN BARN & NEST,36.21,51,10,0.829
84227,HEN HOUSE W CHICK IN NEST,0.42,1,1,0.42
84228,HEN HOUSE W CHICK STANDING,118.21,283,24,0.5554166666666667
84228,HEN HOUSE WITH CHICK STANDING,5.88,14,3,0.42
84231,EASTER BUNNY WITH BASKET ON BACK,72.63000000000001,108,20,0.7271428571428572
84247E,PACK OF 12 CHRISTMAS FUN CARDS,248.39000000000001,94,36,2.6233333333333335
84247E,PACK/12 XMAS FUN CARD,100.30000000000001,34,11,2.95
84247G,"DECOUPAGE,GREETING CARD,",158.63,357,32,0.5371874999999999
84247K,"FOLK ART GREETING CARD,pack/12",64.9,22,9,2.95
84247L,FAWN AND MUSHROOM GREETING CARD,62.06,128,19,0.6605263157894736
84247N,PACK/12 BLUE FOLKART CARDS,64.9,22,18,2.95
84249A,"GREETING CARD,SQUARE, DOUGHNUTS",80.46,174,27,0.662962962962963
84251B,"GREETING CARD, STICKY GORDON",68.5,233,52,0.4361538461538461
84251C,"GREETING CARD, TWO SISTERS.",53.88,127,40,0.519
84251G,"GREETING CARD, OVERCROWDED POOL.",74.7,270,53,0.4033962264150943
84270,ASSTD DESIGN BUBBLE GUM RING,3.57,17,4,0.21
84279B,CHERRY BLOSSOM DECORATIVE FLASK,752.2,186,67,4.557761194029851
84279P,CHERRY BLOSSOM  DECORATIVE FLASK,1528.21,367,123,4.883548387096774
84306,S/3 PINK SQUARE PLANTERS ROSES,88.22,10,9,8.88111111111111
84313B,BLUE TV TRAY TABLE,518.61,127,39,6.107435897435898
84313C,ORANGE TV TRAY TABLE,1165.9099999999999,504,43,3.9976744186046513
84341B,SMALL PINK MAGIC CHRISTMAS TREE,282.38,645,40,0.6804878048780487
84347,ROTATING SILVER ANGELS T-LIGHT HLDR,26425.579999999998,9461,449,3.415258620689655
84352,SILVER CHRISTMAS TREE BAUBLE STAND,577.35,34,23,17.517391304347825
84356,POMPOM CURTAIN,2124.15,424,82,6.083414634146342
84358,FLOOR LAMP SHADE WOOD BASE,312.7,33,13,10.543076923076923
84360,TABLE LAMP WHITE SHADE WOOD BASE,434.12,78,20,6.554
84375,SET OF 20 KIDS COOKIE CUTTERS,9355.85,4298,515,2.5201734104046243
84378,SET OF 3 HEART COOKIE CUTTERS,8488.4,6308,684,1.629739507959479
84380,SET OF 3 BUTTERFLY COOKIE CUTTERS,8106.0599999999995,5761,683,1.721277213352685
84387A,BIRD ON BRANCH CANVAS SCREEN,21.45,11,1,1.95
84388,WISE MAN STAR SHAPE EGG PAN,13.14,24,6,1.02
84402B,PURPLE DRESS JEWELLERY STAND,48.19,61,3,0.79
84406B,CREAM CUPID HEARTS COAT HANGER,7536.97,1987,282,4.3127464788732395
84415A,PINK FLOCK SUEDE CUSHION COVER,15,12,2,1.25
84415B,BLUE FLOCK CUSHION COVER,20,8,3,2.9166666666666665
84422,PINK/BLUE DISC/MIRROR STRING,244.17000000000002,566,15,0.9513333333333333
84429A,MEDIUM PINK BUDDHA HEAD,182.50000000000003,54,21,3.913809523809524
84452,METAL RABBIT LADDER EASTER,62.9,74,16,0.85
84457,SET/3 RABBITS FLOWER SKIPPPING ROPE,112.56,126,26,0.9944444444444444
84459A,PINK METAL CHICKEN HEART,1004.54,680,89,2.2317391304347827
84459B,YELLOW METAL CHICKEN HEART,1079.67,721,91,2.0770652173913042
84461,12 PINK HEN+CHICKS IN BASKET,89.25,35,13,2.55
84462,3 PINK HEN+CHICKS IN BASKET,15,12,6,1.25
84465,15 PINK FLUFFY CHICKS IN BOX,29.5,10,7,2.95
84466,TOP SECRET PEN SET,57.5,46,10,1.25
84497,BUTTONS AND STRIPES NOTEBOOK,48.75,13,7,3.75
84499,BLACK FLOWER CANDLE PLATE,5.949999999999999,7,2,0.85
84507B,STRIPES DESIGN MONKEY DOLL,118.72999999999999,39,22,3.4263636363636363
84507C,BLUE CIRCLES DESIGN MONKEY DOLL,160.42999999999998,60,27,2.8153571428571427
84508A,CAMOUFLAGE DESIGN TEDDY,3448.05,1631,36,2.4125
84508B,STRIPES DESIGN TEDDY,142.79999999999998,56,30,2.55
84508C,BLUE CIRCLES DESIGN TEDDY,154.95,56,25,3.036
84509A,SET OF 4 ENGLISH ROSE PLACEMATS,4163.12,992,296,5.1860135135135135
84509B,SET OF 4 FAIRY CAKE PLACEMATS,843.34,222,83,3.977738095238095
84509C,SET OF 4 POLKADOT PLACEMATS,821.16,173,78,5.307435897435897
84509E,SET OF 4 CAROUSEL PLACEMATS,183.45,91,23,3.541304347826087
84509G,SET OF 4 FAIRY CAKE PLACEMATS,965.41,519,68,3.150147058823529
84510A,SET OF 4 ENGLISH ROSE COASTERS,1760.8,1249,279,1.846085409252669
84510C,SET OF 4 POLKADOT COASTERS,310.03,172,77,1.9944155844155844
84510E,SET OF 4 GREEN CAROUSEL COASTERS,50.75,35,17,1.7029411764705882
84519A,TOMATO CHARLIE+LOLA COASTER SET,905.55,512,88,2.508522727272727
84519B,CARROT CHARLIE+LOLA COASTER SET,773.3,471,126,2.3733858267716537
84520B,PACK 20 ENGLISH ROSE PAPER NAPKINS,508.36999999999995,554,80,1.1018518518518519
84522,PINK PARTY SUNGLASSES,36.76,20,12,1.8166666666666667
84527,FLAMES SUNGLASSES PINK LENSES,95.1,52,8,2.145
84531A,PINK KNITTED EGG COSY,76.69,147,29,0.694
84531B,BLUE KNITTED EGG COSY,85.61,155,28,0.7
84534B,FAIRY CAKE NOTEBOOK A5 SIZE,54.04,55,12,1.3225
84535A,ENGLISH ROSE NOTEBOOK A6 SIZE,186.56,399,21,0.6776190476190477
84535B,FAIRY CAKES NOTEBOOK A6 SIZE,850.2,1332,155,0.9028205128205128
84536A,ENGLISH ROSE NOTEBOOK A7 SIZE,1407.52,3120,344,0.5408045977011494
84536B,FAIRY CAKES NOTEBOOK A7 SIZE,872.03,2059,177,0.558314606741573
84539,KNITTED RABBIT DOLL,42.9,26,2,1.65
84548,CROCHET BEAR RED/BLUE  KEYRING,36.3,22,4,1.65
84549,CROCHET WHITE RABBIT KEYRING,69.38,38,7,2.5585714285714287
84550,CROCHET LILAC/RED BEAR KEYRING,1.65,1,1,1.65
84551,CROCHET DOG KEYRING,21.449999999999996,13,2,1.65
84558A,3D DOG PICTURE PLAYING CARDS,1016.72,338,86,3.274137931034483
84559A,3D SHEET OF DOG STICKERS,423.99,426,116,1.2454310344827586
84559B,3D SHEET OF CAT STICKERS,255.61999999999998,260,75,1.1855263157894735
84562A,PINK/WHITE RIBBED MELAMINE JUG,23.85,3,3,7.95
84563A,PINK & WHITE BREAKFAST TRAY,369.84000000000003,96,35,4.716285714285714
84563B,BLUE & WHITE BREAKFAST TRAY,346.3,94,38,4.016315789473684
84568,GIRLS ALPHABET IRON ON PATCHES,2678.33,12442,147,0.3868027210884354
84569A,PACK 3 IRON ON DOG PATCHES,355.84,294,65,1.2592307692307692
84569B,PACK 3 FIRE ENGINE/CAR PATCHES,118.4,85,19,1.7621052631578946
84569C,PACK 4 FLOWER/BUTTERFLY PATCHES,1.25,1,1,1.25
84569D,PACK 6 HEART/ICE-CREAM PATCHES,560.62,467,98,1.3740816326530612
84575A,PINK DOG CANNISTER,39.3,14,4,3.95
84576,BLUE CAT BISCUIT BARREL PINK HEART,148.32,66,17,2.975882352941176
84580,MOUSE TOY WITH PINK T-SHIRT,1482.43,389,165,3.863053892215569
84581,DOG TOY WITH PINK CROCHET SKIRT,709.71,187,90,3.844
84584,PINK GINGHAM CAT WITH SCARF,314.51,144,30,2.296333333333333
84592,CROCHET ROSE PURSE WITH SUEDE BACK,241.24000000000004,76,22,3.5954545454545457
84593,CROCHET ROSE DES CLOTHES HANGER,14.750000000000002,5,1,2.95
84595E,LARGE TORTILLA DESIGN RED BOWL,151.39,77,21,2.730952380952381
84596B,SMALL DOLLY MIX DESIGN ORANGE BOWL,2558.27,5014,526,0.6327392120075047
84596E,SMALL LICORICE DES PINK BOWL,436.78,574,85,1.088941176470588
84596F,SMALL MARSHMALLOWS PINK BOWL,1976.26,3732,446,0.6802417582417583
84596G,SMALL CHOCOLATES PINK BOWL,956.4599999999999,1858,246,0.6337903225806452
84596J,MIXED NUTS LIGHT GREEN BOWL,296.45,568,68,0.8294117647058823
84596L,BISCUITS SMALL BOWL LIGHT BLUE,631.84,1255,173,0.7160115606936416
84597B,RETRO BROWN BALL ASHTRAY,51.25,41,5,1.25
84597C,RETRO PINK BALL ASHTRAY,57.5,46,13,1.25
84598,BOYS ALPHABET IRON ON PATCHES,485.56,1687,98,0.386734693877551
84600,NEW BAROQUE JEWELLERY BOX,446.89,53,25,9.4516
84609,TALL ROCOCO CANDLE HOLDER,770.59,93,20,9.6295
84613A,PINK NEW BAROQUE FLOCK CANDLESTICK,27.900000000000002,6,3,4.65
84613C,BLUE NEW BAROQUE FLOCK CANDLESTICK,4.65,1,1,4.65
84614A,PINK BAROQUE FLOCK CANDLE HOLDER,11.9,2,1,5.95
84616,SILVER ROCCOCO CHANDELIER,444.41999999999996,12,8,40.5775
84617,NEW BAROQUE BLACK BOXES,38.25,3,3,12.75
84620,BLUE GINGHAM ROSE CUSHION COVER,11.9,2,1,5.95
84625A,PINK NEW BAROQUECANDLESTICK CANDLE,605.48,478,42,2.6080952380952382
84625C,BLUE NEW BAROQUE CANDLESTICK CANDLE,536.41,449,35,2.384857142857143
84629,WHITE 3 FRAME BIRDS AND TREE,145.05,19,9,10.616666666666667
84631,FRUIT TREE AND BIRDS WALL PLAQUE,324.68,38,23,8.746521739130435
84632,DECORATIVE HANGING SHELVING UNIT,299.75,5,4,59.95
84637,KITCHEN FLOWER POTS WALL PLAQUE,619.59,116,83,5.3020481927710845
84638,SMALL KITCHEN FLOWER POTS PLAQUE,331.5,50,37,6.668918918918919
84658,WHITE STITCHED CUSHION COVER,412.23,57,22,7.299565217391304
84659A,WHITE TRAVEL ALARM CLOCK,676.27,280,89,2.4769662921348314
84660A,WHITE STITCHED WALL CLOCK,813.2900000000001,847,44,1.9481818181818182
84660B,BLACK STITCHED WALL CLOCK,748.36,709,42,2.362857142857143
84660C,PINK STITCHED WALL CLOCK,828.24,679,61,3.8075409836065575
84661A,WHITE SQUARE TABLE CLOCK,172.75,105,21,2.889047619047619
84661B,BLACK SQUARE TABLE CLOCK,305.2,116,30,3.4323333333333332
84661C,PINK SQUARE TABLE CLOCK,104.84,71,14,3.015
84663A,GRASS HOPPER WOODEN WALL CLOCK,374.12,272,34,2.962941176470588
84665,SQUARE CHERRY BLOSSOM CABINET,529.5500000000001,89,16,5.95
84666,SQUARE CHERRY BLOSSOM CABINET,94.80000000000001,24,4,3.95
84673A,PINK FLY SWAT,63.720000000000006,92,43,0.7040909090909091
84673B,BLUE FLY SWAT,156.63,179,66,0.9283333333333333
84674,FLYING PIG WATERING CAN,455.15000000000003,189,46,3.2670212765957447
84675,FROG KING WATERING CAN,26.55,9,2,2.95
84678,CLASSICAL ROSE SMALL VASE,247.04,142,13,2.813846153846154
84679,CLASSICAL ROSE TABLE LAMP,55.7,6,2,11.95
84683,CLASSICAL ROSE CANDLESTAND,162.20000000000002,194,12,1.5075
84685,BEACH HUT KEY CABINET,173.58,33,20,6.048
84686,BEACH HUT MIRROR,66.39,49,8,2.9525
84687,BEACH HUT SHELF W 3 DRAWERS,492.53000000000003,79,30,7.8660000000000005
84688,BEACH HUT DESIGN BLACKBOARD,198.82,40,14,6.308571428571429
84689,S/2 BEACH HUT TREASURE CHESTS,9.95,3,2,3.975
84691,PACK 20 DOLLY PEGS,174.49999999999997,242,4,0.7525
84692,BOX OF 24 COCKTAIL PARASOLS,4316.88,7878,582,0.6789134125636672
84705C,PINK FLOCK PHOTO FRAME,15,12,1,1.25
84706D,CHERRY BLOSSOM TABLE CLOCK,29.599999999999998,8,4,3.6999999999999997
84706F,RED PEONY TABLE CLOCK,47.2,16,10,2.95
84707A,SILVER JEWELLED MIRROR TRINKET TRAY,695.23,95,45,9.787555555555555
84707B,PINK JEWELLED MIRROR TRINKET TRAY,210.54999999999998,34,18,8.18611111111111
84708B,PINK JEWELLED PHOTO FRAME,326.35,62,19,5.931052631578948
84709B,PINK OVAL JEWELLED MIRROR,119,20,11,5.95
84711A,SILVER OVAL SHAPE TRINKET BOX,221.79999999999998,25,17,8.609411764705882
84711B,PINK OVAL SHAPE TRINKET BOX,186.64,20,13,8.999230769230769
84712B,PINK JEWELLED PHOTO FRAME,231.56,30,20,7.6825
84715,SET OF 6 ICE CREAM SKITTLES,47.2,16,3,2.95
84723,CHERRY BLOSSOM CANVAS ART PICTURE,97.95,41,6,3.95
84725,FREESTYLE CANVAS ART PICTURE,39.65,41,18,1.2444444444444445
84731,3 BIRDS CANVAS SCREEN,2.04,2,2,1.02
84732B,CUTE BIRD CEATURE SCREEN,8.58,22,2,0.39
84732D,CUTE RABBIT CEATURE SCREEN,4.29,11,2,0.39
84741C,CITRUS GARLAND FELT FLOWERS,117,60,14,1.95
84743C,ORANGE FELT VASE + FLOWERS,1.25,1,1,1.25
84744,S/6 SEW ON CROCHET FLOWERS,140.02,110,20,1.376
84745A,PINK HANGING GINGHAM EASTER HEN,13.44,32,5,0.42
84745B,BLUE HANGING GINGHAM EASTER HEN,13.44,32,5,0.42
84746,PINK EASTER HENS+FLOWER,38.31,14,9,2.6033333333333335
84748,FOLK FELT HANGING MULTICOL GARLAND,570.86,204,61,3.2162295081967214
84750B,BLACK SMALL GLASS CAKE STAND,54.99,61,12,1.17
84751B,BLACK MEDIUM GLASS CAKE STAND,37.11,17,8,1.9
84754,S/15 SILVER GLASS BAUBLES IN BAG,572.88,414,61,1.7648387096774194
84755,COLOUR GLASS T-LIGHT HOLDER HANGING,10463,16364,617,0.728042071197411
84760S,SMALL HANGING GLASS+ZINC LANTERN,62.349999999999994,43,8,1.45
84763,ZINC FINISH 15CM PLANTER POTS,748.34,601,57,1.4157894736842105
84766,SILVER ROCOCO CANDLE STICK,305.4,132,12,3.283333333333333
84773,RED ROSE AND LACE C/COVER,8.850000000000001,3,1,2.95
84789,ENCHANTED BIRD PLANT CAGE,640.72,186,48,4.039791666666667
84792,ENCHANTED BIRD COATHANGER 5 HOOK,3974.32,833,241,5.533209876543211
84795B,SUNSET CHECK HAMMOCK,1657.42,192,62,10.798870967741935
84795C,OCEAN STRIPE HAMMOCK,15.9,2,1,7.95
84796A,PINK HAWAIIAN PICNIC HAMPER FOR 2,709.2399999999999,78,55,9.104181818181818
84796B,BLUE SAVANNAH PICNIC HAMPER FOR 2,2393.5899999999997,256,124,9.261209677419354
84798A,PINK FOXGLOVE ARTIIFCIAL FLOWER,58.65,23,4,2.55
84798B,PURPLE FOXGLOVE ARTIIFCIAL FLOWER,17.849999999999998,7,2,2.55
84799,SPRIG LAVENDER ARTIFICIAL FLOWER,140.32,176,9,1.0655555555555556
84800L,LARGE WHITE/PINK ROSE ART FLOWER,598.8000000000001,336,21,1.9357142857142857
84800M,MEDIUM WHITE/PINK ROSE ART FLOWER,174.31,127,11,1.5372727272727273
84800S,SMALL WHITE/PINK ROSE ART FLOWER,120.07000000000001,107,9,1.2077777777777778
84801A,PINK HYDRANGEA ART FLOWER,96.60000000000001,46,5,2.1
84801B,WHITE HYDRANGEA ART FLOWER,46.2,22,3,2.1
84802A,WHITE ANEMONE ARTIFICIAL FLOWER,3.38,2,1,1.69
84802B,PURPLE ANEMONE ARTIFICIAL FLOWER,6.76,4,1,1.69
84803A,PINK ALLIUM  ARTIFICIAL FLOWER,5.07,3,1,1.69
84803B,WHITE ALLIUM  ARTIFICIAL FLOWER,28.73,17,4,1.69
84804A,CREAM DELPHINIUM ARTIFICIAL FLOWER,180.58,70,8,2.68
84804B,BLUE DELPHINIUM ARTIFICIAL FLOWER,188.37000000000003,99,6,2.23
84805A,CREAM CLIMBING HYDRANGA ART FLOWER,60,32,4,2.5
84805B,BLUE CLIMBING HYDRANGA ART FLOWER,52.5,38,3,2.0833333333333335
84806A,PINK CANDYSTUFT ARTIFICIAL FLOWER,96.88999999999999,137,11,1.0645454545454545
84806B,WHITE CANDYSTUFT ARTIFICIAL FLOWER,411.55999999999995,308,20,1.387
84809A,WHITE CHRYSANTHEMUMS ART FLOWER,111.30000000000001,53,7,2.1
84809B,PINK CHRYSANTHEMUMS ART FLOWER,37.800000000000004,18,1,2.1
84813,SET OF 4 DIAMOND NAPKIN RINGS,1393.79,166,38,10.532105263157895
84816,DANISH ROSE BEDSIDE CABINET,319.6,8,6,39.95
84817,DANISH ROSE DECORATIVE PLATE,647.64,921,52,1.3975471698113209
84818,DANISH ROSE PHOTO FRAME,1397.82,1370,95,1.3354736842105264
84819,DANISH ROSE ROUND SEWING BOX,939.04,808,61,2.186393442622951
84820,DANISH ROSE TRINKET TRAYS,459.25,255,30,3.808666666666667
84821,DANISH ROSE DELUXE COASTER,396.95,923,39,0.6084999999999999
84823,DANISH ROSE FOLDING CHAIR,890.4,112,25,7.95
84824,DANISH ROSE UMBRELLA STAND,31.9,2,2,15.95
84826,ASSTD DESIGN 3D PAPER STICKERS,389.38,1162,31,0.5578787878787879
84827,ASS DES PHONE SPONGE CRAFT STICKER,153.09,509,14,0.465
84828,JUNGLE POPSICLES ICE LOLLY HOLDERS,197.49,139,29,1.8079310344827586
84828,JUNGLE POPSICLES ICE LOLLY MOULDS,1308.8700000000001,936,152,1.612142857142857
84832,ZINC WILLIE WINKIE  CANDLE STICK,2702.5,2921,267,1.0917407407407407
84836,ZINC METAL HEART DECORATION,7403.07,5925,534,1.3649264705882354
84840,SWEETHEART CARRY-ALL BASKET,76.44,6,6,12.74
84842,HELLO SAILOR BATHROOM SET,52.5,14,9,3.75
84843,WHITE SOAP RACK WITH 2 BOTTLES,963.85,171,48,6.58375
84846A,SCENTED CANDLE IN DIGITALIS TIN,126.04,56,13,2.586923076923077
84847,FLORAL BATHROOM SET,75,20,11,3.75
84849A,HELLO SAILOR BLUE SOAP HOLDER,344.34000000000003,180,53,2.3567924528301885
84849B,FAIRY SOAP SOAP HOLDER,478.83,266,76,2.053421052631579
84849D,HOT BATHS SOAP HOLDER,859,494,114,1.8581739130434782
84854,GIRLY PINK TOOL SET,24.75,5,1,4.95
84856L,LARGE TAHITI BEACH BAG,17.82,2,2,8.91
84856S,SMALL TAHITI BEACH BAG,18.6,4,1,4.65
84857B,BLUE MONTE CARLO HANDBAG,46.8,24,1,1.95
84857C,PINK MONTE CARLO HANDBAG,232.32999999999998,98,10,4.763
84858C,PINK RIVIERA HANDBAG,261.68,186,6,5.33
84859A,SILVER DISCO HANDBAG,272.99,129,35,2.485
84859B,BLUE DISCO HANDBAG,64.81,31,11,2.346363636363636
84859C,PINK DISCO HANDBAG,180.51999999999998,84,22,2.429090909090909
84865,NEW BAROQUE BLACK PHOTO ALBUM,146.21,27,14,7.307857142857143
84870B,BLUE GEISHA GIRL,142.32999999999998,43,24,3.42875
84870C,GREEN GEISHA GIRL,146.04999999999998,46,28,3.1614285714285715
84872A,TEATIME FUNKY FLOWER BACKPACK FOR 2,732.2299999999999,66,53,11.164716981132075
84873A,FUNKY FLOWER PICNIC BAG FOR 4,33.9,2,2,16.95
84874B,BLUE TRAVEL FIRST AID KIT,67.51,41,14,1.64
84875B,GREEN SQUARE COMPACT MIRROR,203.51,131,20,2.5525
84875D,BLUE SQUARE COMPACT MIRROR,63.75,51,8,1.25
84876B,GREEN HEART COMPACT MIRROR,315.81,218,33,2.4170588235294117
84876D,BLUE HEART COMPACT MIRROR,217.5,128,16,3.59375
84877A,PINK ROUND COMPACT MIRROR,58.160000000000004,40,4,2.27
84877B,GREEN ROUND COMPACT MIRROR,210.56,144,21,2.32
84877D,BLUE ROUND COMPACT MIRROR,150.93,96,18,2.325
84879,ASSORTED COLOUR BIRD ORNAMENT,58824.53,36301,1450,1.7226852481305235
84880,WHITE WIRE EGG HOLDER,2012.74,312,76,7.74987012987013
84881,BLUE WIRE SPIRAL CANDLE HOLDER,82.57,12,6,7.411666666666666
84882,GREEN WIRE STANDING CANDLE HOLDER,157.34,38,18,4.368333333333333
84884A,ANT WHITE WIRE HEART SPIRAL,1519.63,339,104,5.688076923076923
84898F,YELLOW FLOWERS FELT HANDBAG KIT,98.63000000000001,46,19,2.206842105263158
84905,PINK BUTTERFLY CUSHION COVER,173.48,35,20,4.959
84906,PINK B'FLY C/COVER W BOBBLES,78.17,12,7,6.917142857142857
84906,PINK BUTTERFLY CUSHION COVER,44.849999999999994,23,5,1.95
84907,PINK YELLOW PATCH CUSHION COVER,180.93,29,23,6.113478260869566
84910A,PINK PAISLEY CUSHION COVER,192.14,26,17,7.464117647058823
84912A,PINK ROSE WASHBAG,560.62,156,74,3.5262162162162163
84912B,GREEN ROSE WASHBAG,1132.85,323,160,3.4332098765432097
84913A,SOFT PINK ROSE TOWEL,952.83,273,124,3.4126612903225806
84913B,MINT GREEN ROSE TOWEL,754.07,196,86,3.64
84915,HAND TOWEL PINK FLOWER AND DAISY,372.33,217,23,3.890869565217391
84916,HAND TOWEL PALE BLUE W FLOWERS,453.39,223,29,3.9479310344827585
84917,WHITE HAND TOWEL WITH BUTTERFLY,466.3,184,27,3.9766666666666666
84919,BLUE CUSHION COVER WITH FLOWER,381.78000000000003,58,29,6.534827586206896
84920,PINK FLOWER FABRIC PONY,446.23,115,48,4.163541666666666
84921,CREAM AND PINK FLOWERS PONY,41.25,11,5,3.75
84922,PINK BUTTERFLY WASHBAG,42.29,9,6,4.923333333333333
84923,PINK BUTTERFLY HANDBAG W BOBBLES,671.62,162,98,4.146326530612245
84924A,WAKE UP COCKEREL CALENDAR SIGN,348.59,81,33,4.996363636363636
84924F,PSYCHEDELIC METAL SIGN CALENDAR,7.9,10,3,0.79
84925D,LA PALMIERA WALL THERMOMETER,38.25,15,10,2.55
84925F,PSYCHEDELIC WALL THERMOMETER,109.92999999999999,79,14,1.9214285714285713
84926A,WAKE UP COCKEREL TILE COASTER,210.51999999999998,604,35,0.6694285714285714
84926D,LA PALMIERA TILE COASTER,276.53,709,34,0.8079999999999999
84926E,FLOWERS TILE COASTER,327.79999999999995,968,39,0.5441025641025641
84926F,PSYCHEDELIC TILE COASTER,195.22,430,28,1.1860714285714284
84927A,WAKE UP COCKEREL TILE HOOK,70.45,50,18,2.0805555555555557
84927D,LA PALMIERA TILE HOOK,51.86,47,14,1.5635714285714286
84927E,FLOWERS TILE HOOK,80.16000000000001,59,13,1.9071428571428573
84927F,PSYCHEDELIC TILE HOOK,182.95000000000002,299,44,1.088695652173913
84929,ASSTD FRUIT+FLOWERS FRIDGE MAGNETS,555.0600000000001,2262,63,0.2814285714285714
84931A,PINK SCOTTIE DOG W FLOWER PATTERN,317.44,133,51,2.511764705882353
84931B,BLUE SCOTTIE DOG W FLOWER PATTERN,424.08,177,49,2.396734693877551
84944,SET OF 6 KASHMIR FOLKART BAUBLES,1041.06,662,82,2.061566265060241
84945,MULTI COLOUR SILVER T-LIGHT HOLDER,8713.83,10509,345,0.9526
84946,ANTIQUE SILVER T-LIGHT GLASS,19122.66,14424,686,1.5044992743105952
84946,ANTIQUE SILVER TEA GLASS ETCHED,6446.76,4533,215,1.6207762557077625
84947,ANTIQUE SILVER TEA GLASS ENGRAVED,10229.77,8652,347,1.4715340909090908
84949,SILVER HANGING T-LIGHT HOLDER,7553.339999999999,4747,287,1.8646874999999998
84950,ASSORTED COLOUR T-LIGHT HOLDER,2297.03,3619,120,0.8163636363636364
84951A,SET OF 4 PISTACHIO LOVEBIRD COASTER,534.05,451,92,1.8351086956521738
84951B,SET OF 4 BLACK LOVEBIRD COASTERS,554.78,451,82,1.8233734939759036
84952A,CLEAR LOVE BIRD T-LIGHT HOLDER,264.46999999999997,92,26,3.1765384615384615
84952B,BLACK LOVE BIRD T-LIGHT HOLDER,320.89,183,28,2.9439285714285712
84952C,MIRROR LOVE BIRD T-LIGHT HOLDER,255,144,12,4.041538461538462
84963A,PINK PAINTED KASHMIRI CHAIR,171.8,4,1,42.95
84963B,BLUE PAINTED KASHMIRI CHAIR,149.85000000000002,3,1,49.95
84968A,SET OF 16 VINTAGE ROSE CUTLERY,3188.13,266,100,14.183465346534653
84968B,SET OF 16 VINTAGE IVORY CUTLERY,25.5,2,2,12.75
84968C,SET OF 16 VINTAGE PISTACHIO CUTLERY,3547.74,314,103,14.948543689320388
84968D,SET OF 16 VINTAGE RED CUTLERY,1723.6,159,57,12.858245614035088
84968E,SET OF 16 VINTAGE BLACK CUTLERY,1722.74,140,50,14.0762
84968F,SET OF 16 VINTAGE SKY BLUE CUTLERY,1931.1699999999998,178,66,12.521363636363636
84969,BOX OF 6 ASSORTED COLOUR TEASPOONS,2389.52,558,210,4.66047619047619
84970L,SINGLE HEART ZINC T-LIGHT HOLDER,6819.0999999999995,6253,506,1.3830571992110454
84970S,HANGING HEART ZINC T-LIGHT HOLDER,8146.799999999999,9117,603,1.244759535655058
84971L,LARGE HEART FLOWERS HOOK,4.92,2,1,2.46
84971S,SMALL HEART FLOWERS HOOK,1540.4499999999998,1761,172,1.1178612716763006
84974,S/2 ZINC HEART DESIGN PLANTERS,388.04999999999995,39,28,9.95
84975,HEART SHAPED MIRROR,8.45,5,2,1.69
84976,RECTANGULAR SHAPED MIRROR,436.67,500,36,1.4475
84977,WIRE FLOWER T-LIGHT HOLDER,1.25,1,1,1.25
84978,HANGING HEART JAR T-LIGHT HOLDER,16333.12,12391,723,1.4854945054945055
84984A,GREEN PEONY CUSHION COVER,88.35000000000001,19,6,4.65
84984B,RED PEONY CUSHION COVER,79.05000000000001,17,5,4.65
84984D,ORIENTAL RED CUSHION COVER,60.45,13,4,4.65
84985A,SET OF 72 GREEN PAPER DOILIES,52.199999999999996,36,18,1.45
84987,SET OF 36 TEATIME PAPER DOILIES,4453.7699999999995,3039,333,1.985075075075075
84988,SET OF 72 PINK HEART PAPER DOILIES,6653.8499999999995,4299,509,2.148470588235294
84989A,75 GREEN FAIRY CAKE CASES,102.36,69,42,1.4642857142857144
84990,60 GOLD AND SILVER FAIRY CAKE CASES,1.1,2,2,0.55
84991,60 TEATIME FAIRY CAKE CASES,9103.970000000001,18069,823,0.6904171632896305
84992,72 SWEETHEART FAIRY CAKE CASES,6500.88,13261,612,0.6858213716108453
84993A,75 GREEN PETIT FOUR CASES,186.25,375,74,0.6477027027027027
84993B,75 BLACK PETIT FOUR CASES,24.36,58,18,0.42
84997A,CHILDRENS CUTLERY POLKADOT GREEN,7701.71,1829,246,5.505934959349593
84997A,GREEN 3 PIECE POLKADOT CUTLERY SET,3110.91,850,79,4.340506329113924
84997B,CHILDRENS CUTLERY RETROSPOT RED,12604.23,2907,317,5.2348916408668735
84997B,RED 3 PIECE RETROSPOT CUTLERY SET,6389.66,1643,119,4.511344537815126
84997C,BLUE 3 PIECE POLKADOT CUTLERY SET,4504.5,1220,108,4.162685185185185
84997C,CHILDRENS CUTLERY POLKADOT BLUE,12366.97,2847,289,5.268088737201365
84997D,CHILDRENS CUTLERY POLKADOT PINK,16865.97,3951,423,5.118691588785047
84997D,PINK 3 PIECE POLKADOT CUTLERY SET,5430.02,1447,122,4.387049180327869
85006,SET 4 NURSERY DES ROUND BOXES,57.25,55,9,1.55
85008,SET OF 3 CONEY ISLAND OVAL BOXES,66.12,13,8,5.171250000000001
85014A,BLACK/BLUE POLKADOT UMBRELLA,6904.040000000001,1181,292,6.776917808219179
85014B,RED RETROSPOT UMBRELLA,11259.310000000001,1934,372,7.182258064516129
85015,SET OF 12  VINTAGE POSTCARD SET,1718.5400000000002,2180,143,1.3232167832167832
85016,SET OF 6 VINTAGE NOTELETS KIT,560.11,563,42,2.0207142857142855
85017A,ENVELOPE 50 ROMANTIC IMAGES,13.58,16,8,0.8477777777777777
85017B,ENVELOPE 50 BLOSSOM IMAGES,590.09,1065,157,0.6759493670886075
85017C,ENVELOPE 50 CURIOUS IMAGES,26.169999999999998,49,10,0.6154545454545455
85018D,YULETIDE IMAGES S/6 PAPER BOXES,30.599999999999998,12,7,2.55
85019A,ROMANTIC IMAGES NOTEBOOK SET,564.35,414,33,2.033333333333333
85019B,BLOSSOM  IMAGES NOTEBOOK SET,682.97,512,36,1.9597222222222221
85019C,CURIOUS  IMAGES NOTEBOOK SET,270.72,182,11,2.9972727272727275
85020,ROUND PINK HEART MIRROR,188.81,85,22,2.568636363636364
85023B,EAU DE NILE JEWELLED PHOTOFRAME,84.14999999999999,33,12,2.55
85024B,EAU DE NILE JEWELLED PHOTOFRAME,289.65,193,12,1.6333333333333333
85024C,PINK SMALL JEWELLED PHOTOFRAME,19.799999999999997,12,9,1.65
85025B,EAU DE NILE HEART SHAPE PHOTO FRAME,555.12,329,38,2.337105263157895
85025C,PINK HEART SHAPE PHOTO FRAME,520.91,321,39,2.0585
85026B,EAU DE NILE JEWELLED T-LIGHT HOLDER,70.27,79,11,0.9918181818181818
85027L,FRENCH CHATEAU LARGE PLATTER,160.5,70,18,2.95
85028L,FRENCH CHATEAU LARGE FRUIT BOWL,19.5,10,4,1.95
85028S,FRENCH CHATEAU SMALL FRUITBOWL,51.599999999999994,24,8,2.025
85030,FRENCH CHATEAU OVAL PLATTER,29.25,15,6,1.95
85031A,ROMANTIC IMAGES SCRAP BOOK SET,45.9,16,7,3.892857142857143
85031B,BLOSSOM IMAGES SCRAP BOOK SET,4.95,1,1,4.95
85031C,CURIOUS IMAGES SCRAP BOOK SET,14.850000000000001,3,1,4.95
85032A,ROMANTIC IMAGES GIFT WRAP SET,776.49,789,135,1.0937037037037036
85032B,BLOSSOM IMAGES GIFT WRAP SET,739.99,786,133,1.0780451127819548
85032C,CURIOUS IMAGES GIFT WRAP SET,710.74,671,139,1.1962857142857142
85032D,YULETIDE IMAGES GIFT WRAP SET,561.34,687,93,1.1588297872340425
85034A,3 GARDENIA MORRIS BOXED CANDLES,936.27,501,77,2.9699999999999998
85034B,3 WHITE CHOC MORRIS BOXED CANDLES,1637.07,946,121,2.765934959349593
85034C,3 ROSE MORRIS BOXED CANDLES,1732,1113,156,2.2745398773006134
85035A,GARDENIA 3 WICK MORRIS BOXED CANDLE,782.24,274,82,3.890941176470588
85035B,CHOCOLATE 3 WICK MORRIS BOX CANDLE,1062.57,620,71,3.379718309859155
85035C,ROSE 3 WICK MORRIS BOX CANDLE,1769.13,1138,131,2.5615555555555556
85036A,GARDENIA 1 WICK MORRIS BOXED CANDLE,730.93,213,61,3.979230769230769
85036B,CHOCOLATE 1 WICK MORRIS BOX CANDLE,564.4,356,49,2.3020408163265307
85036C,ROSE 1 WICK MORRIS BOXED CANDLE,886.86,562,83,2.4438372093023255
85038,6 CHOCOLATE LOVE HEART T-LIGHTS,2171.26,1061,142,2.5421917808219177
85039A,SET/4 RED MINI ROSE CANDLE IN BOWL,1142.4299999999998,744,191,1.879895287958115
85039B,S/4 IVORY MINI ROSE CANDLE IN BOWL,1174.6299999999999,806,172,1.6247398843930634
85039C,S/4 BLACK MINI ROSE CANDLE IN BOWL,265.77,305,67,1.5844776119402983
85040A,S/4 PINK FLOWER CANDLES IN BOWL,1702.6999999999998,914,182,2.1861497326203208
85040B,SET/4 BLUE FLOWER CANDLES IN BOWL,229.46999999999997,137,35,1.6975
85045,GREEN CHRISTMAS TREE STRING 20LIGHT,191.1,42,11,4.886363636363637
85047,WHITE BEADED GARLAND STRING 20LIGHT,19.049999999999997,3,2,6.35
85048,15CM CHRISTMAS GLASS BALL 20 LIGHTS,10878.81,1355,259,9.31735632183908
85049A,TRADITIONAL CHRISTMAS RIBBONS,4655.2,3245,359,1.6685439560439561
85049B,LUSH GREENS RIBBONS,72.42,56,15,1.4113333333333333
85049C,ROMANTIC PINKS RIBBONS,1518.15,1216,225,1.360086956521739
85049D,BRIGHT BLUES RIBBONS,699.91,549,109,1.3167567567567569
85049E,SCANDINAVIAN REDS RIBBONS,4129.32,2957,450,1.6602631578947369
85049F,BABY BOOM RIBBONS,477.34,378,88,1.2898901098901099
85049G,CHOCOLATE BOX RIBBONS,2275.61,1721,309,1.5672727272727272
85049H,URBAN BLACK RIBBONS,869.1,848,184,1.0584491978609625
85053,FRENCH ENAMEL CANDLEHOLDER,3645.2900000000004,1691,316,2.6230625
85054,FRENCH ENAMEL POT W LID,1427.68,586,114,3.492434782608696
85055,FRENCH ENAMEL UTENSIL HOLDER,183.71,45,16,5.15125
85059,FRENCH ENAMEL WATER BASIN,1273.11,411,128,4.116821705426356
85061W,WHITE JEWELLED HEART DECORATION,1882.1499999999999,2146,162,1.1002958579881656
85062,PEARL CRYSTAL PUMPKIN T-LIGHT HLDR,2429.4999999999995,1462,159,1.7914999999999999
85064,CREAM SWEETHEART LETTER RACK,976.25,215,30,6.697333333333333
85066,CREAM SWEETHEART MINI CHEST,22390.2,1768,510,14.338443579766537
85067,CREAM SWEETHEART WALL CABINET,126.64999999999999,7,5,18.55
85071A,BLUE CHARLIE+LOLA PERSONAL DOORSIGN,577.33,1039,110,0.8654464285714286
85071B,RED CHARLIE+LOLA PERSONAL DOORSIGN,678.72,1288,124,0.8765873015873016
85071C,"CHARLIE+LOLA""EXTREMELY BUSY"" SIGN",428,683,105,1.251698113207547
85071D,CHARLIE+LOLA MY ROOM DOOR SIGN,249.48999999999998,403,84,0.826046511627907
85078,SCANDINAVIAN 3 HEARTS NAPKIN RING,696.8,1932,124,1.001290322580645
85084,HOLLY TOP CHRISTMAS STOCKING,17,20,7,0.85
85086A,CANDY SPOT HEART DECORATION,122.08,146,50,0.8331999999999999
85087,CANDY SPOT CUSHION COVER,1129.99,339,125,3.4802400000000002
85088,CANDY SPOT HAND BAG,534.83,259,51,2.3871153846153845
85089,CANDY SPOT BUNNY,38.35,13,5,2.95
85092,CANDY SPOT TEA COSY,40.05,27,2,2.3
85093,CANDY SPOT EGG WARMER HARE,475.18,708,88,0.8860674157303371
85094,CANDY SPOT EGG WARMER RABBIT,242.13,640,90,0.6907777777777777
85095,THREE CANVAS LUGGAGE TAGS,243.49,150,48,1.8197916666666667
85096,HILDA CANDY SPOT RABBIT,109.23,25,16,4.660588235294117
85099B,JUMBO BAG RED RETROSPOT,92601.23,47490,2078,2.4893088655862727
85099C,JUMBO  BAG BAROQUE BLACK WHITE,27555.96,13629,928,2.6088805970149256
85099F,JUMBO BAG STRAWBERRY,32336.77,17062,819,2.4164398541919807
85103,SILVER T-LIGHT SETTING,704.14,106,27,7.341851851851851
85104,SILVER GLASS T-LIGHT SET,525.75,201,17,3.2276470588235293
85106,CUT GLASS HEXAGON T-LIGHT HOLDER,1142.31,649,20,2.2609999999999997
85107,CUT GLASS T-LIGHT HOLDER OCTAGON,541.39,249,27,2.5144827586206895
85109,PINK BOUDOIR T-LIGHT HOLDER,10.2,12,1,0.85
85111,SILVER GLITTER FLOWER VOTIVE HOLDER,437.59,1409,57,0.49448275862068963
85114A,BLACK ENCHANTED FOREST PLACEMAT,1266.91,698,71,2.3135211267605635
85114B,IVORY ENCHANTED FOREST PLACEMAT,1018.05,511,90,2.379888888888889
85114C,RED ENCHANTED FOREST PLACEMAT,1454.8799999999999,678,110,2.3619469026548674
85115B,S/4 BLACK DISCO PARTITION PANEL,24.869999999999997,3,1,8.29
85116,BLACK CANDELABRA T-LIGHT HOLDER,1043.88,911,87,1.4513636363636364
85118,HEART T-LIGHT HOLDER,144.52,146,10,1.541
85119,WATERING CAN SINGLE HOOK PISTACHIO,3.36,1,1,3.36
85123A,CREAM HANGING HEART T-LIGHT HOLDER,178.51,61,9,3.5366666666666666
85123A,WHITE HANGING HEART T-LIGHT HOLDER,99762.92,35348,2244,3.2200826446280995
85124B,BLUE JUICY FRUIT PHOTO FRAME,248.76,87,38,3.194736842105263
85124C,GREEN JUICY FRUIT PHOTO FRAME,261.89,94,39,2.9928205128205128
85125,SMALL ROUND CUT GLASS CANDLESTICK,760.39,161,33,5.201212121212121
85126,LARGE ROUND CUTGLASS CANDLESTICK,27.14,2,1,13.57
85127,SMALL SQUARE CUT GLASS CANDLESTICK,1081.79,182,50,6.964117647058824
85129B,BEADED CRYSTAL HEART GREEN SMALL,168.59,119,31,1.912258064516129
85129C,BEADED CRYSTAL HEART BLUE SMALL,107.31,80,15,1.7373333333333334
85129D,BEADED CRYSTAL HEART PINK SMALL,342.74,207,65,1.9433846153846153
85130A,BEADED PEARL HEART WHITE LARGE,127.04999999999998,77,10,1.65
85130B,BEADED CRYSTAL HEART GREEN LARGE,760.4300000000001,834,62,1.382741935483871
85130C,BEADED CRYSTAL HEART BLUE  LARGE,437.22,482,46,1.077659574468085
85130D,BEADED CRYSTAL HEART PINK LARGE,569.29,565,62,1.5017460317460318
85131A,BEADED PEARL HEART WHITE ON STICK,901.48,996,119,0.9148739495798319
85131B,BEADED CRYSTAL HEART GREEN ON STICK,521.11,623,172,0.8377906976744186
85131C,BEADED CRYSTAL HEART BLUE ON STICK,178.85,193,50,0.8714
85131D,BEADED CRYSTAL HEART PINK ON STICK,725.26,850,206,0.8429126213592233
85132A,CHARLIE + LOLA BISCUITS TINS,1653.97,553,118,5.551864406779661
85132B,CHARLIE AND LOLA TABLE TINS,1230.78,538,84,4.0373809523809525
85132C,CHARLIE AND LOLA FIGURES TINS,3585.24,1522,213,4.056355140186916
85135A,YELLOW DRAGONFLY HELICOPTER,151.05,19,8,7.95
85135B,BLUE DRAGONFLY HELICOPTER,524.5500000000001,65,45,8.051739130434783
85135C,RED DRAGONFLY HELICOPTER,856.38,106,67,8.07470588235294
85136A,YELLOW SHARK HELICOPTER,572.41,71,53,8.049259259259259
85136B,BLUE SHARK HELICOPTER,15.9,2,2,7.95
85136C,RED SHARK HELICOPTER,421.18,52,36,8.079444444444444
85141,JARDIN ETCHED GLASS FRUITBOWL,604.14,116,38,5.806315789473684
85144,JARDIN ETCHED GLASS BUTTER DISH,7.25,1,1,7.25
85144,JARDIN ETCHED GLASS CHEESE DISH,575.4499999999999,219,40,3.8890243902439026
85145,JARDIN ETCHED GLASS LARGE BELL JAR,163.75,37,13,5.303846153846154
85146,JARDIN ETCHED GLASS SMALL BELL JAR,171.11,45,9,4.418
85150,LADIES & GENTLEMEN METAL SIGN,9383.43,4037,478,3.0745511482254697
85152,HAND OVER THE CHOCOLATE   SIGN,15847.61,8198,676,2.3594542772861358
85159A,"BLACK TEA,COFFEE,SUGAR JARS",736.55,429,46,1.9739130434782608
85159B,"WHITE TEA,COFFEE,SUGAR JARS",1132.55,621,58,2.093103448275862
85160A,WHITE BIRD GARDEN DESIGN MUG,23.63,7,2,8.69
85160B,BLACK BIRD GARDEN DESIGN MUG,62.239999999999995,106,16,1.366470588235294
85161,ACRYLIC GEOMETRIC LAMP,568.65,35,20,17.94857142857143
85163A,WHITE BAROQUE WALL CLOCK,559,66,32,11.20625
85163B,BLACK BAROQUE WALL CLOCK,783.68,84,36,12.721666666666666
85167B,BLACK GRAND BAROQUE PHOTO FRAME,109.94,50,8,4.0275
85168B,BLACK BAROQUE CARRIAGE CLOCK,432.78999999999996,51,35,8.475142857142856
85169A,IVORY LOVE BIRD CANDLE,798.02,800,87,1.3239772727272727
85169B,BLACK LOVE BIRD CANDLE,356.06,329,62,1.4383870967741936
85169C,EAU DE NIL LOVE BIRD CANDLE,437.86,417,45,1.218222222222222
85169D,PINK LOVE BIRD CANDLE,356.08,351,50,1.3084
85170A,SET/6 IVORY BIRD T-LIGHT CANDLES,2.1,1,1,2.1
85170B,SET/6 BLACK BIRD T-LIGHT CANDLES,316.75,215,39,2.3964102564102565
85170C,SET/6 EAU DE NIL BIRD T-LIGHTS,608.53,335,72,2.6856944444444446
85170D,SET/6 PINK BIRD T-LIGHT CANDLES,796.99,451,100,2.7365
85172,HYACINTH BULB T-LIGHT CANDLES,535.66,1233,41,0.7018181818181818
85173,SET/6 FROG PRINCE T-LIGHT CANDLES,795.02,479,86,2.90367816091954
85174,S/4 CACTI CANDLES,2927.08,613,157,7.02828025477707
85175,CACTI T-LIGHT CANDLES,2238.58,5225,141,0.9934751773049645
85176,SEWING SUSAN 21 NEEDLE SET,880.4699999999999,918,172,1.2030232558139535
85177,BASKET OF FLOWERS SEWING KIT,644.2099999999999,812,63,1.04
85178,VICTORIAN SEWING KIT,2642.58,2374,139,1.3975714285714285
85179A,GREEN BITTY LIGHT CHAIN,383.25,194,60,2.819166666666667
85179C,PINK BITTY LIGHT CHAIN,201.31,106,36,2.8925
85180A,RED HEARTS LIGHT CHAIN,1014.76,497,62,3.1095238095238096
85180B,PINK HEARTS LIGHT CHAIN,587.2,271,48,3.28375
85183A,CHARLIE & LOLA WASTEPAPER BIN BLUE,852.04,667,86,1.5657954545454547
85183B,CHARLIE & LOLA WASTEPAPER BIN FLORA,1323.37,996,118,1.8833613445378152
85184C,S/4 VALENTINE DECOUPAGE HEART BOX,2440.09,1483,131,2.8517557251908396
85184C,SET 4 VALENTINE DECOUPAGE HEART BOX,557.33,171,64,3.905076923076923
85185B,PINK HORSE SOCK PUPPET,776.4900000000001,255,57,3.5382758620689656
85185B,PINK HORSE SOCK PUPPET KIT,123.9,42,14,2.95
85185D,FROG SOCK PUPPET,44.25000000000001,15,8,2.95
85186A,EASTER BUNNY GARLAND OF FLOWERS,273.64,567,79,0.631625
85186C,BUNNY EGG GARLAND,269.17,528,78,0.6543037974683544
85187,S/12 MINI RABBIT EASTER,556.53,337,69,1.8753521126760562
85188A,GREEN METAL SWINGING BUNNY,278.16999999999996,319,42,0.98
85188B,PINK METAL SWINGING BUNNY,68.69999999999999,78,10,1.009
85189,HANGING BUTTERFLY  EGG,7.6499999999999995,9,3,0.85
85194L,HANGING SPRING FLOWER EGG LARGE,812.6899999999999,935,72,1.032361111111111
85194S,HANGING SPRING FLOWER EGG SMALL,473.38000000000005,1172,70,0.65
85195,HANGING HEART BASKET,23.1,11,3,2.1
85197,SET OF 12 MINI BUNNIES IN A BUCKET,71.4,34,19,2.1
85198,ASSORTED FARMYARD ANIMALS IN BUCKET,74.58,90,9,1.0866666666666667
85199L,LARGE HANGING IVORY & RED WOOD BIRD,655.63,965,94,0.8408510638297872
85199S,SMALL HANGING IVORY/RED WOOD BIRD,1292.23,2636,260,0.5934082397003745
85200,BUNNY EGG BOX,228.75,183,26,1.25
85202,HANGING WOOD AND FELT HEART,313.13,672,106,0.5484821428571428
85203,HANGING WOOD AND FELT BUTTERFLY,408.99,895,127,0.5677272727272727
85204,HANGING WOOD AND FELT FLOWER,325.36,2050,104,0.3334285714285714
85205B,PINK FELT EASTER RABBIT GARLAND,323.15,122,29,2.8713333333333333
85206A,CREAM FELT EASTER EGG BASKET,1568.9299999999998,974,114,1.7577391304347825
85206B,PINK FELT EASTER EGG BASKET,23.099999999999998,14,4,1.65
85208,SET/12 FUNKY FELT FLOWER PEG IN BAG,416.91,223,48,2.0664583333333333
85211,S/4 GROOVY CAT MAGNETS,175.16,149,24,1.7942307692307693
85212,MINI PAINTED GARDEN DECORATION,740.15,2451,79,0.5020253164556961
85213,MINI  ZINC GARDEN DECORATIONS,329.7,828,32,0.8262499999999999
85214,TUB 24 PINK FLOWER PEGS,271.03999999999996,164,58,1.6734482758620688
85215,ASSORTED CHEESE FRIDGE MAGNETS,180.71,223,18,0.9811111111111112
85216,ASSORTED CAKES FRIDGE MAGNETS,35.75,55,8,0.65
85224,ASSORTED COLOUR SILK GLASSES CASE,6.300000000000001,3,1,2.1
85225,BLING KEY RING STAND,6.25,6,3,1.0833333333333333
85227,SET OF 6 3D KIT CARDS FOR KIDS,1359.3999999999999,1477,223,1.1168558951965064
85230A,OPIUM SCENTED VOTIVE CANDLE,203.27999999999997,840,18,0.2633333333333333
85230B,CINNAMON SCENTED VOTIVE CANDLE,333.2,1288,39,0.2776923076923077
85230E,STRAWBRY SCENTED VOTIVE CANDLE,267.45,1101,24,0.26666666666666666
85230F,JASMINE VOTIVE CANDLE,90.33999999999999,338,12,0.27666666666666667
85230G,ORANGE VOTIVE CANDLE,243.11999999999998,984,24,0.26999999999999996
85231B,CINAMMON SET OF 9 T-LIGHTS,782.5,871,154,1.0847133757961782
85231G,ORANGE SCENTED SET/9 T-LIGHTS,511.04999999999995,600,87,1.035909090909091
85232A,SET/3 POLKADOT STACKING TINS,374.70000000000005,75,28,5.648214285714286
85232B,SET OF 3 BABUSHKA STACKING TINS,1341.45,271,12,4.95
85232D,SET/3 DECOUPAGE STACKING TINS,977.6700000000001,190,68,5.97014705882353
90000A,RASPBERRY ANT COPPER FLOWER NECKLAC,77.91,13,8,6.0200000000000005
90000B,MIDNIGHT BLUE COPPER FLOWER NECKLAC,67.83,11,7,6.17
90000D,COPPER/OLIVE GREEN FLOWER NECKLACE,129.85,21,14,6.19
90001A,ANTIQUE RASPBERRY FLOWER EARRINGS,20.950000000000003,5,4,4.175000000000001
90001B,ANTIQUE MID BLUE FLOWER EARRINGS,21.15,5,3,4.216666666666667
90001C,ANTIQUE OPAL WHITE FLOWER EARRINGS,21.130000000000003,5,5,4.226
90001D,ANTIQUE OLIVE GREEN FLOWER EARRINGS,29.73,7,5,4.246
90002D,FLOWER BURST SILVER RING CRYSTAL,48.71,13,9,3.7455555555555557
90003B,ROSE COLOUR PAIR HEART HAIR SLIDES,41.31,11,9,3.761111111111111
90003C,MIDNIGHT BLUE PAIR HEART HAIR SLIDE,104.84,28,23,3.743913043478261
90003D,CRYSTAL PAIR HEART HAIR SLIDES,97.26,26,15,3.738
90003E,GREEN PAIR HEART HAIR SLIDES,71.11,19,13,3.743846153846154
90005A,JADE GREEN ENAMEL HAIR COMB,28.02,14,10,2.022
90010A,MIDNIGHT BLUE GLASS/SILVER BRACELET,167.3,18,15,9.322
90010B,BLACK/WHITE GLASS/SILVER BRACELET,100.08999999999999,11,7,9.184285714285714
90010E,AMBER GLASS/SILVER BRACELET,227.89,25,16,9.098125
90011A,MIDNIGHT BLUE CRYSTAL DROP EARRINGS,17.509999999999998,6,6,2.9183333333333334
90011B,BLACK CRYSTAL DROP EARRINGS,35.27,12,7,2.9314285714285715
90011C,GREEN CRYSTAL DROP EARRINGS,5.8,2,2,2.9
90011D,PURPLE CRYSTAL DROP EARRINGS,8.76,3,3,2.92
90011E,AMBER CRYSTAL DROP EARRINGS,8.76,3,3,2.92
90012A,MIDNIGHT BLUE DROP CRYSTAL NECKLACE,53.760000000000005,11,5,7.212
90012B,BLACK DROP CRYSTAL NECKLACE,45.35000000000001,13,3,5.283333333333333
90013A,MIDNIGHT BLUE VINTAGE EARRINGS,165.32,44,31,3.759677419354839
90013B,BLACK VINTAGE EARRINGS,149.41000000000003,36,31,4.15741935483871
90013C,GREEN VINTAGE EARRINGS,158.08,39,28,4.115357142857143
90013D,PURPLE VINTAGE EARRINGS,25.17,6,3,4.180000000000001
90014A,SILVER M.O.P. ORBIT NECKLACE,54.800000000000004,11,6,6.675000000000001
90014A,SILVER/MOP ORBIT NECKLACE,162.79,16,15,10.189333333333334
90014B,GOLD M PEARL  ORBIT NECKLACE,152.84,15,13,10.226153846153846
90014B,GOLD M.O.P. ORBIT NECKLACE,5.9,2,2,2.95
90014C,SILVER AND BLACK ORBIT NECKLACE,13.350000000000001,2,2,6.675000000000001
90014C,SILVER/BLACK ORBIT NECKLACE,29.849999999999998,3,2,9.95
90016A,SILVER/M.O.P PENDANT ORBIT NECKLACE,105.71000000000001,17,7,7.815714285714286
90016B,GOLD/M.O.P PENDANT ORBIT NECKLACE,184.66,22,19,8.39578947368421
90016C,SILVER/BLACK PENDANT ORBIT NECKLACE,24.96,3,3,8.32
90018A,SILVER M.O.P ORBIT DROP EARRINGS,193.33,46,37,4.194054054054054
90018B,GOLD M.O.P ORBIT DROP EARRINGS,92.28,22,17,4.19
90018C,SILVER BLACK ORBIT DROP EARRINGS,50.400000000000006,12,9,4.183333333333334
90019A,SILVER M.O.P ORBIT BRACELET,197.09,38,27,5.245555555555556
90019B,GOLD M.O.P ORBIT BRACELET,96.52000000000001,18,18,5.362222222222223
90019C,SILVER BLACK ORBIT BRACELET,68.73,13,11,5.307272727272728
90020,FILIGREE DIAMANTE CHAIN,12.48,1,1,12.48
90021,LASER CUT MULTI STRAND NECKLACE,11.95,1,1,11.95
90022,EDWARDIAN DROP EARRINGS JET BLACK,75.2,20,19,3.7605263157894737
90023,FILIGREE DIAMANTE EARRINGS,55.02,13,9,4.224444444444445
90024B,NEW BAROQUE B'FLY NECKLACE RED,50.28,6,5,8.356
90024C,NEW BAROQUE B'FLY NECKLACE GREEN,33.81,4,3,8.436666666666667
90024D,NEW BAROQUE B'FLY NECKLACE PINK,16.82,2,2,8.41
90024E,NEW BAROQUE B'FLY NECKLACE MONTANA,16.810000000000002,2,2,8.405000000000001
90024F,NEW BAROQUE B'FLY NECKLACE CRYSTAL,42.13,5,4,8.4075
90025A,BAROQUE BUTTERFLY EARRINGS BLACK,7.5,2,2,3.75
90025B,BAROQUE BUTTERFLY EARRINGS RED,3.73,1,1,3.73
90025D,BAROQUE BUTTERFLY EARRINGS PINK,11.19,3,3,3.73
90025E,BAROQUE BUTTERFLY EARRINGS MONTANA,3.73,1,1,3.73
90025F,BAROQUE BUTTERFLY EARRINGS CRYSTAL,14.96,4,4,3.74
90026A,GLASS BEAD HOOP NECKLACE BLACK,17,2,1,8.5
90026B,GLASS BEAD HOOP NECKLACE MONTANA,25.32,3,3,8.44
90026C,GLASS BEAD HOOP NECKLACE GREEN,33.82,4,3,8.44
90026D,GLASS BEAD HOOP NECKLACE AMETHYST,25.5,3,3,8.5
90027A,GLASS BEAD HOOP EARRINGS BLACK,17.66,6,3,2.9366666666666665
90027B,GLASS BEAD HOOP EARRINGS MONTANA,8.76,3,3,2.92
90027C,GLASS BEAD HOOP EARRINGS GREEN,14.5,5,5,2.9
90027D,GLASS BEAD HOOP EARRINGS AMETHYST,28.4,9,6,3.2583333333333333
90028,NEW BAROQUE LARGE NECKLACE BLK/WHIT,134.16,16,14,8.381428571428572
90029,NEW BAROQUE SMALL NECKLACE BLACK,42.14,5,4,8.41
90030A,SPOTTED WHITE NATURAL SEED NECKLACE,72,72,7,1
90030B,RED KUKUI COCONUT SEED NECKLACE,190.73000000000002,122,25,3.1552000000000002
90030C,BROWN KUKUI COCONUT SEED NECKLACE,91.7,77,11,2.3363636363636364
90031,BILI NUT AND WOOD NECKLACE,59.89,50,7,2.412857142857143
90032,IVORY SHELL HEART NECKLACE,103.13,21,8,5.855
90033,IVORY SHELL HEART EARRINGS,25.07,10,9,2.502222222222222
90034,WHITE SILVER NECKLACE SHELL GLASS,20.17,2,2,10.085
90035A,"PEARL & SHELL 42""NECKL. GREEN",53.62,5,3,10.706666666666667
90035C,"PEARL & SHELL 42""NECKL. IVORY",21.5,2,1,10.75
90036A,FLOWER GARLAND NECKLACE RED,47.7,6,4,7.95
90036B,"FLOWER GLASS GARLAND NECKL.36""GREEN",31.8,4,2,7.95
90036C,"FLOWER GLASS GARLAND NECKL.36""BLUE",71.4,9,5,7.92
90036D,"FLOWER GLASS GARLAND NECKL.36""BLACK",95.35000000000001,12,5,7.94
90036E,"FLOWER GLASS GARLD NECKL36""AMETHYST",110.95,14,11,7.922727272727273
90036F,"FLOWER GLASS GARLD NECKL36""TURQUOIS",64.08,8,5,8.046
90037A,TINY CRYSTAL BRACELET RED,2.48,1,1,2.48
90037B,TINY CRYSTAL BRACELET GREEN,25.279999999999998,10,5,2.506
90037C,TINY CRYSTAL BRACELET BLUE,12.52,5,5,2.504
90038A,GLASS AND PAINTED BEADS BRACELET TO,56.15,15,10,3.74
90038B,GLASS AND PAINTED BEADS BRACELET OL,48.77,13,8,3.7525
90038C,GLASS AND BEADS BRACELET IVORY,33.69,9,4,3.735
90039A,FIRE POLISHED GLASS BRACELET RED,29.96,8,3,3.736666666666667
90039B,FIRE POLISHED GLASS BRACELET MONTAN,41.31,11,6,3.76
90039C,FIRE POLISHED GLASS BRACELET BLACK,22.48,6,6,3.7466666666666666
90039D,FIRE POLISHED GLASS BRACELET GREEN,78.69,21,9,3.743333333333333
90040A,MURANO STYLE GLASS BRACELET RED,54.290000000000006,14,5,3.9080000000000004
90040B,MURANO STYLE GLASS BRACELET BLACK,66.7,18,11,3.731818181818182
90040C,MURANO STYLE GLASS BRACELET GOLD,54.42,15,10,3.669
90041,PEARL AND CHERRY QUARTZ BRACLET,18.27,5,4,3.6925
90042A,FRESHWATER PEARL BRACELET GOLD,7.6499999999999995,3,2,2.55
90042C,FRESHWATER PEARL BRACELET IVORY,12.7,5,5,2.54
90043,COPPER AND BRASS BAG CHARM,24.810000000000002,4,2,7.455
90046,WHITE WITH METAL BAG CHARM,14.850000000000001,3,1,4.95
90048,GREEN WITH METAL BAG CHARM,14.850000000000001,3,1,4.95
90049,IVORY GOLD METAL BAG CHARM,34.77,5,3,8.290000000000001
90050,CRACKED GLAZE NECKLACE IVORY,55.720000000000006,8,4,6.98
90051,CRACKED GLAZE NECKLACE RED,70.16,10,7,7.0442857142857145
90052,CRACKED GLAZE NECKLACE BROWN,14.14,2,2,7.07
90053,CRACKED GLAZE EARRINGS IVORY,9.99,4,4,2.4975
90054,CRACKED GLAZE EARRINGS RED,22.58,9,9,2.508888888888889
90055,CRACKED GLAZE EARRINGS BROWN,12.53,5,5,2.506
90056,CHUNKY CRACKED GLAZE NECKLACE IVORY,43.510000000000005,4,4,10.877500000000001
90057,DIAMANTE RING ASSORTED IN BOX.,1311.36,1008,22,1.3472727272727272
90058A,CRYSTAL STUD EARRINGS CLEAR DISPLAY,123.12,324,7,0.38
90058B,CRYSTAL STUD EARRINGS ASSORTED COL,232.56,612,15,0.38
90059A,DIAMANTE HAIR GRIP PACK/2 CRYSTAL,64.63,39,26,1.659230769230769
90059B,DIAMANTE HAIR GRIP PACK/2 BLACK DIA,16.619999999999997,10,9,1.6633333333333333
90059C,DIAMANTE HAIR GRIP PACK/2 MONTANA,14.889999999999999,9,9,1.6544444444444444
90059D,DIAMANTE HAIR GRIP PACK/2 PERIDOT,31.549999999999997,19,18,1.661111111111111
90059E,DIAMANTE HAIR GRIP PACK/2 RUBY,31.47,19,14,1.6557142857142857
90059F,DIAMANTE HAIR GRIP PACK/2 LT ROSE,24.79,15,13,1.6530769230769229
90060B,FIRE POLISHED GLASS NECKL GOLD,5.95,1,1,5.95
90060D,FIRE POLISHED GLASS NECKL BRONZE,17.85,3,3,5.95
90060F,FIRE POLISHED GLASS NECKL GREEN,35.160000000000004,6,6,5.86
90062,CARNIVAL BRACELET,558.03,44,26,12.656538461538462
90063A,WHITE VINT ART DECO CRYSTAL NECKLAC,102,12,8,8.5
90063B,BLACK VINT ART DEC CRYSTAL NECKLACE,76.32,9,6,8.47
90064A,WHITE VINTAGE CRYSTAL EARRINGS,38.7,10,6,3.95
90064B,BLACK VINTAGE  CRYSTAL EARRINGS,41.25,11,6,3.75
90065A,WHITE VINTAGE CRYSTAL BRACELET,47.25,7,4,6.75
90065B,BLACK VINT ART DEC CRYSTAL BRACELET,13.5,2,2,6.75
90067A,PINK VINTAGE VICTORIAN EARRINGS,41.150000000000006,14,7,2.928571428571429
90067B,BROWN VINTAGE VICTORIAN EARRINGS,5.8,2,2,2.9
90068,"RUBY GLASS NECKLACE 42""",7.5,1,1,7.5
90069,RUBY GLASS CLUSTER NECKLACE,15,2,1,7.5
90070,RUBY GLASS CLUSTER BRACELET,104.79,17,13,6.197692307692308
90071,RUBY GLASS CLUSTER EARRINGS,54.62,44,33,1.2387878787878788
90072,RUBY DROP CHANDELIER EARRINGS,83.42,21,14,4.083571428571429
90073,VINTAGE ENAMEL & CRYSTAL EARRINGS,134.70000000000002,27,18,5.008333333333334
90074,BLACK DIAMOND CLUSTER NECKLACE,37.239999999999995,4,3,9.43
90075,MONTANA DIAMOND CLUSTER NECKLACE,37.66,4,3,9.363333333333333
90076,MONTANA DIAMOND CLUSTER EARRINGS,24.119999999999997,9,4,2.8425
90077,BLACK DIAMOND CLUSTER EARRINGS,8.82,3,3,2.94
90078,PINK/WHITE GLASS DEMI CHOKER,15,2,1,7.5
90079,VINTAGE ENAMEL & CRYSTAL NECKLACE,49.760000000000005,10,4,4.9925
90081A,LILY BROOCH AMETHYST COLOUR,74.25,15,8,4.95
90081B,LILY BROOCH WHITE/SILVER COLOUR,4.95,1,1,4.95
90081C,LILY BROOCH OLIVE COLOUR,99.60000000000001,20,15,4.99
90082A,DIAMANTE BOW BROOCH GREEN COLOUR,193.2,30,18,6.483333333333333
90082B,DIAMANTE BOW BROOCH RED COLOUR,158.75,25,10,6.35
90082D,DIAMANTE BOW BROOCH BLACK COLOUR,58.03,9,5,6.438
90083,CRYSTAL CZECH CROSS PHONE CHARM,23.47,25,9,1.47
90084,PINK CRYSTAL GUITAR PHONE CHARM,0.85,1,1,0.85
90085,CRYSTAL STILETTO PHONE CHARM,36.76,34,10,1.48
90086,CRYSTAL FROG PHONE CHARM,77.78999999999999,102,28,1.5003571428571427
90087,CRYSTAL SEA HORSE PHONE CHARM,61.46,107,25,1.4871999999999999
90089,PINK CRYSTAL SKULL PHONE CHARM,13.94,20,9,1.3166666666666667
90092,BLUE CRYSTAL BOOT PHONE CHARM,1.66,1,1,1.66
90093,CLEAR CRYSTAL STAR PHONE CHARM,28.57,52,10,1.1889999999999998
90094,NECKLACE+BRACELET SET FRUIT SALAD,35.699999999999996,14,13,2.55
90096,NECKLACE+BRACELET SET BLUE BLOSSOM,112.21,45,26,2.4815384615384612
90098,NECKLACE+BRACELET PINK BUTTERFLY,58.65,23,9,2.55
90099,NECKLACE+BRACELET SET BLUE HIBISCUS,76.38,27,16,2.8637499999999996
90100,NECKLACE+BRACELET SET PINK DAISY,2.55,1,1,2.55
90101,WHITE FRANGIPANI NECKLACE,82.77,33,16,2.508125
90102,WHITE FRANGIPANI HAIR CLIP,8.5,10,1,0.85
90103,PURPLE FRANGIPANI NECKLACE,72.66,29,16,2.5
90104,PURPLE FRANGIPANI HAIRCLIP,23.16,28,12,0.8291666666666666
90108,BLUE BLOSSOM HAIR CLIP,81.96000000000001,70,12,1.755
90112,PINK DOLLY HAIR CLIPS,2.1,2,1,1.05
90114,SUMMER DAISIES BAG CHARM,417.96,167,88,2.480340909090909
90115,SUMMER BUTTERFLIES BAG CHARM,134.53,54,31,2.485483870967742
90116,FRUIT SALAD BAG CHARM,145.52,64,45,2.4153333333333333
90118,PINK DAISY BAG CHARM,59.339999999999996,24,18,2.4683333333333333
90119,METALIC LEAVES BAG CHARMS,205.06,83,36,2.4691666666666667
90120A,PINK MURANO TWIST BRACELET,29.73,7,3,4.243333333333333
90120B,BLUE MURANO TWIST BRACELET,164.12,39,15,4.201333333333333
90120C,GREEN MURANO TWIST BRACELET,215.20000000000002,51,22,4.202272727272727
90120D,WHITE MURANO TWIST BRACELET,41.790000000000006,10,5,4.208
90122A,PINK CRYSTAL+GLASS BRACELET,104.53,21,14,4.9871428571428575
90122B,JADE CRYSTAL+GLASS BRACELET,29.93,6,6,4.988333333333333
90122C,TURQUOISE CRYSTAL+GLASS BRACELET,119.23,24,11,4.986363636363636
90123A,PINK HEART OF GLASS BRACELET,89.12,15,9,5.935555555555556
90123B,TURQUOISE HEART OF GLASS BRACELET,53.42,9,5,5.924
90123C,GREEN HEART OF GLASS BRACELET,83.29,14,6,5.948333333333333
90123D,WHITE HEART OF GLASS BRACELET,35.31,6,5,5.872
90124A,PINK MURANO TWIST NECKLACE,79.66,8,6,9.959999999999999
90124B,BLUE MURANO TWIST NECKLACE,119.89,12,11,9.994545454545454
90124C,GREEN MURANO TWIST NECKLACE,109.53999999999999,11,8,9.96125
90125A,PINK BERTIE GLASS BEAD BAG CHARM,106.24,115,10,1.54
90125B,AQUA BERTIE GLASS BEAD BAG CHARM,48.06,30,12,2.0741666666666667
90125C,TURQUOISE BERTIE GLASS BEAD CHARM,69.85,77,7,1.4785714285714284
90125D,PURPLE BERTIE GLASS BEAD BAG CHARM,110.03,95,19,2.0989473684210527
90125E,AMBER BERTIE GLASS BEAD BAG CHARM,21.05,11,10,1.942
90126A,PINK BERTIE MOBILE PHONE CHARM,3.36,1,1,3.36
90126C,AMBER BERTIE MOBILE PHONE CHARM,6.58,2,1,3.29
90127A,PINK BEADS+HAND PHONE CHARM,4.92,2,1,2.46
90128A,PINK LEAVES AND BEADS PHONE CHARM,7.43,3,2,2.485
90128B,BLUE LEAVES AND BEADS PHONE CHARM,3.76,2,2,1.88
90128C,GREEN LEAVES AND BEADS PHONE CHARM,4.97,2,2,2.485
90128D,PURPLE LEAVES AND BEADS PHONE CHAR,4.97,2,2,2.485
90129A,PINK GLASS TASSLE BAG CHARM,82.98,45,20,1.837
90129B,TURQUOISE GLASS TASSLE BAG CHARM,121.38000000000001,57,20,2.035
90129C,GREEN GLASS TASSLE BAG CHARM,79.76,35,16,2.130625
90129D,AMBER GLASS TASSLE BAG CHARM,33.440000000000005,14,7,2.0157142857142856
90129E,PURPLE GLASS TASSLE BAG CHARM,77.03999999999999,42,14,1.7328571428571429
90129F,RED GLASS TASSLE BAG CHARM,88.03,40,16,2.1325
90130A,WHITE STONE/CRYSTAL EARRINGS,17.5,6,6,2.9166666666666665
90130B,TURQ STONE/CRYSTAL EARRINGS,113.97,39,31,2.9183870967741936
90130C,GREEN STONE/CRYSTAL EARRINGS,40.95,14,13,2.922307692307692
90130D,RED STONE/CRYSTAL EARRINGS,8.7,3,3,2.9
90131,PINK/AMETHYST/GOLD NECKLACE,34.870000000000005,5,2,7.01
90132,LIGHT TOPAZ TEAL/AQUA COL NECKLACE,15.16,3,3,5.053333333333334
90133,TEAL/FUSCHIA COL BEAD NECKLACE,94.43,19,13,4.979230769230769
90134,OLD ROSE COMBO BEAD NECKLACE,157.5,54,45,2.912
90135,ORANGE/WHT/FUSCHIA STONES NECKLACE,39.660000000000004,8,2,4.965
90135A,ORANGE/FUSCHIA STONES NECKLACE,4.98,1,1,4.98
90136,PALE PINK/AMETHYST STONE NECKLACE,29.849999999999998,3,2,9.95
90137,PINK COMBO MINI CRYSTALS NECKLACE,16.310000000000002,3,3,5.4366666666666665
90138,WHITE/PINK MINI CRYSTALS NECKLACE,52.42,10,7,5.367142857142857
90140,PINK SWEETIE NECKLACE,15.120000000000001,2,2,7.5600000000000005
90141A,GREEN PENDANT TRIPLE SHELL NECKLACE,63.11000000000001,12,10,5.321000000000001
90141B,IVORY PENDANT TRIPLE SHELL NECKLACE,44.86,9,5,5.0120000000000005
90141C,TURQ PENDANT TRIPLE SHELL NECKLACE,52.31,10,8,5.3012500000000005
90141D,ROSE PENDANT TRIPLE SHELL NECKLACE,20.36,4,2,5.23
90141E,ORANGE PENDANT TRIPLE SHELL NECKLAC,24.75,5,2,4.95
90142A,GREEN PENDANT SHELL NECKLACE,5.09,1,1,5.09
90142D,MOP PENDANT SHELL NECKLACE,49.64,10,4,4.985
90143,SILVER BRACELET W PASTEL FLOWER,237.18,31,18,7.696666666666667
90144,SILVER DROP EARRINGS WITH FLOWER,67.36,18,14,3.74
90145,SILVER HOOP EARRINGS WITH FLOWER,168,28,18,6.027777777777778
90146,FINE SILVER NECKLACE W PASTEL FLOWE,95.35,17,7,7.192857142857143
90147,CHUNKY SILVER NECKLACE PASTEL FLOWE,304.11,30,22,10.205
90148,LONG SILVER NECKLACE PASTEL FLOWER,88.98,7,5,12.696
90149,SILVER FLOWR PINK SHELL NECKLACE,342.76000000000005,53,4,7.21
90151,SILVER/NATURAL SHELL NECKLACE,68,8,4,8.5
90152A,SILVER/NAT SHELL NECKLACE W PENDANT,28.76,5,5,5.752
90152B,BLUE/GREEN SHELL NECKLACE W PENDANT,11.46,2,2,5.73
90152C,BLUE/NAT SHELL NECKLACE W PENDANT,5.95,1,1,5.95
90154,LAZER CUT NECKLACE W PASTEL BEADS,421.75,57,5,8.61
90155,RESIN NECKLACE W PASTEL BEADS,67.62,9,7,7.517142857142857
90156,RESIN BRACELET W PASTEL BEADS,19.8,4,3,4.95
90157,RIVIERA NECKLACE,49.59,10,5,4.968
90158,ST TROPEZ NECKLACE,224.12,45,35,4.9874285714285715
90159,COTE D'AZURE NECKLACE,29.790000000000003,6,5,4.968
90160A,PURPLE BOUDICCA LARGE BRACELET,264.94,38,15,6.982
90160B,RED BOUDICCA LARGE BRACELET,209.73000000000002,30,12,7.0025
90160C,TURQ+RED BOUDICCA LARGE BRACELET,377.04,54,26,7.003076923076923
90160D,PINK BOUDICCA LARGE BRACELET,264.7,38,12,6.970000000000001
90161A,ANT COPPER RED BOUDICCA BRACELET,119.91000000000001,24,21,5.002857142857143
90161B,ANT COPPER TURQ BOUDICCA BRACELET,377.88,76,37,4.984594594594594
90161C,ANT COPPER LIME BOUDICCA BRACELET,412.74,83,50,4.986000000000001
90161D,ANT COPPER PINK BOUDICCA BRACELET,318.89000000000004,64,34,4.997941176470588
90162A,ANT SILVER TURQUOISE BOUDICCA RING,17.700000000000003,6,1,2.95
90162B,ANT SILVER LIME GREEN BOUDICCA RING,76.7,26,9,2.95
90162C,ANT SILVER FUSCHIA BOUDICCA RING,41.300000000000004,14,7,2.95
90162D,ANT SILVER PURPLE BOUDICCA RING,29.500000000000004,10,5,2.95
90163A,PINK ROSEBUD & PEARL NECKLACE,90.32000000000001,12,9,7.5377777777777775
90163B,WHITE ROSEBUD & PEARL NECKLACE,52.72,7,5,7.516
90164A,PINK ROSEBUD PEARL BRACELET,130.67,27,14,6.333571428571429
90164B,WHITE  ROSEBUD PEARL BRACELET,140.98,38,15,5.290666666666667
90165A,PINK ROSEBUD PEARL EARRINGS,39.98,16,15,2.5
90165B,WHITE ROSEBUD  PEARL EARRINGS,47.43,19,18,2.493888888888889
90166,PINK & WHITE ROSEBUD RING,88.04,21,15,4.176
90167,BEADED LOVE HEART JEWELLERY SET,8.5,10,1,0.85
90168,2 DAISIES HAIR COMB,34.86,12,11,2.9054545454545453
90169,DAISY HAIR COMB,32.54,13,10,2.498
90170,DAISY HAIR BAND,120.52999999999999,73,36,1.652222222222222
90173,PAIR BUTTERFLY HAIR CLIPS,120.34,32,17,3.7676470588235293
90174,BUTTERFLY HAIR BAND,64.82,26,19,2.4905263157894737
90175A,WHITE GLASS CHUNKY CHARM BRACELET,245.63,27,25,9.1012
90175B,PINK GLASS CHUNKY CHARM BRACELET,91.68,10,9,9.17
90175C,BLUE GLASS CHUNKY CHARM BRACELET,80.55,9,6,8.95
90175D,TIGRIS EYE CHUNKY CHARM BRACELET,210.04000000000002,23,20,9.1395
90176A,CLASSIC DIAMANTE NECKLACE JET,22.48,3,2,7.49
90176B,DIAMANTE NECKLACE BLACK,30.12,4,3,7.54
90176C,DIAMANTE NECKLACE,23.32,3,2,7.91
90176D,DIAMANTE NECKLACE PURPLE,52.5,7,4,7.5
90176E,DIAMANTE NECKLACE GREEN,29.98,4,3,7.493333333333333
90177A,CLASSIC DIAMANTE EARRINGS JET,23.2,8,8,2.9
90177B,DROP DIAMANTE EARRINGS BLACK DIAMON,41.010000000000005,14,7,2.922857142857143
90177C,DROP DIAMANTE EARRINGS CRYSTAL,58.53,20,13,2.9215384615384616
90177D,DROP DIAMANTE EARRINGS PURPLE,55.830000000000005,19,13,2.933076923076923
90177E,DROP DIAMANTE EARRINGS GREEN,23.38,8,8,2.9225
90178A,AMBER CHUNKY GLASS+BEAD NECKLACE,95.25,8,8,11.90625
90178B,PURPLE CHUNKY GLASS+BEAD NECKLACE,11.95,1,1,11.95
90179A,AMBER FINE BEAD NECKLACE W TASSEL,35.31,6,5,5.872
90179B,PURPLE FINE BEAD NECKLACE W TASSEL,17.59,3,3,5.863333333333333
90179C,BLACK FINE BEAD NECKLACE W TASSEL,35.44,6,6,5.906666666666667
90180A,BLACK+WHITE NECKLACE W TASSEL,127.24,17,9,9.182222222222222
90180B,PURPLE AMETHYST NECKLACE W TASSEL,49.81,5,5,9.962
90181A,AMBER GLASS/SHELL/PEARL NECKLACE,64.04,7,7,9.14857142857143
90181B,AMETHYST GLASS/SHELL/PEARL NECKLACE,137.63,15,14,9.177142857142858
90181C,BLACK GLASS/SHELL/PEARL NECKLACE,9.15,1,1,9.15
90182A,AMBER 3 BEAD DROP EARRINGS,23.2,8,8,2.9
90182B,AMETHYST 3 BEAD DROP EARRINGS,14.5,5,5,2.9
90182C,BLACK 3 BEAD DROP EARRINGS,23.259999999999998,8,8,2.9074999999999998
90183A,AMBER DROP EARRINGS W LONG BEADS,99.54,34,22,2.92
90183B,AMETHYST DROP EARRINGS W LONG BEADS,61.08,21,17,2.9105882352941177
90183C,BLACK DROP EARRINGS W LONG BEADS,29.05,10,10,2.905
90184A,AMBER CHUNKY BEAD BRACELET W STRAP,117.73,13,9,9.1033333333333335
90184B,AMETHYST CHUNKY BEAD BRACELET W STR,297.94,33,21,9.054285714285713
90184C,BLACK CHUNKY BEAD BRACELET W STRAP,199.67,22,18,9.10388888888889
90185A,AMBER DIAMANTE EXPANDABLE RING,105.53,25,12,4.198333333333333
90185B,AMETHYST DIAMANTE EXPANDABLE RING,71.52000000000001,17,11,4.184545454545455
90185C,BLACK DIAMANTE EXPANDABLE RING,84.59,20,9,4.204444444444444
90185D,CRYSTAL DIAMANTE EXPANDABLE RING,148.63,35,11,4.239090909090909
90186A,AMETHYST HOOP EARRING FLORAL LEAF,32.16,11,9,2.9233333333333333
90186B,CRYSTAL HOOP EARRING FLORAL LEAF,64.58,22,15,2.932
90187A,BLUE DROP EARRINGS W BEAD CLUSTER,3.32,1,1,3.32
90187B,GREEN DROP EARRINGS W BEAD CLUSTER,40.03,12,8,3.3325
90188,DROP EARRINGS W FLOWER & LEAF,22.58,9,7,2.517142857142857
90189A,SILVER 2 STRAND NECKLACE-LEAF CHARM,15,2,2,7.5
90190A,SILVER/CRYSTAL DROP EARRINGS W LEAF,46.760000000000005,16,10,2.911
90190B,GOLD/AMBER DROP EARRINGS W LEAF,38.18,13,7,2.9242857142857144
90190C,SILVER/AMETHYST DROP EARRINGS LEAF,58.43,20,19,2.92
90191,SILVER LARIAT 40CM,163.82,26,10,9.729000000000001
90192,JADE DROP EARRINGS W FILIGREE,209.10000000000002,42,25,4.9956000000000005
90194,SILVER LARIAT BLACK STONE EARRINGS,67.87,16,10,4.237
90195A,PURPLE GEMSTONE BRACELET,122.84,19,10,7.229
90195B,BLACK GEMSTONE BRACELET,29.98,4,4,7.495
90196A,PURPLE GEMSTONE NECKLACE 45CM,102,8,5,12.75
90196B,BLACK GEMSTONE NECKLACE 45CM,63.480000000000004,5,5,12.696
90197B,BLACK GLASS BRACELET W HEART CHARMS,174.73000000000002,35,27,4.994074074074074
90198A,VINTAGE ROSE BEAD BRACELET RASPBERR,315.73,75,44,4.195227272727273
90198B,VINTAGE ROSE BEAD BRACELET BLACK,152.4,36,17,4.214705882352941
90199A,5 STRAND GLASS NECKLACE BLACK,69.63,11,6,6.3133333333333335
90199B,5 STRAND GLASS NECKLACE AMETHYST,56.59,9,8,6.28
90199C,5 STRAND GLASS NECKLACE CRYSTAL,113.94,18,9,6.317272727272727
90199D,5 STRAND GLASS NECKLACE AMBER,37.620000000000005,6,6,6.2700000000000005
90200A,PURPLE SWEETHEART BRACELET,328.44,78,50,4.1948
90200B,BLACK SWEETHEART BRACELET,388.58,92,46,4.203913043478261
90200C,BLUE SWEETHEART BRACELET,211.43,50,26,4.22
90200D,PINK SWEETHEART BRACELET,725.32,175,78,4.1883333333333335
90200E,GREEN SWEETHEART BRACELET,423.41,103,44,4.1877272727272725
90201A,PURPLE ENAMEL FLOWER RING,202.51000000000002,69,28,2.9217857142857144
90201B,BLACK ENAMEL FLOWER RING,235.20000000000002,80,22,2.934090909090909
90201C,RED ENAMEL FLOWER RING,167.72000000000003,57,20,2.9335
90201D,GREEN ENAMEL FLOWER RING,225.84,77,31,2.9203225806451614
90202A,PURPLE ENAMEL FLOWER HAIR TIE,46.58,16,14,2.912857142857143
90202B,WHITE ENAMEL FLOWER HAIR TIE,31.95,11,9,2.9055555555555554
90202C,GREEN ENAMEL FLOWER HAIR TIE,41.01,14,13,2.9315384615384614
90202D,PINK ENAMEL FLOWER HAIR TIE,46.760000000000005,16,10,2.911
90204,PAIR OF ENAMEL BUTTERFLY HAIRCLIP,83.46,25,17,3.336470588235294
90205A,LARGE MINT DIAMANTE HAIRSLIDE,51.51,31,16,1.6624999999999999
90205C,LARGE CRYSTAL DIAMANTE HAIRSLIDE,48.21,29,15,1.6553333333333333
90206A,GOLD DIAMANTE STAR BROOCH,59.800000000000004,12,9,4.9944444444444445
90206C,CRYSTAL DIAMANTE STAR BROOCH,224.73000000000002,45,31,4.990967741935484
90208,PAIR OF PINK FLOWER CLUSTER SLIDE,117.39999999999999,47,36,2.496111111111111
90209A,PURPLE ENAMEL+GLASS HAIR COMB,151.2,78,3,1.9833333333333334
90209B,GREEN ENAMEL+GLASS HAIR COMB,355.64,184,54,2.074
90209C,PINK ENAMEL+GLASS HAIR COMB,474.2,260,30,2.058
90210A,GREY ACRYLIC FACETED BANGLE,57.55,34,10,2.415
90210B,CLEAR ACRYLIC FACETED BANGLE,61.56,41,7,2.1514285714285717
90210C,RED   ACRYLIC FACETED BANGLE,130.51,99,10,2.206
90210D,PURPLE ACRYLIC FACETED BANGLE,132.05,107,8,1.6
90211A,DIAMOND LAS VEGAS NECKLACE 45CM,70.97,12,8,5.91375
90211B,JET BLACK LAS VEGAS NECKLACE 45CM,41.36,7,5,5.894
90212B,JET BLACK LAS VEGAS BRACELET ROUND,37.62,10,8,3.765
90212C,PURPLE LAS VEGAS BRACELET ROUND,26.25,7,3,3.75
90214A,"LETTER ""A"" BLING KEY RING",111.66,130,56,0.9039285714285714
90214B,"LETTER ""B"" BLING KEY RING",24.77,37,22,0.8281818181818181
90214C,"LETTER ""C"" BLING KEY RING",72.77,91,33,0.8336363636363636
90214D,"LETTER ""D"" BLING KEY RING",49.9,68,32,0.865625
90214E,"LETTER ""E"" BLING KEY RING",53.199999999999996,72,30,0.8506666666666667
90214F,"LETTER ""F"" BLING KEY RING",15.43,27,15,0.7606666666666666
90214G,"LETTER ""G"" BLING KEY RING",40.199999999999996,60,30,0.8353333333333333
90214H,"LETTER ""H"" BLING KEY RING",36.76,48,30,0.8546666666666667
90214I,"LETTER ""I"" BLING KEY RING",29.619999999999997,38,13,0.7838461538461539
90214J,"LETTER ""J"" BLING KEY RING",57.209999999999994,71,41,0.8602439024390244
90214K,"LETTER ""K"" BLING KEY RING",60.699999999999996,78,38,0.891578947368421
90214L,"LETTER ""L"" BLING KEY RING",65.03999999999999,94,37,0.8386486486486486
90214M,"LETTER ""M"" BLING KEY RING",49.82,60,28,0.8742857142857142
90214N,"LETTER ""N"" BLING KEY RING",29.23,41,24,0.8416666666666667
90214O,"LETTER ""O"" BLING KEY RING",6.819999999999999,16,5,0.726
90214P,"LETTER ""P"" BLING KEY RING",20.23,39,16,0.8125
90214R,"LETTER ""R"" BLING KEY RING",28.009999999999998,41,25,0.8251999999999999
90214S,"LETTER ""S"" BLING KEY RING",71,94,41,0.8251219512195122
90214T,"LETTER ""T"" BLING KEY RING",13.459999999999999,24,11,0.7827272727272727
90214U,"LETTER ""U"" BLING KEY RING",3.4799999999999995,12,1,0.29
90214V,"LETTER ""V"" BLING KEY RING",15.979999999999999,26,14,0.8542857142857142
90214W,"LETTER ""W"" BLING KEY RING",6.819999999999999,16,5,0.726
90214Y,"LETTER ""Y"" BLING KEY RING",22.839999999999996,66,8,0.7525
90214Z,"LETTER ""Z"" BLING KEY RING",11.84,22,10,0.7819999999999999
DCGS0003,BOXED GLASS ASHTRAY,9.94,4,4,2.485
DCGS0004,HAYNES CAMPER SHOULDER BAG,16.63,1,1,16.63
DCGS0069,OOH LA LA DOGS COLLAR,15.79,1,1,15.79
DCGS0070,CAMOUFLAGE DOG COLLAR,12.72,1,1,12.72
DCGS0076,SUNJAR LED NIGHT NIGHT LIGHT,48.39,3,2,16.13
DCGSSBOY,BOYS PARTY BAG,150.55,47,11,3.1045454545454545
DCGSSGIRL,GIRLS PARTY BAG,144.43,47,13,3.1330769230769233
GIFT_0001_10,Dotcomgiftshop Gift Voucher £10.00,74.97,9,8,8.33
GIFT_0001_20,Dotcomgiftshop Gift Voucher £20.00,167.05,10,9,16.70888888888889
GIFT_0001_30,Dotcomgiftshop Gift Voucher £30.00,175.53,7,7,25.075714285714287
GIFT_0001_40,Dotcomgiftshop Gift Voucher £40.00,100.69999999999999,3,3,33.56666666666666
GIFT_0001_50,Dotcomgiftshop Gift Voucher £50.00,167.56,4,4,41.89
PADS,PADS TO MATCH ALL CUSHIONS,0.003,3,3,0.001
