stock_code,description,units_sold,sales_value,units_cancelled,cancelled_value,cancelled_orders
10002,INFLATABLE POLITICAL GLOBE,860,759.89,0,0,3836
10002,NA,180,0,0,0,3836
10080,GROOVY CACTUS INFLATABLE,303,119.08999999999999,0,0,3836
10080,check,22,0,0,0,3836
10080,NA,170,0,0,0,3836
10120,DOGGY RUBBER,192,40.32,0,0,3836
10123C,HEARTS WRAPPING TAPE,5,3.25,0,0,3836
10124A,SPOTS ON RED BOOKCOVER TAPE,16,6.72,0,0,3836
10124G,ARMY CAMO BOOKCOVER TAPE,17,7.14,0,0,3836
10125,MINI FUNKY DESIGN TAPES,1295,993.99,0,0,3836
10133,COLOURING PENCILS BROWN TUBE,2856,1539.6,10,4.2,3836
10135,COLOURING PENCILS BROWN TUBE,2229,2204.89,1,1.25,3836
11001,ASSTD DESIGN RACING CAR PEN,1615,2389.44,185,237.04999999999998,3836
15030,FAN BLACK FRAME,143,41.47,0,0,3836
15030,NA,150,0,0,0,3836
15034,PAPER POCKET TRAVELING FAN,6591,840.0200000000001,1385,108.29000000000002,3836
15036,ASSORTED COLOURS SILK FAN,23826,18569.84,744,505.68,3836
15039,SANDALWOOD FAN,2090,1978.6399999999999,26,22.1,3836
15044A,PINK PAPER PARASOL,458,1439.0200000000002,1,2.95,3836
15044B,BLUE PAPER PARASOL,321,946.83,1,2.95,3836
15044C,PURPLE PAPER PARASOL,313,1022.9900000000001,3,8.05,3836
15044D,RED PAPER PARASOL,644,1819.76,2,5.5,3836
15056BL,EDWARDIAN PARASOL BLACK,2844,15828.84,130,652.5,3836
15056N,EDWARDIAN PARASOL NATURAL,3950,22152.690000000002,57,337.45,3836
15056P,EDWARDIAN PARASOL PINK,776,4354.92,10,58.2,3836
15056bl,EDWARDIAN PARASOL BLACK,87,1086.88,0,0,3836
15056n,EDWARDIAN PARASOL NATURAL,127,1585.2800000000002,0,0,3836
15056p,EDWARDIAN PARASOL PINK,33,412.48,0,0,3836
15058A,BLUE POLKADOT GARDEN PARASOL,200,1668.49,5,37.35,3836
15058A,NA,20,0,0,0,3836
15058B,PINK POLKADOT GARDEN PARASOL,228,1885.27,5,37.35,3836
15058C,ICE CREAM DESIGN GARDEN PARASOL,240,1429.82,0,0,3836
15060B,FAIRY CAKE DESIGN UMBRELLA,451,1807.55,1,3.75,3836
15060B,NA,9,0,0,0,3836
15060b,FAIRY CAKE DESIGN UMBRELLA,3,24.869999999999997,0,0,3836
16008,SMALL FOLDING SCISSOR(POINTED EDGE),2892,360.71,0,0,3836
16010,FOLDING CAMPING SCISSOR W/KNIF & S,30,3.5999999999999996,0,0,3836
16011,ANIMAL STICKERS,1749,367.29,0,0,3836
16012,FOOD/DRINK SPONGE STICKERS,1220,256.2,0,0,3836
16014,SMALL CHINESE STYLE SCISSOR,13328,4335.76,0,0,3836
16015,MEDIUM CHINESE STYLE SCISSOR,662,289.98,0,0,3836
16015,NA,400,0,0,0,3836
16016,LARGE CHINESE STYLE SCISSOR,1273,1053.45,0,0,3836
16020C,CLEAR STATIONERY BOX SET,84,69.89999999999999,0,0,3836
16033,MINI HIGHLIGHTER PENS,840,100.79999999999998,0,0,3836
16033,NA,120,0,0,0,3836
16043,POP ART PUSH DOWN RUBBER,98,11.759999999999998,0,0,3836
16045,POPART WOODEN PENCILS ASST,8900,380,0,0,3836
16046,TEATIME PEN CASE & PENS,65,55.25,0,0,3836
16046,NA,21,0,0,0,3836
16048,TEATIME ROUND PENCIL SHARPENER,1460,205.29999999999998,0,0,3836
16049,TEATIME GEL PENS ASST,504,82.08,0,0,3836
16049,NA,74,0,0,0,3836
16052,TEATIME PUSH DOWN RUBBER,479,115.3,0,0,3836
16054,POPART RECT PENCIL SHARPENER ASST,1166,140.52,108,12.959999999999999,3836
16151A,FLOWERS HANDBAG blue and orange,49,61.25,0,0,3836
16156L,WRAP CAROUSEL,375,157.5,0,0,3836
16156L,"WRAP, CAROUSEL",100,42,0,0,3836
16156S,WRAP PINK FAIRY CAKES,5800,2331,0,0,3836
16161G,WRAP BAD HAIR DAY,700,70,0,0,3836
16161M,WRAP  PINK FLOCK,25,10.5,0,0,3836
16161P,WRAP ENGLISH ROSE,7201,2980.42,25,10.5,3836
16161U,WRAP SUKI AND FRIENDS,4075,1687.5,25,10.5,3836
16162L,THE KING GIFT BAG,20,13,0,0,3836
16162L,NA,30,0,0,0,3836
16162M,THE KING GIFT BAG 25x24x12cm,28,11.76,0,0,3836
16162M,alan hodge cant mamage this section,30,0,0,0,3836
16168M,FUNKY MONKEY GIFT BAG MEDIUM,371,173.12,0,0,3836
16168M,found,44,0,0,0,3836
16169E,WRAP 50'S  CHRISTMAS,4563,1892.46,125,52.5,3836
16169K,WRAP FOLK ART,200,84,0,0,3836
16169M,WRAP DAISY CARPET,660,277.2,0,0,3836
16169N,WRAP BLUE RUSSIAN FOLKART,25,10.5,0,0,3836
16169P,WRAP GREEN RUSSIAN FOLKART,50,21,0,0,3836
16202A,PASTEL PINK PHOTO ALBUM,7,3.5,0,0,3836
16202B,PASTEL BLUE PHOTO ALBUM,29,14.5,0,0,3836
16202E,BLACK PHOTO ALBUM,15,7.5,1,5.55,3836
16206B,RED PURSE WITH PINK HEART,7,8.75,0,0,3836
16207A,PINK STRAWBERRY HANDBAG,60,163.1,0,0,3836
16207A,check,2,0,0,0,3836
16207A,NA,1,0,0,0,3836
16207B,PINK HEART RED HANDBAG,29,76.14,0,0,3836
16207B,NA,4,0,0,0,3836
16216,LETTER SHAPE PENCIL SHARPENER,3333,234,0,0,3836
16218,CARTOON  PENCIL SHARPENERS,3821,283.31,0,0,3836
16219,HOUSE SHAPE PENCIL SHARPENER,3048,407.71999999999997,48,2.88,3836
16225,RATTLE SNAKE EGGS,813,689.35,0,0,3836
16235,RECYCLED PENCIL WITH RABBIT ERASER,3068,695.4,1,0.21,3836
16236,KITTY PENCIL ERASERS,1438,320.09,0,0,3836
16237,SLEEPING CAT ERASERS,4991,1047.93,60,12.6,3836
16238,PARTY TIME PENCIL ERASERS,1396,321.67,0,0,3836
16244B,MAXWELL 2 TONE BLUE 60 PAGE PHOTO A,7,7.85,0,0,3836
16248B,BLUE HOLE PUNCH,13,16.25,0,0,3836
16248B,NA,2,0,0,0,3836
16254,TRANSPARENT ACRYLIC TAPE DISPENSER,40,42.58,0,0,3836
16258A,SWIRLY CIRCULAR RUBBERS IN BAG,472,178.97,1,0.42,3836
16259,PIECE OF CAMO STATIONERY SET,3380,326.56,108,8.64,3836
17001,HEAVENS SCENT FRAGRANCE OILS ASSTD,72,20.88,0,0,3836
17003,BROCADE RING PURSE,23020,6025.95,3,172.8,3836
17007B,S/3 POT POURI CUSHIONS BLUE COLOURS,24,50.400000000000006,0,0,3836
17011F,ORIGAMI SANDLEWOOD INCENSE+FLOWER,81,66.36,0,0,3836
17012A,ORIGAMI VANILLA INCENSE/CANDLE SET,323,375.93,0,0,3836
17012B,ORIGAMI JASMINE INCENSE/CANDLE SET,525,595.85,0,0,3836
17012C,ORIGAMI LAVENDER INCENSE/CANDL SET,420,481.79999999999995,0,0,3836
17012D,ORIGAMI ROSE INCENSE/CANDLE SET,461,547.24,0,0,3836
17012E,ORIGAMI OPIUM INCENSE/CANDLE SET,44,62.64,0,0,3836
17012F,ORIGAMI SANDLEWOOD INCENSE/CAND SET,448,530.6,0,0,3836
17012F,check,14,0,0,0,3836
17013D,ORIGAMI ROSE INCENSE IN TUBE,535,267.82,0,0,3836
17014A,ORIGAMI VANILLA INCENSE CONES,155,71.19,0,0,3836
17014A,NA,11,0,0,0,3836
17021,NAMASTE SWAGAT INCENSE,2391,632.34,0,0,3836
17028J,INCENSE BAZAAR PEACH,6,2.52,0,0,3836
17038,PORCELAIN BUDAH INCENSE HOLDER,1525,158.06,0,0,3836
17084A,TRANQUILITY MASALA INCENSE,200,42,0,0,3836
17084J,LOVE POTION MASALA INCENSE,225,47.25,0,0,3836
17084N,FAIRY DREAMS INCENSE,1264,313.31,0,0,3836
17084P,DRAGONS BLOOD INCENSE,423,104.44,0,0,3836
17084R,ASSORTED INCENSE PACK,4032,760.3199999999999,0,0,3836
17090A,LAVENDER INCENSE 40 CONES IN TIN,109,107.44999999999999,0,0,3836
17090D,VANILLA INCENSE 40 CONES IN TIN,29,36.25,0,0,3836
17091A,LAVENDER INCENSE IN TIN,171,98.91,0,0,3836
17091A,found,84,0,0,0,3836
17091A,NA,84,0,0,0,3836
17091J,VANILLA INCENSE IN TIN,2084,920.67,0,0,3836
17096,ASSORTED LAQUERED INCENSE HOLDERS,2545,455.9800000000001,0,0,3836
17107D,FLOWER FAIRY 5 DRAWER LINERS,59,150.45,0,0,3836
17107D,FLOWER FAIRY 5 SUMMER DRAW LINERS,6,15.299999999999999,0,0,3836
17107D,"FLOWER FAIRY,5 SUMMER B'DRAW LINERS",105,267.75,0,0,3836
17109D,Adjustment,14,0,0,0,3836
17109D,FLOWER FAIRY INCENSE BOUQUET,61,32.35,0,0,3836
17129F,BLUE GLASS GEMS IN BAG,588,553.8299999999999,2,1.7,3836
17136A,BLUE STONES ON WIRE FOR CANDLE,352,29.59,0,0,3836
17136A,check,3,0,0,0,3836
17164B,ASS COL SMALL SAND GECKO P'WEIGHT,27,11.34,0,0,3836
17165D,ASS COL LARGE SAND FROG P'WEIGHT,27,28.35,0,0,3836
17165D,NA,9,0,0,0,3836
17174,ASSTD RASTA KEY-CHAINS,9,3.7800000000000002,0,0,3836
17191A,ROSE FLOWER CANDLE+INCENSE 16X16CM,4,15,0,0,3836
18007,ESSENTIAL BALM 3.5g TIN IN ENVELOPE,5884,395.61,0,0,3836
18094C,WHITE AND BLUE CERAMIC OIL BURNER,192,283.93,0,0,3836
18097A,PINK TALL PORCELAIN T-LIGHT HOLDER,5,12.75,0,0,3836
18097C,WHITE TALL PORCELAIN T-LIGHT HOLDER,695,1591.01,292,571.8000000000001,3836
18098C,PORCELAIN BUTTERFLY OIL BURNER,221,658.75,0,0,3836
18098C,NA,10,0,0,0,3836
18098c,PORCELAIN BUTTERFLY OIL BURNER,52,263.12,0,0,3836
20615,BLUE POLKADOT PASSPORT COVER,313,466.99,0,0,3836
20616,CHERRY BLOSSOM PASSPORT COVER,194,243.53,0,0,3836
20617,FIRST CLASS PASSPORT COVER,93,194.94,0,0,3836
20618,QUEEN OF THE SKIES PASSPORT COVER,148,286.39,0,0,3836
20619,TROPICAL PASSPORT COVER,262,439.65,0,0,3836
20622,VIP PASSPORT COVER,43,94.04,0,0,3836
20622,VIPPASSPORT COVER,142,209.66,0,0,3836
20652,BLUE POLKADOT LUGGAGE TAG,269,346.86,0,0,3836
20653,CHERRY BLOSSOM LUGGAGE TAG,73,95.17999999999999,0,0,3836
20654,FIRST CLASS LUGGAGE TAG,152,193.59,0,0,3836
20655,QUEEN OF SKIES LUGGAGE TAG,197,292.29,0,0,3836
20657,TROPICAL LUGGAGE TAG,73,105.91,0,0,3836
20658,RED RETROSPOT LUGGAGE TAG,433,652.11,12,15,3836
20659,ECONOMY LUGGAGE TAG,158,246.84,0,0,3836
20661,BLUE POLKADOT PURSE,44,141.15,0,0,3836
20662,FIRST CLASS HOLIDAY PURSE,31,90.42,0,0,3836
20663,QUEEN OF THE SKIES HOLIDAY PURSE,25,66.25999999999999,0,0,3836
20664,TROPICAL HOLIDAY PURSE,32,81.66,0,0,3836
20664,NA,9,0,0,0,3836
20665,RED RETROSPOT PURSE,461,1546.2700000000002,0,0,3836
20665,dotcom,21,0,0,0,3836
20666,ECONOMY HOLIDAY PURSE,30,41.53,0,0,3836
20667,CHERRY BLOSSOM PURSE,20,49.69,0,0,3836
20668,DISCO BALL CHRISTMAS DECORATION,12883,1501.4,0,0,3836
20669,RED HEART LUGGAGE TAG,304,447.34,0,0,3836
20670,VIP HOLIDAY PURSE,14,44.04,0,0,3836
20671,BLUE TEATIME PRINT BOWL,10,12.5,0,0,3836
20674,GREEN POLKADOT BOWL,1563,2016.23,6,7.5,3836
20675,BLUE POLKADOT BOWL,3120,3983.1200000000003,12,15,3836
20676,RED RETROSPOT BOWL,5023,6374.81,22,27.5,3836
20677,PINK POLKADOT BOWL,3674,4747.34,5,6.25,3836
20678,LARGE BLACK DIAMANTE HAIRSLIDE,4,6.6,0,0,3836
20679,EDWARDIAN PARASOL RED,1710,10021.42,9,53.550000000000004,3836
20681,PINK POLKADOT CHILDRENS UMBRELLA,140,506.96,2,6.5,3836
20682,RED RETROSPOT CHILDRENS UMBRELLA,1239,4171.33,20,65,3836
20684,STRAWBERRY DREAM CHILDS UMBRELLA,80,270.56,0,0,3836
20684,NA,1,0,0,0,3836
20685,DOORMAT RED RETROSPOT,4089,28049.54,66,461.22,3836
20686,DOLLY MIXTURE CHILDREN'S UMBRELLA,267,922.67,0,0,3836
20694,FLORAL PINK MONSTER,43,187.54,0,0,3836
20695,FLORAL BLUE MONSTER,5,21.25,0,0,3836
20696,FLORAL SOFT CAR TOY,54,230.81,0,0,3836
20697,LITTLE GREEN MONSTER SOFT TOY,19,48.449999999999996,0,0,3836
20698,LITTLE PINK MONSTER SOFT TOY,17,43.349999999999994,0,0,3836
20699,MOUSEY LONG LEGS SOFT TOY,97,266.03,0,0,3836
20700,GREEN CAT FLORAL CUSHION COVER,73,345.17,0,0,3836
20701,PINK CAT FLORAL CUSHION COVER,25,100.97,0,0,3836
20702,PINK PADDED MOBILE,134,573.54,0,0,3836
20702,NA,11,0,0,0,3836
20703,BLUE PADDED SOFT MOBILE,1,4.25,7,29.75,3836
20704,MR ROBOT SOFT TOY,216,697.7,4,27.8,3836
20705,MRS ROBOT SOFT TOY,143,428.85,1,1.95,3836
20707,CRAZY DAISY HEART DECORATION,464,468.39,1,1.25,3836
20711,JUMBO BAG TOYS,5008,11014.62,22,40.31,3836
20712,JUMBO BAG WOODLAND ANIMALS,9773,22092.420000000002,240,426.46,3836
20713,Found,100,0,0,0,3836
20713,JUMBO BAG OWLS,11429,23001.06,243,431.43,3836
20713,Marked as 23343,400,0,0,0,3836
20713,found,100,0,0,0,3836
20713,wrongly coded 23343,1000,0,0,0,3836
20713,wrongly marked 23343,200,0,0,0,3836
20713,NA,80,0,0,0,3836
20716,PARTY FOOD SHOPPER BAG,400,469.63,0,0,3836
20716,NA,4,0,0,0,3836
20717,STRAWBERRY SHOPPER BAG,2855,3561.98,22,27.5,3836
20718,RED RETROSPOT SHOPPER BAG,4769,6604.29,35,42.99,3836
20719,WOODLAND CHARLOTTE BAG,13292,16744.45,112,87.39999999999999,3836
20723,STRAWBERRY CHARLOTTE BAG,9793,12548.15,75,62.71,3836
20724,RED RETROSPOT CHARLOTTE BAG,17767,21773.39,223,170.31,3836
20725,LUNCH BAG RED RETROSPOT,19232,35572.36,574,854.7,3836
20725,LUNCH BAG RED SPOTTY,200,290,0,0,3836
20726,LUNCH BAG WOODLAND,9910,18283.78,82,134.9,3836
20727,LUNCH BAG  BLACK SKULL.,12195,22346.96,128,202.2,3836
20728,LUNCH BAG CARS BLUE,11786,21699.48,214,327.5,3836
20731,POSY CANDY BAG,92,109.96,0,0,3836
20731,NA,11,0,0,0,3836
20733,GOLD MINI TAPE MEASURE,1234,956.36,300,216,3836
20734,SILVER MINI TAPE MEASURE,158,271.21999999999997,0,0,3836
20734,NA,2,0,0,0,3836
20735,BLACK MINI TAPE MEASURE,624,625.8,0,0,3836
20748,Found,40,0,0,0,3836
20748,KENSINGTON COFFEE SET,57,751.17,0,0,3836
20748,NA,12,0,0,0,3836
20749,ASSORTED COLOUR MINI CASES,1762,12550.57,8,63.6,3836
20750,RED RETROSPOT MINI CASES,1747,12634.98,6,47.7,3836
20751,FUNKY WASHING UP GLOVES ASSORTED,971,2041.5200000000002,1,2.1,3836
20752,BLUE POLKADOT WASHING UP GLOVES,407,920.45,2,4.2,3836
20754,Found,57,0,0,0,3836
20754,RETROSPOT RED WASHING UP GLOVES,1457,3088.86,1,2.1,3836
20755,BLUE PAISLEY POCKET BOOK,306,271.16999999999996,0,0,3836
20756,GREEN FERN POCKET BOOK,63,53.55,0,0,3836
20757,RED DAISY POCKET BOOK,158,136.64,0,0,3836
20758,ABSTRACT CIRCLES POCKET BOOK,159,135.15,0,0,3836
20759,CHRYSANTHEMUM POCKET BOOK,64,54.4,0,0,3836
20760,GARDEN PATH POCKET BOOK,69,58.65,0,0,3836
20760,NA,31,0,0,0,3836
20761,BLUE PAISLEY SKETCHBOOK,120,505.97,0,0,3836
20762,GREEN FERN SKETCHBOOK,106,420.08,0,0,3836
20763,DAISY SKETCHBOOK,73,205.04,0,0,3836
20764,ABSTRACT CIRCLES SKETCHBOOK,142,603.31,0,0,3836
20765,CHRYSANTHEMUM SKETCHBOOK,102,416.05,0,0,3836
20766,GARDEN PATH SKETCHBOOK,122,493.57,0,0,3836
20767,BLUE PAISLEY JOURNAL,250,656.06,0,0,3836
20768,GREEN FERN JOURNAL,176,438.57,0,0,3836
20769,DAISY JOURNAL,80,217.56,0,0,3836
20770,ABSTRACT CIRCLE JOURNAL,184,447.25,0,0,3836
20771,CHRYSANTHEMUM  JOURNAL,102,267.13,0,0,3836
20772,GARDEN PATH JOURNAL,247,621.1899999999999,1,2.55,3836
20773,BLUE PAISLEY NOTEBOOK,56,92.39999999999999,0,0,3836
20774,GREEN FERN NOTEBOOK,86,141.23999999999998,0,0,3836
20774,NA,12,0,0,0,3836
20775,DAISY NOTEBOOK,134,233.54,0,0,3836
20777,CHRYSANTHEMUM NOTEBOOK,169,282.48999999999995,0,0,3836
20778,GARDEN PATH NOTEBOOK,15,24.749999999999996,0,0,3836
20778,NA,2,0,0,0,3836
20780,BLACK EAR MUFF HEADPHONES,47,312.7,0,0,3836
20781,GOLD EAR MUFF HEADPHONES,35,212.26,1,5.49,3836
20782,CAMOUFLAGE EAR MUFF HEADPHONES,53,368.08,0,0,3836
20785,FUSCHIA RETRO BAR STOOL,14,523.3000000000001,0,0,3836
20793,BLUE TILED TRAY,8,54,5,33.75,3836
20794,BLUE  TILE HOOK,99,282.78999999999996,9,22.95,3836
20795,LARGE BLUE PROVENCAL CERAMIC BALL,49,113.05000000000001,6,12.6,3836
20796,SMALL BLUE PROVENCAL CERAMIC BALL,62,103.94,0,0,3836
20798,CLEAR MILKSHAKE GLASS,36,75.60000000000001,4,6.6,3836
20798,NA,5,0,0,0,3836
20801,LARGE PINK GLASS SUNDAE DISH,1013,1157.8,32,24,3836
20801,NA,6,0,0,0,3836
20802,SMALL GLASS SUNDAE DISH CLEAR,739,984.4699999999999,39,20.07,3836
20803,SMALL PINK GLASS SUNDAE DISH,939,476.38,68,28.56,3836
20816,GOLD FLOWER CUSHION COVER,8,15.6,0,0,3836
20818,GOLD TEDDY BEAR,15,42.7,0,0,3836
20819,SILVER TEDDY BEAR,64,244.72,0,0,3836
20820,SILVER LOOKING MIRROR,5,24.75,0,0,3836
20821,GOLDIE LOOKING MIRROR,17,84.15,12,59.400000000000006,3836
20821,NA,9,0,0,0,3836
20823,GOLD WINE GOBLET,164,129.56,0,0,3836
20826,SILVER APERITIF GLASS,276,128.4,0,0,3836
20827,GOLD APERITIF GLASS,88,34.32,0,0,3836
20828,GLITTER BUTTERFLY CLIPS,1128,3074.7799999999997,0,0,3836
20829,GLITTER HANGING BUTTERFLY STRING,1314,2722.9500000000003,120,205.26,3836
20830,SILVER PHOTO FRAME,136,409.83,1,2.1,3836
20831,GOLD PHOTO FRAME,216,466.53000000000003,0,0,3836
20832,RED FLOCK LOVE HEART PHOTO FRAME,1067,572.67,1,0.85,3836
20832,check,110,0,0,0,3836
20835,FRENCH LATTICE CUSHION COVER,67,65.8,0,0,3836
20836,FRENCH PAISLEY CUSHION COVER,170,141.1,12,9.959999999999999,3836
20837,FRENCH FLORAL CUSHION COVER,141,142.47,0,0,3836
20838,FRENCH LATTICE CUSHION COVER,385,461.45,12,10.2,3836
20839,FRENCH PAISLEY CUSHION COVER,575,840.4399999999999,0,0,3836
20840,FRENCH FLORAL CUSHION COVER,533,632.3199999999999,12,10.2,3836
20845,ZINC HEART LATTICE 2 WALL PLANTER,19,120.64999999999999,0,0,3836
20846,ZINC HEART LATTICE T-LIGHT HOLDER,716,957.32,0,0,3836
20847,ZINC HEART LATTICE CHARGER LARGE,52,217.58,0,0,3836
20848,ZINC HEART LATTICE CHARGER SMALL,21,61.95,0,0,3836
20849,NA,1,0,0,0,3836
20851,ZINC HEART LATTICE TRAY OVAL,9,53.550000000000004,0,0,3836
20851,NA,1,0,0,0,3836
20854,BLUE PATCH PURSE PINK HEART,242,383.02,14,23.099999999999998,3836
20856,DENIM PATCH PURSE PINK BUTTERFLY,216,357.28999999999996,10,16.5,3836
20857,BLUE ROSE PATCH PURSE PINK BUTTERFL,32,52.8,15,24.75,3836
20860,GOLD COSMETICS BAG WITH BUTTERFLY,1,2.1,0,0,3836
20861,GOLD COSMETIC BAG PINK STAR,2,4.2,0,0,3836
20866,BLUE ROSE FABRIC MIRROR,597,709.7,120,127.2,3836
20867,PINK ROSE FABRIC MIRROR,331,393.46999999999997,0,0,3836
20868,SILVER FABRIC MIRROR,458,219.35000000000002,0,0,3836
20869,GOLD FABRIC MIRROR,180,86.76,0,0,3836
20871,OPULENT VELVET SET/3 CANDLES,2,8.42,0,0,3836
20878,SET/9 CHRISTMAS T-LIGHTS SCENTED,24,30,0,0,3836
20878,NA,2,0,0,0,3836
20886,BOX OF 9 PEBBLE CANDLES,485,986.23,6,11.7,3836
20886,NA,10,0,0,0,3836
20892,SET/3 TALL GLASS CANDLE HOLDER PINK,4,89.22,0,0,3836
20893,HANGING BAUBLE T-LIGHT HOLDER SMALL,268,609.02,36,75.60000000000001,3836
20894,HANGING BAUBLE T-LIGHT HOLDER LARGE,33,108.71000000000001,0,0,3836
20897,VINTAGE NOTEBOOK PARIS DAYS,107,298.27,12,35.400000000000006,3836
20898,VINTAGE NOTEBOOK TRAVELOGUE,38,105.73,6,17.700000000000003,3836
20901,VINTAGE KEEPSAKE BOX PINK FLOWER,19,85.13,2,12.7,3836
20902,VINTAGE KEEPSAKE BOX PARIS DAYS,112,686.86,0,0,3836
20903,VINTAGE KEEPSAKE BOX TRAVELOGUE,82,441.89,0,0,3836
20906,VINTAGE NOTEBOOK BEAUTY GIRL,3,8.850000000000001,0,0,3836
20910,VINTAGE PHOTO ALBUM PARIS DAYS,8,50.8,0,0,3836
20914,SET/5 RED RETROSPOT LID GLASS BOWLS,6073,17623.350000000002,107,300.85,3836
20914,SET/5 RED SPOTTY LID GLASS BOWLS,288,734.4,0,0,3836
20931,BLUE POT PLANT CANDLE,299,1060.9,15,45.050000000000004,3836
20932,PINK POT PLANT CANDLE,204,628.7900000000001,10,29.5,3836
20933,YELLOW POT PLANT CANDLE,23,71.05,0,0,3836
20934,SET/3 POT PLANT CANDLES,68,424.46,14,75.3,3836
20935,ROUND CACTUS CANDLE,6,17.700000000000003,0,0,3836
20936,FORKED CACTUS CANDLE,100,319.66,1,2.95,3836
20941,FROG CANDLE,64,83.78,2,2.5,3836
20941,NA,20,0,0,0,3836
20950,NA,1,0,0,0,3836
20954,*USB Office Mirror Ball,2,16.94,0,0,3836
20956,PORCELAIN T-LIGHT HOLDERS ASSORTED,822,1146.52,5,6.25,3836
20956,NA,288,0,0,0,3836
20960,WATERMELON BATH SPONGE,29,72.49,0,0,3836
20961,STRAWBERRY BATH SPONGE,1232,1745.43,50,62.5,3836
20963,APPLE BATH SPONGE,1336,1911.17,0,0,3836
20964,POLYESTER FILLER PAD 60x40cm,2,5.1,0,0,3836
20964,NA,2,0,0,0,3836
20966,SANDWICH BATH SPONGE,719,1022.8,0,0,3836
20966,NA,1,0,0,0,3836
20967,Amazon Adjustment,1,0,0,0,3836
20967,GREY FLORAL FELTCRAFT SHOULDER BAG,265,1027.94,0,0,3836
20969,RED FLORAL FELTCRAFT SHOULDER BAG,1960,7229.43,145,491.91,3836
20970,PINK FLORAL FELTCRAFT SHOULDER BAG,1116,4232.13,3,11.25,3836
20971,PINK BLUE FELT CRAFT TRINKET BOX,10993,13828.1,1321,1405.01,3836
20972,PINK CREAM FELT CRAFT TRINKET BOX,7337,9128.06,24,30,3836
20973,12 PENCIL SMALL TUBE WOODLAND,4497,3210.27,4,2.6,3836
20973,NA,61,0,0,0,3836
20974,12 PENCILS SMALL TUBE SKULL,6976,4527.43,566,367.9,3836
20975,12 PENCILS SMALL TUBE RED RETROSPOT,6633,4383.27,120,78,3836
20975,NA,5,0,0,0,3836
20977,36 PENCILS TUBE WOODLAND,1739,2328.64,75,93.75,3836
20978,36 PENCILS TUBE SKULLS,1795,2395.05,16,20,3836
20979,36 PENCILS TUBE RED RETROSPOT,3734,4723.7300000000005,160,200,3836
20980,36 PENCILS TUBE POSY,79,76.91,9,11.25,3836
20981,12 PENCILS TALL TUBE WOODLAND,1974,1740.57,19,16.15,3836
20982,12 PENCILS TALL TUBE SKULLS,2151,1880.6699999999998,4,3.4,3836
20983,12 PENCILS TALL TUBE RED RETROSPOT,2737,2374.81,7,5.95,3836
20984,12 PENCILS TALL TUBE POSY,3785,1166.07,24,6.959999999999999,3836
20984,found,120,0,0,0,3836
20984,NA,58,0,0,0,3836
20985,HEART CALCULATOR,1179,1540.59,16,19.43,3836
20986,BLUE CALCULATOR RULER,654,829.74,0,0,3836
20992,JAZZ HEARTS PURSE NOTEBOOK,4425,1944.6299999999999,0,0,3836
20996,JAZZ HEARTS ADDRESS BOOK,3191,726.8900000000001,0,0,3836
20997,ROSE DU SUD CUSHION COVER,59,257.61,0,0,3836
20998,ROSE DU SUD OVEN GLOVE,185,505.20000000000005,0,0,3836
21000,ROSE DU SUD COSMETICS BAG,96,360.84,0,0,3836
21001,ROSE DU SUD WASHBAG,73,348.19,0,0,3836
21002,ROSE DU SUD DRAWSTRING BAG,125,428.66,0,0,3836
21003,ROSE DU SUD CUSHION COVER,78,460.58,0,0,3836
21009,ETCHED GLASS STAR TREE DECORATION,1,1.25,0,0,3836
21009,NA,1,0,0,0,3836
21011,GLITTER SNOW PEAR TREE DECORATION,20,29,0,0,3836
21012,ANTIQUE ALL GLASS CANDLESTICK,1169,2614.05,3,6.300000000000001,3836
21014,SWISS CHALET TREE DECORATION,1385,598.8199999999999,0,0,3836
21015,DARK BIRD HOUSE TREE DECORATION,1483,589.55,4,1.16,3836
21018,BIRD BOX CHRISTMAS TREE DECORATION,24,22.06,0,0,3836
21025,SPACE FROG,174,233.52,0,0,3836
21026,SPACE OWL,255,315.75,0,0,3836
21027,NINJA RABBIT PINK,167,187.79,0,0,3836
21027,NA,54,0,0,0,3836
21028,NINJA RABBIT BLACK,187,239.24,0,0,3836
21030,SPACE CADET RED,131,159.7,0,0,3836
21031,SPACE CADET BLACK,52,64.24,0,0,3836
21032,SPACE CADET WHITE,97,117.78,0,0,3836
21033,JUMBO BAG CHARLIE AND LOLA TOYS,1932,4851.73,1,1.79,3836
21033,NA,99,0,0,0,3836
21034,REX CASH+CARRY JUMBO SHOPPER,1878,1784.1,21,19.95,3836
21035,SET/2 RED RETROSPOT TEA TOWELS,2599,8536.85,200,550,3836
21038,SET/4 MODERN VINTAGE COTTON NAPKINS,77,86.75,2,5.9,3836
21039,RED RETROSPOT SHOPPING BAG,523,1353.6899999999998,12,30.599999999999998,3836
21040,MODERN VINTAGE COTTON SHOPPING BAG,22,29.7,0,0,3836
21041,RED RETROSPOT OVEN GLOVE DOUBLE,914,3888.98,3,8.850000000000001,3836
21042,RED RETROSPOT APRON,334,2199.52,6,34.4,3836
21043,APRON MODERN VINTAGE COTTON,492,1139.86,0,0,3836
21051,RIBBONS PURSE,192,377.2,0,0,3836
21051,found,240,0,0,0,3836
21054,NURSE'S BAG SOFT TOY,70,634.53,0,0,3836
21054,NA,1,0,0,0,3836
21055,TOOL BOX SOFT TOY,178,1764.6399999999999,6,53.699999999999996,3836
21056,DOCTOR'S BAG SOFT TOY,184,1765.3999999999999,2,17.9,3836
21058,PARTY INVITES WOODLAND,1154,965.66,12,10.2,3836
21059,PARTY INVITES DINOSAURS,611,528.23,12,10.2,3836
21060,PARTY INVITES BALLOON GIRL,405,359.28999999999996,0,0,3836
21061,PARTY INVITES FOOTBALL,488,451.7,0,0,3836
21062,PARTY INVITES SPACEMAN,538,457.38,0,0,3836
21063,PARTY INVITES JAZZ HEARTS,528,458.30999999999995,0,0,3836
21064,BOOM BOX SPEAKER BOYS,296,1281.2,0,0,3836
21065,BOOM BOX SPEAKER GIRLS,562,1160.58,0,0,3836
21066,VINTAGE RED MUG,702,693.47,12,15,3836
21067,VINTAGE RED TEATIME MUG,317,504.15,27,29.380000000000003,3836
21067,NA,32,0,0,0,3836
21068,VINTAGE BILLBOARD LOVE/HATE MUG,1638,1890.3300000000002,42,45.660000000000004,3836
21069,VINTAGE BILLBOARD TEA MUG,1949,2250.52,701,743.0600000000001,3836
21069,NA,6,0,0,0,3836
21070,VINTAGE BILLBOARD MUG,1106,1184.98,0,0,3836
21071,VINTAGE BILLBOARD DRINK ME MUG,991,1380.28,6,6.36,3836
21071,NA,1,0,0,0,3836
21078,SET/20 STRAWBERRY PAPER NAPKINS,2769,2531.04,0,0,3836
21080,SET/20 RED RETROSPOT PAPER NAPKINS,13204,11312.56,17,14.45,3836
21082,SET/20 FRUIT SALAD PAPER NAPKINS,88,143.44,0,0,3836
21082,found,3,0,0,0,3836
21084,SET/6 COLLAGE PAPER CUPS,2610,773.14,24,4.5600000000000005,3836
21086,SET/6 RED SPOTTY PAPER CUPS,7121,4851.5,0,0,3836
21087,SET/6 POSIES PAPER CUPS,141,74.57000000000001,0,0,3836
21088,SET/6 FRUIT SALAD PAPER CUPS,1678,428.28000000000003,12,2.2800000000000002,3836
21089,SET/6 GREEN SPRING PAPER CUPS,233,48.99,0,0,3836
21090,SET/6 COLLAGE PAPER PLATES,2413,1274.19,36,14.04,3836
21094,SET/6 RED SPOTTY PAPER PLATES,8758,6933.259999999999,0,0,3836
21095,SET/6 POSIES PAPER PLATES,125,118.72999999999999,0,0,3836
21095,NA,55,0,0,0,3836
21096,SET/6 FRUIT SALAD  PAPER PLATES,1259,581.0899999999999,0,0,3836
21098,CHRISTMAS TOILET ROLL,3719,5078.76,39,41.910000000000004,3836
21098,had been put aside,108,0,0,0,3836
21098,NA,19,0,0,0,3836
21100,CHARLIE AND LOLA CHARLOTTE BAG,65,162.21,0,0,3836
21106,CREAM SLICE FLANNEL CHOCOLATE SPOT,237,702.51,0,0,3836
21107,CREAM SLICE FLANNEL PINK SPOT,901,2492.71,0,0,3836
21108,FAIRY CAKE FLANNEL ASSORTED COLOUR,10241,18056.280000000002,3150,6591.420000000001,3836
21109,LARGE CAKE TOWEL CHOCOLATE SPOTS,925,2661.67,0,0,3836
21109,"LARGE CAKE TOWEL, CHOCOLATE SPOTS",11,101.53,0,0,3836
21110,LARGE CAKE TOWEL PINK SPOTS,1105,3815.7,2,13.5,3836
21111,"SWISS ROLL TOWEL, CHOCOLATE  SPOTS",900,1651.02,0,0,3836
21112,SWISS ROLL TOWEL PINK  SPOTS,706,1913.69,0,0,3836
21112,"SWISS ROLL TOWEL, PINK  SPOTS",653,971.44,0,0,3836
21114,LAVENDER SCENTED FABRIC HEART,1341,1778.08,10,12.5,3836
21115,ROSE CARAVAN DOORSTOP,562,3162.2400000000002,0,0,3836
21116,OWL DOORSTOP,707,4051.79,0,0,3836
21117,BLOND DOLL DOORSTOP,109,141.75,0,0,3836
21120,*Boombox Ipod Classic,1,16.98,0,0,3836
21121,SET/10 RED POLKADOT PARTY CANDLES,6606,7998.85,72,90,3836
21122,SET/10 PINK POLKADOT PARTY CANDLES,5325,6488.54,49,61.25,3836
21123,SET/10 IVORY POLKADOT PARTY CANDLES,1143,1380.84,24,30,3836
21124,SET/10 BLUE POLKADOT PARTY CANDLES,4011,4863.05,49,61.25,3836
21125,SET 6 FOOTBALL CELEBRATION CANDLES,657,830.98,2,2.5,3836
21126,SET OF 6 GIRLS CELEBRATION CANDLES,592,748.95,0,0,3836
21128,GOLD FISHING GNOME,68,546.6,0,0,3836
21129,SILVER FISHING GNOME,52,419.52000000000004,2,13.9,3836
21131,GOLD STANDING GNOME,106,398.02,0,0,3836
21132,SILVER STANDING GNOME,44,217.35999999999999,0,0,3836
21134,NA,1,0,0,0,3836
21135,VICTORIAN  METAL POSTCARD SPRING,2869,3206,296,128.72,3836
21136,PAINTED METAL PEARS ASSORTED,4687,7793.14,9,15.209999999999999,3836
21137,BLACK RECORD COVER FRAME,11651,40633.38,15,55.17,3836
21143,ANTIQUE GLASS HEART DECORATION,327,707.23,2,3.9,3836
21143,NA,24,0,0,0,3836
21144,PINK POODLE HANGING DECORATION,5,16.8,12,4.5600000000000005,3836
21145,ANTIQUE GLASS PLACE SETTING,122,152.5,0,0,3836
21145,NA,43,0,0,0,3836
21147,JINGLE BELLS TREE DECORATION,203,415.77,0,0,3836
21147,found,72,0,0,0,3836
21147,NA,100,0,0,0,3836
21154,RED RETROSPOT OVEN GLOVE,4034,6320.51,212,227,3836
21155,RED RETROSPOT PEG BAG,3155,9296.3,238,510.6,3836
21156,RETROSPOT CHILDRENS APRON,3170,6091.0999999999995,39,76.05,3836
21157,RED RETROSPOT WASHBAG,78,225.5,0,0,3836
21158,MOODY GIRL DOOR HANGER,1469,781.87,24,9.36,3836
21159,MOODY BOY  DOOR HANGER,1126,601.79,0,0,3836
21160,KEEP OUT GIRLS DOOR HANGER,1,3.36,0,0,3836
21161,KEEP OUT BOYS DOOR HANGER,143,229.92,0,0,3836
21162,TOXIC AREA  DOOR HANGER,1462,792.98,0,0,3836
21163,DO NOT TOUCH MY STUFF DOOR HANGER,1196,680.55,1,1.25,3836
21164,HOME SWEET HOME METAL SIGN,1766,5155.9800000000005,6,17.700000000000003,3836
21165,BEWARE OF THE CAT METAL SIGN,4154,6935.7,12,20.28,3836
21166,COOK WITH WINE METAL SIGN,10324,20874.440000000002,87,161.1,3836
21167,WHITE SAGE INCENSE,1432,337.14,50,10.5,3836
21169,YOU'RE CONFUSING ME METAL SIGN,4413,7301.7699999999995,18,29.220000000000002,3836
21171,BATHROOM METAL SIGN,438,613.14,0,0,3836
21172,PARTY METAL SIGN,3486,5338.63,13,18.849999999999998,3836
21174,POTTERING IN THE SHED METAL SIGN,4175,9405.76,0,0,3836
21174,found,71,0,0,0,3836
21174,NA,63,0,0,0,3836
21175,GIN + TONIC DIET METAL SIGN,11709,25792.47,2030,3775.33,3836
21175,GIN AND TONIC DIET METAL SIGN,498,1237.5,0,0,3836
21179,NO JUNK MAIL METAL SIGN,1940,1313.79,12,4.68,3836
21181,PLEASE ONE PERSON METAL SIGN,12274,25225.480000000003,87,169.70000000000002,3836
21181,adjustment,190,0,0,0,3836
21181,dotcom,20,0,0,0,3836
21181,on cargo order,192,0,0,0,3836
21181,NA,16,0,0,0,3836
21186,WHITE DOVE HONEYCOMB PAPER GARLAND,2,6.72,0,0,3836
21186,NA,2,0,0,0,3836
21187,WHITE BELL HONEYCOMB PAPER GARLAND,369,648.4499999999999,0,0,3836
21188,3D HEARTS  HONEYCOMB PAPER GARLAND,326,1021.9000000000001,0,0,3836
21189,WHITE HONEYCOMB PAPER GARLAND,355,888.67,0,0,3836
21190,PINK HEARTS PAPER GARLAND,168,245.2,50,72.5,3836
21190,NA,48,0,0,0,3836
21191,LARGE WHITE HONEYCOMB PAPER BELL,562,1451.82,0,0,3836
21192,WHITE BELL HONEYCOMB PAPER,1092,1923.29,0,0,3836
21192,wrongly marked,48,0,0,0,3836
21194,PINK  HONEYCOMB PAPER FAN,498,555.97,10,6.5,3836
21195,PINK  HONEYCOMB PAPER BALL,693,1308.56,0,0,3836
21196,ROUND WHITE CONFETTI IN TUBE,108,189.67999999999998,0,0,3836
21197,MULTICOLOUR  CONFETTI IN TUBE,284,382.96,21,34.65,3836
21198,WHITE HEART CONFETTI IN TUBE,1028,1006.8199999999999,72,59.75999999999999,3836
21199,PINK  HEART CONFETTI IN TUBE,966,888.3299999999999,48,20.16,3836
21200,MULTICOLOUR HONEYCOMB PAPER GARLAND,1119,1531.1399999999999,0,0,3836
21201,TROPICAL  HONEYCOMB PAPER GARLAND,1240,2987.82,1,2.55,3836
21202,DOLLY HONEYCOMB GARLAND,474,485.46,0,0,3836
21204,DAISIES  HONEYCOMB GARLAND,499,868.4399999999999,0,0,3836
21205,MULTICOLOUR 3D BALLS GARLAND,253,677.1899999999999,20,51,3836
21206,STRAWBERRY HONEYCOMB  GARLAND,1290,1610.9199999999998,2,3.3,3836
21207,SKULL AND CROSSBONES  GARLAND,1067,1684.85,0,0,3836
21208,PASTEL COLOUR HONEYCOMB FAN,945,697.77,41,15.989999999999998,3836
21209,MULTICOLOUR HONEYCOMB FAN,1224,886.24,19,8.33,3836
21210,SET OF 72 RETROSPOT PAPER  DOILIES,5808,8368.39,133,173.65,3836
21211,SET OF 72 SKULL PAPER  DOILIES,883,1270.07,0,0,3836
21212,PACK OF 72 RETROSPOT CAKE CASES,36396,21246.45,380,199.38000000000002,3836
21213,PACK OF 72 SKULL CAKE CASES,15169,8414.59,48,26.400000000000002,3836
21215,IVORY PAPER CUP CAKE CASES,1087,744.35,0,0,3836
21216,"SET 3 RETROSPOT TEA,COFFEE,SUGAR",2128,11382.81,16,78.5,3836
21217,RED RETROSPOT ROUND CAKE TINS,1088,11522.439999999999,9,89.55,3836
21218,RED SPOTTY BISCUIT TIN,2433,10116.49,49,165.25,3836
21219,SET/4 BADGES BALLOON GIRL,448,561.84,0,0,3836
21220,SET/4 BADGES DOGS,338,445.01,0,0,3836
21221,SET/4 BADGES CUTE CREATURES,261,340.21999999999997,0,0,3836
21222,SET/4 BADGES BEETLES,265,348.19,0,0,3836
21224,SET/4 SKULL BADGES,914,1080,12,15,3836
21226,POCKET MIRROR WOODLAND,93,80.55,0,0,3836
21228,"POCKET MIRROR ""GLAMOROUS""",5,6.25,0,0,3836
21231,SWEETHEART CERAMIC TRINKET BOX,6054,7617.280000000001,157,188.08,3836
21232,STRAWBERRY CERAMIC TRINKET BOX,10474,14117.58,362,414.5,3836
21232,STRAWBERRY CERAMIC TRINKET POT,1369,2131.2200000000003,22,27.5,3836
21238,RED RETROSPOT CUP,3969,3488.44,51,43.22,3836
21239,PINK  POLKADOT CUP,3016,2707.34,21,17.85,3836
21240,BLUE POLKADOT CUP,3570,3110.2599999999998,36,30.34,3836
21242,RED RETROSPOT PLATE,3373,5699.71,35,59.15,3836
21243,PINK  POLKADOT PLATE,2065,3449.6,8,13.52,3836
21243,PINK POLKADOT PLATE,220,377.56,0,0,3836
21244,BLUE POLKADOT PLATE,2282,3789.3199999999997,15,25.349999999999998,3836
21244,NA,5,0,0,0,3836
21245,GREEN POLKADOT PLATE,1075,1787.2,0,0,3836
21246,RED RETROSPOT BIG BOWL,286,1336.78,2,9.9,3836
21248,DOOR HANGER  MUM + DADS ROOM,205,330.71999999999997,1,1.45,3836
21249,WOODLAND  HEIGHT CHART STICKERS,724,2160,0,0,3836
21250,SET OF SKULL WALL STICKERS,95,274.37,0,0,3836
21251,DINOSAUR HEIGHT CHART STICKER SET,182,568.98,0,0,3836
21253,SET OF PICTURE FRAME  STICKERS,134,590.4200000000001,0,0,3836
21257,VICTORIAN SEWING BOX MEDIUM,688,6901.42,12,88.4,3836
21257,NA,7,0,0,0,3836
21258,VICTORIAN SEWING BOX LARGE,535,7674.8,61,679.7499999999999,3836
21258,NA,7,0,0,0,3836
21259,VICTORIAN SEWING BOX SMALL,1179,7077.200000000001,16,92.2,3836
21260,FIRST AID TIN,1161,3722.23,43,139.75,3836
21261,GREEN GOOSE FEATHER CHRISTMAS TREE,187,672.09,0,0,3836
21262,WHITE GOOSE FEATHER CHRISTMAS TREE,332,1233.21,5,56.75,3836
21263,GREEN GOOSE FEATHER TREE 60CM,167,349.16999999999996,2,3.9,3836
21264,WHITE GOOSE FEATHER TREE 60CM,283,571.65,8,15.6,3836
21265,PINK GOOSE FEATHER TREE 60CM,131,267.21,0,0,3836
21268,VINTAGE BLUE TINSEL REEL,2,0.84,0,0,3836
21269,ANTIQUE CREAM CUTLERY SHELF,29,254.98,0,0,3836
21269,NA,13,0,0,0,3836
21270,ANTIQUE CREAM CUTLERY CUPBOARD,50,530.19,0,0,3836
21272,SALLE DE BAIN HOOK,548,777.57,2,2.5,3836
21272,NA,18,0,0,0,3836
21275,ZINC TOP  2 DOOR WOODEN SHELF,13,270.08,5,76.75,3836
21275,NA,3,0,0,0,3836
21277,FRENCH STYLE EMBOSSED HEART CABINET,26,571.43,2,43.9,3836
21278,VINTAGE KITCHEN PRINT PUDDINGS,31,79.05,0,0,3836
21278,NA,17,0,0,0,3836
21279,VINTAGE KITCHEN PRINT FRUITS,85,266.15,3,7.6499999999999995,3836
21279,NA,14,0,0,0,3836
21280,VINTAGE KITCHEN PRINT VEGETABLES,65,165.75,0,0,3836
21281,VINTAGE KITCHEN PRINT SEAFOOD,43,129.63,0,0,3836
21284,RETROSPOT CANDLE  SMALL,403,374.49,36,30.36,3836
21285,RETROSPOT CANDLE  MEDIUM,365,413.88,24,15.600000000000001,3836
21286,RETROSPOT CANDLE  LARGE,273,362.12,0,0,3836
21287,SCENTED VELVET LOUNGE CANDLE,1790,760.15,0,0,3836
21288,STRIPEY CHOCOLATE NESTING BOXES,355,1061.41,24,61.199999999999996,3836
21289,LARGE STRIPES CHOCOLATE GIFT BAG,567,708.75,20,25,3836
21291,SMALL POLKADOT CHOCOLATE GIFT BAG,943,819.64,0,0,3836
21292,SMALL STRIPES CHOCOLATE GIFT BAG,867,594.51,0,0,3836
21293,MIRRORED DOVE WALL DECORATION,116,276.72,0,0,3836
21294,ETCHED GLASS COASTER,1618,825.49,0,0,3836
21294,NA,100,0,0,0,3836
21306,SET/4 DAISY MIRROR MAGNETS,494,192.73999999999998,19,7.32,3836
21307,SET/4 BUTTERFLY MIRROR MAGNETS,79,39.199999999999996,0,0,3836
21310,CAPIZ CHANDELIER,1,29.95,0,0,3836
21311,SET/4 BIRD MIRROR MAGNETS,459,181.32999999999998,27,7.83,3836
21311,NA,96,0,0,0,3836
21313,GLASS HEART T-LIGHT HOLDER,3321,2893.77,31,23.62,3836
21314,SMALL GLASS HEART TRINKET POT,4246,9798.980000000001,139,270.15000000000003,3836
21316,SMALL CHUNKY GLASS ROMAN  BOWL,159,214.73000000000002,1,2.95,3836
21317,GLASS SPHERE CANDLE STAND MEDIUM,111,684.08,1,4.95,3836
21318,GLASS CHALICE BLUE SMALL,694,421.78,17,16.709999999999997,3836
21319,GLASS CHALICE GREEN  SMALL,161,175.78,1,1.65,3836
21319,adjustment,3,0,0,0,3836
21320,GLASS CHALICE GREEN  LARGE,197,364.22,7,14.700000000000001,3836
21324,HANGING MEDINA LANTERN SMALL,81,259.67,0,0,3836
21324,NA,7,0,0,0,3836
21326,AGED GLASS SILVER T-LIGHT HOLDER,10535,6859.27,21,13.65,3836
21327,SKULLS WRITING SET,864,1484.1299999999999,0,0,3836
21328,BALLOONS  WRITING SET,1337,2410.43,0,0,3836
21329,DINOSAURS  WRITING SET,941,1723.6899999999998,0,0,3836
21331,MOROCCAN BEATEN METAL DISH LARGE,12,165.74,0,0,3836
21332,MOROCCAN BEATEN METAL MIRROR,19,268.1,0,0,3836
21333,CLASSIC WHITE FRAME,56,168.16000000000003,0,0,3836
21336,GOLD WASHBAG,27,54.57,0,0,3836
21340,CLASSIC METAL BIRDCAGE PLANT HOLDER,975,11300.02,28,298.2,3836
21344,MOROCCAN BEATEN METAL DISH,15,160.09,3,29.849999999999998,3836
21348,PINK SPOTS CHOCOLATE NESTING BOXES,140,361.55999999999995,0,0,3836
21348,NA,8,0,0,0,3836
21349,IVY HEART WREATH,18,155.6,4,27,3836
21349,check,1,0,0,0,3836
21349,NA,5,0,0,0,3836
21351,CINAMMON & ORANGE WREATH,104,672.88,7,47.25,3836
21352,EUCALYPTUS & PINECONE  WREATH,378,1511.2600000000002,9,60.75,3836
21354,TOAST ITS - BEST MUM,799,1007.71,0,0,3836
21355,TOAST ITS - I LOVE YOU,789,992.58,0,0,3836
21355,NA,90,0,0,0,3836
21356,TOAST ITS - FAIRY FLOWER,642,703.3,0,0,3836
21357,TOAST ITS - DINOSAUR,19,23.75,0,0,3836
21357,NA,47,0,0,0,3836
21358,TOAST ITS - HAPPY BIRTHDAY,411,493.29,0,0,3836
21359,RELAX LARGE WOOD LETTERS,129,844.28,2,7.9,3836
21359,NA,1,0,0,0,3836
21360,JOY LARGE WOOD LETTERS,39,236.17000000000002,0,0,3836
21361,LOVE LARGE WOOD LETTERS,106,1505.96,4,51,3836
21363,HOME SMALL WOOD LETTERS,243,1403.94,14,69.30000000000001,3836
21364,PEACE SMALL WOOD LETTERS,30,222.96,1,6.75,3836
21365,MIRRORED WALL ART STARS,363,447.09000000000003,0,0,3836
21366,MIRRORED WALL ART PHOTO FRAMES,89,470.17,0,0,3836
21367,MIRRORED WALL ART GENTS,171,199.49,0,0,3836
21368,MIRRORED WALL ART LADIES,163,143.28,0,0,3836
21369,MIRRORED WALL ART SPLODGES,101,161.49,0,0,3836
21370,MIRRORED WALL ART FOXY,16,100.66,0,0,3836
21371,MIRRORED WALL ART POPPIES,287,319.71,0,0,3836
21372,MIRRORED WALL ART TABLE LAMP,75,107.75,0,0,3836
21373,MIRRORED WALL ART SNOWFLAKES,512,389.04,12,9,3836
21374,MIRRORED WALL ART SKULLS,304,463.79,0,0,3836
21375,LARGE CAMPHOR WOOD FIELD MUSHROOM,41,312.77,0,0,3836
21376,LARGE  TALL CAMPHOR WOOD TOADSTOOL,33,192.81,0,0,3836
21377,SMALL CAMPHOR WOOD FIELD  MUSHROOM,121,215.67999999999998,0,0,3836
21378,SMALL TALL CAMPHOR WOOD TOADSTOOL,142,217.89,0,0,3836
21379,CAMPHOR WOOD PORTOBELLO MUSHROOM,178,246.82999999999998,0,0,3836
21380,WOODEN HAPPY BIRTHDAY GARLAND,2165,6307.51,1,2.95,3836
21381,MINI WOODEN HAPPY BIRTHDAY GARLAND,1811,3131.24,25,42.25,3836
21382,SET/4 SPRING FLOWER DECORATION,1143,1376.53,8,6,3836
21383,PACK OF 12 STICKY BUNNIES,991,751.28,2,1.3,3836
21385,IVORY HANGING DECORATION  HEART,3883,3442.45,2,1.7,3836
21386,IVORY HANGING DECORATION  EGG,709,285.64,0,0,3836
21389,IVORY HANGING DECORATION  BIRD,1113,964.2299999999999,1,0.85,3836
21390,FILIGRIS HEART WITH BUTTERFLY,3903,4848.13,3,3.75,3836
21391,FRENCH LAVENDER SCENT HEART,1069,1055.59,3,6.300000000000001,3836
21392,RED POLKADOT PUDDING BOWL,34,46.39,0,0,3836
21393,BLUE POLKADOT PUDDING BOWL,29,38.67,0,0,3836
21393,NA,3,0,0,0,3836
21394,RED POLKADOT BEAKER,3865,1603.77,22,8.58,3836
21394,NA,43,0,0,0,3836
21395,BLUE POLKADOT BEAKER,2838,1139.06,10,3.9,3836
21397,BLUE POLKADOT EGG CUP,1075,550.43,0,0,3836
21398,RED POLKADOT COFFEE  MUG,1532,729.6,0,0,3836
21399,BLUE POLKADOT COFFEE MUG,2054,869.61,111,43.29,3836
21400,RED PUDDING SPOON,881,128.63,0,0,3836
21401,BLUE PUDDING SPOON,1052,151.19,0,0,3836
21402,RED  EGG  SPOON,1369,185.51999999999998,0,0,3836
21403,BLUE EGG  SPOON,1857,322.18,0,0,3836
21407,BROWN CHECK CAT DOORSTOP,290,1421.11,1,4.25,3836
21408,SPOTTY PINK DUCK DOORSTOP,285,1282.81,2,8.5,3836
21410,COUNTRY COTTAGE  DOORSTOP GREEN,1,8.47,0,0,3836
21411,GINGHAM HEART  DOORSTOP RED,785,2961.83,6,25.5,3836
21413,PERIWINKLE T-LIGHT HOLDER,48,75.02,0,0,3836
21414,SCALLOP SHELL SOAP DISH,1,2.1,0,0,3836
21415,CLAM SHELL SMALL,219,446.02000000000004,0,0,3836
21416,CLAM SHELL LARGE,5,18.75,0,0,3836
21417,COCKLE SHELL DISH,340,629.8000000000001,1,2.1,3836
21418,STARFISH SOAP DISH,74,189.75,0,0,3836
21420,OYSTER TRINKET BOX,53,120.41,0,0,3836
21421,PORCELAIN ROSE LARGE,299,348.43,0,0,3836
21421,NA,136,0,0,0,3836
21422,PORCELAIN ROSE SMALL,1607,1295,4,3.4,3836
21424,WOODLAND STORAGE BOX LARGE,346,1401.02,5,14.75,3836
21425,SKULLS STORAGE BOX LARGE,87,320.49,0,0,3836
21426,WOODLAND STORAGE BOX SMALL,256,624.58,4,8.4,3836
21427,SKULLS STORAGE BOX SMALL,96,256.44,3,6.300000000000001,3836
21428,SET3 BOOK BOX GREEN GINGHAM FLOWER,1207,5163.63,35,136.25,3836
21429,RED GINGHAM ROSE JEWELLERY BOX,1740,3391.1499999999996,42,74.1,3836
21429,NA,2,0,0,0,3836
21430,SET/3 RED GINGHAM ROSE STORAGE BOX,3034,11905.95,41,144.03,3836
21439,BASKET OF TOADSTOOLS,1430,1767.15,408,432.48,3836
21441,BLUE BIRDHOUSE DECORATION,421,292.03,0,0,3836
21442,GREEN BIRDHOUSE DECORATION,437,307.94,0,0,3836
21445,12 PINK ROSE PEG PLACE SETTINGS,214,267.5,4,5,3836
21445,NA,3,0,0,0,3836
21446,12 RED ROSE PEG PLACE SETTINGS,449,630.92,0,0,3836
21447,12 IVORY ROSE PEG PLACE SETTINGS,969,1478.1,1,1.25,3836
21448,12 DAISY PEGS IN WOOD BOX,344,592.6199999999999,0,0,3836
21452,TOADSTOOL MONEY BOX,818,2549.11,28,80.2,3836
21454,PAINTED PINK RABBIT,572,485.15999999999997,0,0,3836
21455,PAINTED YELLOW WOODEN DAISY,612,516.79,13,11.049999999999999,3836
21456,2 PICTURE BOOK EGGS EASTER CHICKS,171,222.22,1,1.25,3836
21457,2 PICTURE BOOK EGGS EASTER DUCKS,124,165.89,0,0,3836
21458,2 PICTURE BOOK EGGS EASTER BUNNY,182,256.54,0,0,3836
21459,YELLOW EASTER EGG HUNT START POST,76,150.38,8,15.6,3836
21460,GREEN EASTER EGG HUNT START POST,28,56.779999999999994,0,0,3836
21461,BLUE EASTER EGG HUNT START POST,10,23.86,2,3.9,3836
21462,"NURSERY A,B,C PAINTED LETTERS",198,932.4,0,0,3836
21463,MIRRORED DISCO BALL,649,3435.05,42,216.9,3836
21464,DISCO BALL ROTATOR BATTERY OPERATED,249,1055.25,9,38.25,3836
21465,PINK FLOWER CROCHET FOOD COVER,237,897.8,0,0,3836
21466,RED FLOWER CROCHET FOOD COVER,304,1116.89,0,0,3836
21467,CHERRY CROCHET FOOD COVER,264,1004.39,2,7.5,3836
21468,BUTTERFLY CROCHET FOOD COVER,148,572.23,0,0,3836
21469,POLKA DOT RAFFIA FOOD COVER,290,1085.32,2,7.5,3836
21470,FLOWER VINE RAFFIA FOOD COVER,381,1470.32,5,18.75,3836
21471,STRAWBERRY RAFFIA FOOD COVER,639,2220.59,4,15,3836
21472,LADYBIRD + BEE RAFFIA FOOD COVER,123,476.41,0,0,3836
21472,NA,1,0,0,0,3836
21473,SWEETHEART CREAM STEEL TABLE RECT,27,618.66,0,0,3836
21476,STEEL SWEETHEART ROUND TABLE CREAM,41,699.63,0,0,3836
21479,?,752,0,0,0,3836
21479,WHITE SKULL HOT WATER BOTTLE,3916,20582.2,185,635.9300000000001,3836
21481,FAWN BLUE HOT WATER BOTTLE,3308,11443.87,88,239.6,3836
21484,CHICK GREY HOT WATER BOTTLE,1872,8495.42,48,147.60000000000002,3836
21484,NA,219,0,0,0,3836
21485,RETROSPOT HEART HOT WATER BOTTLE,3524,17663.98,20,99,3836
21486,PINK HEART DOTS HOT WATER BOTTLE,36,147.88,0,0,3836
21488,RED WHITE SCARF  HOT WATER BOTTLE,69,566.1700000000001,0,0,3836
21488,NA,8,0,0,0,3836
21491,SET OF THREE VINTAGE GIFT WRAPS,1,1.95,0,0,3836
21491,NA,1,0,0,0,3836
21494,ROTATING LEAVES T-LIGHT HOLDER,1928,3571.33,2,2.5,3836
21495,SKULLS AND CROSSBONES WRAP,5800,2356,25,10.5,3836
21497,FANCY FONTS BIRTHDAY WRAP,8550,3409,0,0,3836
21498,RED RETROSPOT WRAP,10526,4311.92,50,21,3836
21499,BLUE POLKADOT WRAP,6927,2809.34,225,82.5,3836
21500,PINK POLKADOT WRAP,6350,2593,0,0,3836
21503,TOYBOX  WRAP,726,288.92,1,0.42,3836
21504,SKULLS GREETING CARD,1891,778.89,0,0,3836
21506,"FANCY FONT BIRTHDAY CARD,",4922,2085.89,12,5.04,3836
21507,ELEPHANT BIRTHDAY CARD,1110,474.78,12,5.04,3836
21507,"ELEPHANT, BIRTHDAY CARD,",2210,945.46,12,5.04,3836
21508,VINTAGE KID DOLLY CARD,2478,1041.94,12,5.04,3836
21509,COWBOYS AND INDIANS BIRTHDAY CARD,3741,1572.28,0,0,3836
21518,BANK ACCOUNT  GREETING  CARD,318,132.44,0,0,3836
21519,GIN & TONIC DIET GREETING CARD,3299,1389.22,36,15.120000000000001,3836
21520,BOOZE & WOMEN GREETING CARD,504,214.19,2,0.84,3836
21523,DOORMAT FANCY FONT HOME SWEET HOME,3245,21593.74,5,40.05,3836
21524,DOORMAT SPOTTY HOME SWEET HOME,1752,13572.06,6,48.9,3836
21527,RED RETROSPOT TRADITIONAL TEAPOT,477,3724.9900000000002,34,260.3,3836
21527,NA,3,0,0,0,3836
21528,DAIRY MAID TRADITIONAL TEAPOT,215,1557.57,14,93.3,3836
21530,DAIRY MAID TOASTRACK,777,769.57,61,48.190000000000005,3836
21531,RED RETROSPOT SUGAR JAM BOWL,1518,3682.17,15,36.449999999999996,3836
21533,RETROSPOT LARGE MILK JUG,1351,6651.72,32,147.9,3836
21534,DAIRY MAID LARGE MILK JUG,370,1879.18,13,64.35000000000001,3836
21535,RED RETROSPOT SMALL MILK JUG,2487,5986.01,32,80.69999999999999,3836
21537,RED RETROSPOT PUDDING BOWL,332,1387.96,55,208.75,3836
21538,DAIRY MAID  PUDDING BOWL,5,18.75,0,0,3836
21539,RED RETROSPOT BUTTER DISH,972,4743.9000000000005,23,108.95,3836
21539,check,4,0,0,0,3836
21544,SKULLS  WATER TRANSFER TATTOOS,1972,1687.6799999999998,0,0,3836
21547,CERAMIC BIRDHOUSE CRESTED TIT SMALL,79,253.53000000000003,0,0,3836
21555,CERAMIC STRAWBERRY TRINKET TRAY,137,350.46999999999997,0,0,3836
21555,NA,232,0,0,0,3836
21556,CERAMIC STRAWBERRY MONEY BOX,981,2515.52,1,2.55,3836
21557,SET OF 6 FUNKY BEAKERS,551,1843.6100000000001,0,0,3836
21558,SKULL LUNCH BOX WITH CUTLERY,2131,5550.219999999999,4,10.2,3836
21559,STRAWBERRY LUNCH BOX WITH CUTLERY,3935,9735.38,14,35.25,3836
21561,DINOSAUR LUNCH BOX WITH CUTLERY,1282,3127.38,2,5.1,3836
21562,HAWAIIAN GRASS SKIRT,324,380.36,0,0,3836
21563,RED HEART SHAPE LOVE BUCKET,1395,2803.13,0,0,3836
21564,PINK  HEART SHAPE LOVE BUCKET,1042,1831.6200000000001,3,8.05,3836
21576,LETS GO SHOPPING COTTON TOTE BAG,252,585.34,0,0,3836
21577,SAVE THE PLANET COTTON TOTE BAG,720,1664.8999999999999,7,15.75,3836
21578,WOODLAND DESIGN  COTTON TOTE BAG,746,1657.76,2,4.5,3836
21578,found,16,0,0,0,3836
21578,NA,200,0,0,0,3836
21579,LOLITA  DESIGN  COTTON TOTE BAG,176,409.71999999999997,10,22.5,3836
21580,RABBIT  DESIGN  COTTON TOTE BAG,181,444.07,0,0,3836
21581,SKULLS  DESIGN  COTTON TOTE BAG,252,590.67,12,27,3836
21584,RETROSPOT SMALL TUBE MATCHES,1059,1743.35,1,1.65,3836
21586,KINGS CHOICE GIANT TUBE MATCHES,743,1721.8500000000001,13,33.15,3836
21586,NA,96,0,0,0,3836
21587,COSY HOUR GIANT TUBE MATCHES,195,475.65,0,0,3836
21587,NA,48,0,0,0,3836
21588,RETROSPOT GIANT TUBE MATCHES,1494,3442.5,1,2.55,3836
21591,COSY HOUR CIGAR BOX MATCHES,1374,1996.14,54,67.5,3836
21592,RETROSPOT CIGAR BOX MATCHES,2149,2149.07,0,0,3836
21594,Dr. Jam's Arouzer Stress Ball,2,8.34,0,0,3836
21595,Dad's Cab Electronic Meter,2,16.94,0,0,3836
21595,NA,1,0,0,0,3836
21609,SET 12 LAVENDER  BOTANICAL T-LIGHTS,763,2086.69,0,0,3836
21609,NA,38,0,0,0,3836
21613,S/12 VANILLA  BOTANICAL T-LIGHTS,227,661.9300000000001,0,0,3836
21614,SET OF 12 ROSE BOTANICAL T-LIGHTS,51,153.29000000000002,0,0,3836
21614,NA,51,0,0,0,3836
21615,4 LAVENDER BOTANICAL DINNER CANDLES,891,1347.92,0,0,3836
21616,4 PEAR BOTANICAL DINNER CANDLES,822,1288.34,0,0,3836
21617,4 LILY  BOTANICAL DINNER CANDLES,525,1009.26,0,0,3836
21618,4 WILDFLOWER BOTANICAL CANDLES,404,768.37,0,0,3836
21619,4 VANILLA BOTANICAL CANDLES,974,1476.4,0,0,3836
21620,SET OF 4 ROSE BOTANICAL CANDLES,881,1429.49,0,0,3836
21620,NA,6,0,0,0,3836
21621,VINTAGE UNION JACK BUNTING,2787,24525.829999999998,28,238,3836
21621,rcvd be air temp fix for dotcom sit,100,0,0,0,3836
21622,VINTAGE UNION JACK CUSHION COVER,380,1982.64,18,89.10000000000001,3836
21623,VINTAGE UNION JACK MEMOBOARD,3269,22980.24,4,39.8,3836
21624,VINTAGE UNION JACK DOORSTOP,216,1331.5600000000002,5,29.75,3836
21625,VINTAGE UNION JACK APRON,407,2939.51,0,0,3836
21626,VINTAGE UNION JACK PENNANT,794,1584.8,22,42.9,3836
21627,ELEPHANT CARNIVAL POUFFE,63,1299.83,0,0,3836
21628,TRIANGULAR POUFFE VINTAGE,63,1161.65,2,29.9,3836
21629,SQUARE FLOOR CUSHION VINTAGE RED,71,672.05,0,0,3836
21630,FLOOR CUSHION ELEPHANT CARNIVAL,69,718.14,1,8.95,3836
21631,HIPPY CHIC DECORATIVE PARASOL,169,896.01,0,0,3836
21632,VINTAGE PINK DECORATIVE PARASOL,88,489.74,0,0,3836
21632,NA,8,0,0,0,3836
21633,SUNFLOWER DECORATIVE PARASOL,125,895.46,1,12.75,3836
21634,ASSORTED MINI MADRAS NOTEBOOK,976,481.95,0,0,3836
21635,MADRAS NOTEBOOK LARGE,271,374.96,0,0,3836
21635,NA,1,0,0,0,3836
21636,MADRAS NOTEBOOK MEDIUM,913,705.16,0,0,3836
21637,ASSORTED SANSKRIT MINI NOTEBOOK,109,136.25,0,0,3836
21638,ASSORTED TUTTI FRUTTI NOTEBOOK,247,547.7600000000001,0,0,3836
21640,ASSORTED TUTTI FRUTTI  FOB NOTEBOOK,650,633.8299999999999,0,0,3836
21641,ASSORTED TUTTI FRUTTI KEYRING BALL,1153,451.59,0,0,3836
21642,ASSORTED TUTTI FRUTTI PEN,2471,830.7299999999999,118,46.54,3836
21643,ASSORTED TUTTI FRUTTI MIRROR,550,743.31,12,15,3836
21644,ASSORTED TUTTI FRUTTI HEART BOX,215,268.75,25,31.25,3836
21644,check,27,0,0,0,3836
21644,found,144,0,0,0,3836
21647,ASSORTED TUTTI FRUTTI LARGE PURSE,107,224.70000000000002,1,2.1,3836
21648,ASSORTED TUTTI FRUTTI SMALL PURSE,729,982.79,1,1.25,3836
21650,ASSORTED TUTTI FRUTTI BRACELET,2550,692.85,24,4.5600000000000005,3836
21651,HANGING GLASS ETCHED TEALIGHT,127,198.57,0,0,3836
21651,NA,70,0,0,0,3836
21654,RIDGED GLASS FINGER BOWL,974,504.68,0,0,3836
21655,HANGING RIDGE GLASS T-LIGHT HOLDER,36,60.84,36,60.84,3836
21655,NA,19,0,0,0,3836
21656,RIDGED GLASS POSY VASE,219,444.58,0,0,3836
21657,MILK BOTTLE WITH GLASS STOPPER,30,223.46,0,0,3836
21658,GLASS  BEURRE DISH,878,3709.78,32,124.58,3836
21658,NA,3,0,0,0,3836
21661,VINTAGE GLASS TEA CADDY,3,17.85,0,0,3836
21661,NA,3,0,0,0,3836
21662,VINTAGE GLASS COFFEE CADDY,86,557.3000000000001,0,0,3836
21662,NA,1,0,0,0,3836
21664,RIDGED GLASS STORAGE JAR CREAM LID,98,350.22,0,0,3836
21664,NA,20,0,0,0,3836
21666,RIDGED GLASS T-LIGHT HOLDER,412,283.51,0,0,3836
21667,GLASS CAKE COVER AND PLATE,2,29.9,2,29.9,3836
21667,NA,3,0,0,0,3836
21668,RED STRIPE CERAMIC DRAWER KNOB,5494,7481.16,84,102.67,3836
21669,BLUE STRIPE CERAMIC DRAWER KNOB,5252,7091.15,80,115.00999999999999,3836
21670,BLUE SPOT CERAMIC DRAWER KNOB,4330,6083.99,69,96.25,3836
21671,RED SPOT CERAMIC DRAWER KNOB,4402,6054.79,152,214.81,3836
21672,WHITE SPOT RED CERAMIC DRAWER KNOB,4992,6776,59,77.55,3836
21673,WHITE SPOT BLUE CERAMIC DRAWER KNOB,4373,6041.2,103,143.95,3836
21673,NA,26,0,0,0,3836
21675,BUTTERFLIES STICKERS,628,568.26,12,10.2,3836
21676,FLOWERS  STICKERS,257,245.35999999999999,0,0,3836
21677,HEARTS  STICKERS,835,737.8399999999999,12,10.2,3836
21678,PAISLEY PATTERN  STICKERS,125,111.86,0,0,3836
21679,SKULLS  STICKERS,1140,1028.58,0,0,3836
21680,WOODLAND  STICKERS,868,786.31,0,0,3836
21681,GIANT MEDINA STAMPED METAL BOWL,2,19.9,0,0,3836
21682,LARGE MEDINA STAMPED METAL BOWL,182,930.96,3,14.850000000000001,3836
21682,NA,144,0,0,0,3836
21683,MEDIUM MEDINA STAMPED METAL BOWL,310,948.7000000000002,0,0,3836
21684,SMALL MEDINA STAMPED METAL BOWL,771,612.1,0,0,3836
21686,MEDINA STAMPED METAL STOOL,35,1351.64,1,39.95,3836
21686,NA,2,0,0,0,3836
21688,SILVER PLATE CANDLE BOWL SMALL,348,1101.2800000000002,0,0,3836
21689,SILVER VANILLA  FLOWER CANDLE POT,95,369.87,0,0,3836
21690,SILVER  CANDLEPOT JARDIN,22,82.5,0,0,3836
21690,NA,38,0,0,0,3836
21692,SILVER LATTICE VANILLA CANDLE POT,17,63.75,0,0,3836
21693,SMALL HAMMERED SILVER CANDLEPOT,361,1107.91,0,0,3836
21694,SMALL REGAL  SILVER CANDLEPOT,307,840.33,0,0,3836
21695,SMALL SILVER FLOWER CANDLE POT,284,857.6800000000001,0,0,3836
21696,SMALL SILVER TRELLIS CANDLEPOT,224,672.4000000000001,12,35.400000000000006,3836
21698,MOCK LOBSTER FRIDGE MAGNET,296,164.17,0,0,3836
21700,BIG DOUGHNUT FRIDGE MAGNETS,1726,2334.94,36,30.599999999999998,3836
21700,check,26,0,0,0,3836
21703,BAG 125g SWIRLY MARBLES,9390,3528.89,87,36.54,3836
21704,BAG 250g SWIRLY MARBLES,5144,4039.2799999999997,5,3.86,3836
21705,BAG 500g SWIRLY MARBLES,1459,1462.1699999999998,20,31.599999999999998,3836
21706,FOLDING UMBRELLA RED/WHITE POLKADOT,346,1616.81,0,0,3836
21707,FOLDING UMBRELLA BLACKBLUE POLKADOT,160,763.6600000000001,0,0,3836
21708,FOLDING UMBRELLA CREAM POLKADOT,190,863.11,1,4.95,3836
21709,FOLDING UMBRELLA CHOCOLATE POLKADOT,133,607.23,0,0,3836
21710,FOLDING UMBRELLA PINKWHITE POLKADOT,107,501.98,0,0,3836
21711,FOLDING UMBRELLA WHITE/RED POLKADOT,104,513.02,0,0,3836
21713,CITRONELLA CANDLE FLOWERPOT,786,1817.74,16,32.35,3836
21714,CITRONELLA CANDLE GARDEN POT,1651,3010.65,20,25,3836
21715,GIRLS VINTAGE TIN SEASIDE BUCKET,1330,3507.17,0,0,3836
21716,BOYS VINTAGE TIN SEASIDE BUCKET,1425,3872.92,8,20.4,3836
21717,EASTER TIN BUCKET,408,946.93,0,0,3836
21717,NA,5,0,0,0,3836
21718,RED METAL BEACH SPADE,1493,2113.39,1,1.25,3836
21719,LOVELY BONBON STICKER SHEET,345,307.44,0,0,3836
21720,CAKE SHOP  STICKER SHEET,57,48.449999999999996,0,0,3836
21721,CANDY SHOP  STICKER SHEET,195,179.45999999999998,0,0,3836
21722,SWEET PUDDING STICKER SHEET,98,95.53,1,0.85,3836
21723,ALPHABET HEARTS STICKER SHEET,397,350.08,0,0,3836
21724,PANDA AND BUNNIES STICKER SHEET,408,355.83,0,0,3836
21725,SWEETIES  STICKERS,301,277.24,0,0,3836
21726,MULTI HEARTS  STICKERS,237,204.69,0,0,3836
21730,GLASS STAR FROSTED T-LIGHT HOLDER,517,2514.4300000000003,14,68.60000000000001,3836
21731,RED TOADSTOOL LED NIGHT LIGHT,14001,23919.78,186,281.29999999999995,3836
21733,RED HANGING HEART T-LIGHT HOLDER,7872,23199.24,57,152.95,3836
21735,TWO DOOR CURIO CABINET,212,2577.45,33,382.95,3836
21736,Adjustment,34,0,0,0,3836
21736,GOLD SCROLL GLASS T-LIGHT HOLDER,80,137.22000000000003,3,1.17,3836
21736,NA,5,0,0,0,3836
21738,COSY SLIPPER SHOES SMALL  RED,46,144.58,0,0,3836
21738,NA,2,0,0,0,3836
21739,COSY SLIPPER SHOES SMALL GREEN,254,703.08,0,0,3836
21741,COSY SLIPPER SHOES LARGE GREEN,147,480.17,0,0,3836
21742,LARGE ROUND WICKER PLATTER,194,1167.58,0,0,3836
21743,STAR PORTABLE TABLE LIGHT,299,887.65,9,26.55,3836
21744,SNOWFLAKE PORTABLE TABLE LIGHT,529,1557.65,0,0,3836
21745,GAOLERS KEYS DECORATIVE GARDEN,935,3475.73,4,15,3836
21746,SMALL RED RETROSPOT WINDMILL,3075,3766.93,15,18.75,3836
21747,SMALL SKULL WINDMILL,485,645.61,12,15,3836
21749,LARGE RED RETROSPOT WINDMILL,1963,3877.09,8,16.8,3836
21750,LARGE SKULL WINDMILL,90,207.51000000000002,0,0,3836
21754,HOME BUILDING BLOCK WORD,2759,16923.47,20,118.60000000000001,3836
21755,LOVE BUILDING BLOCK WORD,2011,12435.86,4,23.8,3836
21756,BATH BUILDING BLOCK WORD,809,5006.26,2,11.9,3836
21757,LIGHTHOUSE PRINTED METAL SIGN,6,29.700000000000003,0,0,3836
21758,VINTAGE SHELLS PRINT,50,427.46000000000004,0,0,3836
21761,WOOD AND GLASS MEDICINE CABINET,10,299.5,0,0,3836
21763,VINTAGE WOODEN BAR STOOL,6,169.75,0,0,3836
21763,NA,1,0,0,0,3836
21769,VINTAGE POST OFFICE CABINET,11,607.6500000000001,0,0,3836
21770,OPEN CLOSED METAL SIGN,1638,7923.93,6,29.700000000000003,3836
21773,DECORATIVE ROSE BATHROOM BOTTLE,1170,1154.17,0,0,3836
21774,DECORATIVE CATS BATHROOM BOTTLE,1095,1152.4,1,1.25,3836
21775,DECORATIVE FLORE BATHROOM BOTTLE,515,716.86,3,3.75,3836
21777,RECIPE BOX WITH METAL HEART,12,95.4,5,39.75,3836
21777,NA,5,0,0,0,3836
21781,MA CAMPAGNE CUTLERY BOX,168,2661.7999999999997,21,283.15,3836
21784,SHOE SHINE BOX,57,633.0699999999999,2,19.9,3836
21784,NA,8,0,0,0,3836
21785,RAIN PONCHO,411,268.76,0,0,3836
21786,POLKADOT RAIN HAT,2081,916.99,22,9.24,3836
21787,RAIN PONCHO RETROSPOT,8875,7161.0999999999995,528,420,3836
21788,KIDS RAIN MAC BLUE,1293,1029.24,22,18.5,3836
21789,KIDS RAIN MAC PINK,925,803.65,20,17,3836
21790,VINTAGE SNAP CARDS,14521,12510.009999999998,85,72.25,3836
21791,VINTAGE HEADS AND TAILS CARD GAME,7865,10504.4,36,45,3836
21792,CLASSIC FRENCH STYLE BASKET GREEN,344,1497.72,9,57.95,3836
21793,CLASSIC FRENCH STYLE BASKET BROWN,304,1296.6100000000001,0,0,3836
21794,CLASSIC FRENCH STYLE BASKET NATURAL,522,2213.42,3,11.850000000000001,3836
21794,adjustment,10,0,0,0,3836
21801,CHRISTMAS TREE DECORATION WITH BELL,1251,530.26,36,15.12,3836
21801,NA,5,0,0,0,3836
21802,CHRISTMAS TREE HEART DECORATION,2122,919.14,1,0.42,3836
21803,CHRISTMAS TREE STAR DECORATION,2353,1016.02,0,0,3836
21803,NA,20,0,0,0,3836
21804,WHITE CHRISTMAS GARLAND STARS TREES,225,830.03,0,0,3836
21804,check,80,0,0,0,3836
21804,dotcom,4,0,0,0,3836
21804,NA,10,0,0,0,3836
21807,WHITE CHRISTMAS STAR DECORATION,438,189,0,0,3836
21808,"CHRISTMAS GARLAND STARS,TREES",180,637.83,0,0,3836
21808,NA,5,0,0,0,3836
21809,CHRISTMAS HANGING TREE WITH BELL,1964,1117.92,0,0,3836
21809,NA,72,0,0,0,3836
21810,CHRISTMAS HANGING STAR WITH BELL,5840,2981.8399999999997,59,73.75,3836
21811,CHRISTMAS HANGING HEART WITH BELL,231,307.6,0,0,3836
21811,HANGING HEART WITH BELL,4619,2374.7999999999997,48,18.72,3836
21811,check,26,0,0,0,3836
21811,NA,1,0,0,0,3836
21812,GARLAND WITH HEARTS AND BELLS,393,1746.27,14,69.30000000000001,3836
21813,GARLAND WITH STARS AND BELLS,549,2280.4700000000003,7,34.650000000000006,3836
21814,HEART T-LIGHT HOLDER,74,111.77,0,0,3836
21815,STAR  T-LIGHT HOLDER,158,270.22999999999996,0,0,3836
21816,CHRISTMAS TREE T-LIGHT HOLDER,33,47.849999999999994,0,0,3836
21817,GLITTER CHRISTMAS TREE,906,410.91,0,0,3836
21818,GLITTER CHRISTMAS HEART,268,231.82,0,0,3836
21818,GLITTER HEART DECORATION,2469,1088.5900000000001,0,0,3836
21819,GLITTER CHRISTMAS STAR,2470,1066.65,0,0,3836
21820,GLITTER HEART GARLAND WITH BELLS,329,1368.47,30,112.5,3836
21821,GLITTER STAR GARLAND WITH BELLS,251,1037.05,12,45,3836
21822,GLITTER CHRISTMAS TREE WITH BELLS,698,719.3,3,4.6899999999999995,3836
21823,PAINTED METAL HEART WITH HOLLY BELL,1372,854.3499999999999,0,0,3836
21823,amazon adjust,10,0,0,0,3836
21824,PAINTED METAL STAR WITH HOLLY BELLS,1916,1102.4199999999998,24,34.8,3836
21826,EIGHT PIECE DINOSAUR SET,125,185.18,4,5,3836
21826,NA,2,0,0,0,3836
21827,EIGHT PIECE CREEPY CRAWLIE SET,6,7.5,0,0,3836
21828,EIGHT PIECE SNAKE  SET,330,435.79,0,0,3836
21829,DINOSAUR KEYRINGS ASSORTED,6765,1460.74,108,22.68,3836
21829,adjustment,12,0,0,0,3836
21830,ASSORTED CREEPY CRAWLIES,2621,1107.07,48,20.16,3836
21830,damaged,192,0,0,0,3836
21830,NA,240,0,0,0,3836
21832,CHOCOLATE CALCULATOR,954,1790.1,25,41.25,3836
21833,CAMOUFLAGE LED TORCH,2726,4594.43,30,50.7,3836
21836,GINGHAM OVEN GLOVE RED HEART,5,26.490000000000002,0,0,3836
21839,MUMMY MOUSE RED GINGHAM RIBBON,1,5.45,0,0,3836
21841,BABY MOUSE RED GINGHAM DRESS,73,310.25,0,0,3836
21841,NA,81,0,0,0,3836
21843,RED RETROSPOT CAKE STAND,2012,21354.3,322,2480.5,3836
21844,RED RETROSPOT MUG,1847,5167.6900000000005,20,58.60000000000001,3836
21845,DAIRY MAID STRIPE MUG,1906,1720.3000000000002,52,75.64,3836
21846,PINK DIAMANTE PEN IN GIFT BOX,424,1206.97,12,59.400000000000006,3836
21847,GREEN  DIAMANTE PEN IN GIFT BOX,76,178.89,0,0,3836
21849,SILVER DIAMANTE PEN IN GIFT BOX,173,548.93,0,0,3836
21850,BLUE  DIAMANTE PEN IN GIFT BOX,129,488.13,36,153,3836
21851,LILAC DIAMANTE PEN IN GIFT BOX,141,454.99,0,0,3836
21864,UNION JACK FLAG PASSPORT COVER,828,2041.69,20,42,3836
21865,PINK UNION JACK  PASSPORT COVER,271,618.9300000000001,0,0,3836
21866,UNION JACK FLAG LUGGAGE TAG,747,1292.38,0,0,3836
21867,PINK UNION JACK  LUGGAGE TAG,348,480.25,0,0,3836
21868,Amazon,1,0,0,0,3836
21868,POTTING SHED TEA MUG,2477,3259.75,85,99.41,3836
21868,NA,159,0,0,0,3836
21870,I CAN ONLY PLEASE ONE PERSON MUG,1407,1851.46,26,32.5,3836
21871,SAVE THE PLANET MUG,5453,6679.56,685,740.94,3836
21872,GLAMOROUS  MUG,1292,1454.98,16,17.72,3836
21873,IF YOU CAN'T STAND THE HEAT MUG,1618,1834.3,91,100.07000000000001,3836
21874,GIN AND TONIC MUG,2974,4141.179999999999,22,27.71,3836
21875,KINGS CHOICE MUG,2055,2429.38,28,35,3836
21876,POTTERING MUG,3789,4825.36,42,58.9,3836
21877,HOME SWEET HOME MUG,5411,6932.78,1052,1134.3200000000002,3836
21878,PACK OF 6 SANDCASTLE FLAGS ASSORTED,2523,2172.2,13,11.049999999999999,3836
21879,HEARTS GIFT TAPE,1176,385.47,0,0,3836
21880,RED RETROSPOT TAPE,1903,858.7800000000001,12,7.800000000000001,3836
21881,CUTE CATS TAPE,1102,383.11,0,0,3836
21882,SKULLS TAPE,704,251.17000000000002,0,0,3836
21883,STARS GIFT TAPE,1653,725.4200000000001,1,0.19,3836
21884,CAKES AND BOWS GIFT  TAPE,1166,413.76,0,0,3836
21888,Amazon,1,0,0,0,3836
21888,BINGO SET,1691,6659.54,15,56.25,3836
21889,WOODEN BOX OF DOMINOES,6391,8847.29,26,32.5,3836
21890,S/6 WOODEN SKITTLES IN COTTON BAG,1147,3674.11,6,18.4,3836
21891,TRADITIONAL WOODEN SKIPPING ROPE,8131,10504.85,46,59.32,3836
21892,TRADITIONAL WOODEN CATCH CUP GAME,3192,4317.16,13,16.25,3836
21894,POTTING SHED SEED ENVELOPES,592,902.08,0,0,3836
21895,POTTING SHED SOW 'N' GROW SET,2,12.72,0,0,3836
21896,POTTING SHED TWINE,980,2272.79,5,9.75,3836
21897,POTTING SHED CANDLE CITRONELLA,405,1268.1899999999998,0,0,3836
21897,NA,60,0,0,0,3836
21898,POTTING SHED ROSE CANDLE,493,1541.11,0,0,3836
21898,NA,66,0,0,0,3836
21899,GARAGE KEY FOB,778,565.8100000000001,0,0,3836
21899,"KEY FOB , GARAGE DESIGN",1903,1192.16,43,27.950000000000003,3836
21900,"KEY FOB , SHED",3229,2197.17,5,3.25,3836
21901,"KEY FOB , BACK DOOR",1829,1277.89,9,5.8500000000000005,3836
21902,"KEY FOB , FRONT  DOOR",1962,1262.3700000000001,9,5.8500000000000005,3836
21903,MAN FLU METAL SIGN,1160,2490.13,13,27.300000000000004,3836
21904,HOUSE WRECKING METAL SIGN,50,105.00000000000001,0,0,3836
21904,NA,3,0,0,0,3836
21905,MORE BUTTER METAL SIGN,760,821.61,0,0,3836
21906,PHARMACIE FIRST AID TIN,581,4470.8099999999995,17,114.75,3836
21907,I'M ON HOLIDAY METAL SIGN,2371,5027.18,13,27.300000000000004,3836
21908,CHOCOLATE THIS WAY METAL SIGN,3771,7752.22,26,54.60000000000001,3836
21910,WAY OUT METAL SIGN,36,59.39999999999999,0,0,3836
21911,GARDEN METAL SIGN,114,203.20999999999998,12,19.799999999999997,3836
21911,NA,2,0,0,0,3836
21912,VINTAGE SNAKES & LADDERS,1788,7047.7,0,0,3836
21913,VINTAGE SEASIDE JIGSAW PUZZLES,398,1565.83,3,11.25,3836
21914,BLUE HARMONICA IN BOX,7876,10339.81,36,45,3836
21915,John Lewis,200,0,0,0,3836
21915,RED  HARMONICA IN BOX,21903,26294.08,67,83.75,3836
21916,SET 12 RETRO WHITE CHALK STICKS,4599,1973.49,24,10.08,3836
21917,SET 12 KIDS  WHITE CHALK STICKS,4151,1701.93,13,5.46,3836
21918,SET 12 KIDS COLOUR  CHALK STICKS,7199,2950.25,16,6.72,3836
21918,NA,10,0,0,0,3836
21922,UNION STRIPE WITH FRINGE  HAMMOCK,899,6944.360000000001,0,0,3836
21925,UNION STRIPE CUSHION COVER,403,503.75,6,7.5,3836
21926,RED/CREAM STRIPE CUSHION COVER,414,509.9,14,17.5,3836
21927,BLUE/CREAM STRIPE CUSHION COVER,623,771.15,39,48.75,3836
21927,NA,8,0,0,0,3836
21928,JUMBO BAG SCANDINAVIAN BLUE PAISLEY,8411,17239.69,265,479.58,3836
21928,JUMBO BAG SCANDINAVIAN PAISLEY,2057,3904.72,3,4.949999999999999,3836
21929,JUMBO BAG PINK VINTAGE PAISLEY,11006,23179.06,222,387.07,3836
21930,JUMBO STORAGE BAG SKULLS,6438,14006.2,3,6.24,3836
21931,JUMBO STORAGE BAG SUKI,13651,30764.01,334,602.33,3836
21932,SCANDINAVIAN PAISLEY PICNIC BAG,2720,4995.38,33,55.35,3836
21933,PINK VINTAGE PAISLEY PICNIC BAG,2672,4957.43,13,34.45,3836
21934,SKULL SHOULDER BAG,2421,4480.28,10,16.5,3836
21935,SUKI  SHOULDER BAG,3393,6298.61,1,1.65,3836
21936,RED RETROSPOT PICNIC BAG,3985,11665.19,56,157.10000000000002,3836
21937,STRAWBERRY   PICNIC BAG,1707,4898.8499999999995,16,47.2,3836
21937,found,50,0,0,0,3836
21937,NA,12,0,0,0,3836
21942,SKULLS DESIGN FLANNEL,287,313.01,12,10.2,3836
21943,CAKES AND RABBITS DESIGN FLANNEL,119,134.48999999999998,0,0,3836
21944,KITTENS DESIGN FLANNEL,337,310.19,0,0,3836
21945,STRAWBERRIES  DESIGN FLANNEL,358,373.34,0,0,3836
21946,PARTY TIME DESIGN FLANNEL,86,75.35,0,0,3836
21947,SET OF 6 HEART CHOPSTICKS,811,1139.65,0,0,3836
21948,SET OF 6 CAKE CHOPSTICKS,640,978.23,0,0,3836
21949,SET OF 6 STRAWBERRY CHOPSTICKS,801,1054.44,0,0,3836
21955,DOORMAT UNION JACK GUNS AND ROSES,1228,7580.82,0,0,3836
21967,PACK OF 12 SKULL TISSUES,5271,1582.1499999999999,0,0,3836
21972,SET OF 36 DINOSAUR PAPER DOILIES,335,499.08,2,2.9,3836
21973,SET OF 36 MUSHROOM PAPER DOILIES,159,230.54999999999998,1,1.45,3836
21973,NA,140,0,0,0,3836
21974,SET OF 36 PAISLEY FLOWER DOILIES,2219,3545.6,61,88.44999999999999,3836
21975,PACK OF 60 DINOSAUR CAKE CASES,12312,6102.51,71,36.06,3836
21976,PACK OF 60 MUSHROOM CAKE CASES,5199,2869.9,29,15.950000000000001,3836
21977,PACK OF 60 PINK PAISLEY CAKE CASES,24820,12226.32,101,55.550000000000004,3836
21980,PACK OF 12 RED RETROSPOT TISSUES,6685,2121.18,132,38.28,3836
21981,PACK OF 12 WOODLAND TISSUES,5468,1651.3,7,2.73,3836
21982,PACK OF 12 SUKI TISSUES,7173,2215.6099999999997,1,0.39,3836
21983,PACK OF 12 BLUE PAISLEY TISSUES,2301,777.67,24,6.959999999999999,3836
21984,PACK OF 12 PINK PAISLEY TISSUES,3458,1112.6,60,17.4,3836
21985,PACK OF 12 HEARTS DESIGN TISSUES,8775,2729.5099999999998,0,0,3836
21986,PACK OF 12 PINK POLKADOT TISSUES,4067,1197.73,0,0,3836
21987,PACK OF 6 SKULL PAPER CUPS,2113,1346.65,13,8.450000000000001,3836
21988,PACK OF 6 SKULL PAPER PLATES,2321,1862.75,0,0,3836
21989,PACK OF 20 SKULL PAPER NAPKINS,2409,2233.1,0,0,3836
21990,MODERN FLORAL STATIONERY SET,1672,2870,12,15,3836
21991,BOHEMIAN COLLAGE STATIONERY SET,635,1080.82,12,15,3836
21992,VINTAGE PAISLEY STATIONERY SET,1901,3510.72,0,0,3836
21992,check,13,0,0,0,3836
21993,FLORAL FOLK STATIONERY SET,1937,3355.84,12,15,3836
22016,Dotcomgiftshop Gift Voucher £100.00,1,83.33,0,0,3836
22021,BLUE FELT EASTER EGG BASKET,365,610.4499999999999,0,0,3836
22023,EMPIRE BIRTHDAY CARD,1206,538.72,12,5.04,3836
22024,RAINY LADIES BIRTHDAY CARD,2406,1023.73,12,5.04,3836
22025,RING OF ROSES BIRTHDAY CARD,1835,761.05,12,5.04,3836
22026,BANQUET BIRTHDAY  CARD,1644,712.08,12,5.04,3836
22027,TEA PARTY BIRTHDAY CARD,4368,1873.71,168,61.919999999999995,3836
22028,PENNY FARTHING BIRTHDAY CARD,3042,1304.1399999999999,12,5.04,3836
22029,SPACEBOY BIRTHDAY CARD,8161,3387.5699999999997,12,5.04,3836
22030,SWALLOWS GREETING CARD,5527,2237.89,0,0,3836
22031,BOTANICAL LAVENDER BIRTHDAY CARD,504,225.59,12,5.04,3836
22032,BOTANICAL LILY GREETING CARD,427,181.98,0,0,3836
22033,BOTANICAL ROSE GREETING CARD,337,141.95,0,0,3836
22034,ROBIN CHRISTMAS CARD,10,5.02,12,5.04,3836
22034,NA,12,0,0,0,3836
22035,VINTAGE CARAVAN GREETING CARD,1452,617.3199999999999,0,0,3836
22035,taig adjust,37,0,0,0,3836
22035,NA,19,0,0,0,3836
22037,ROBOT BIRTHDAY CARD,3929,1695.32,0,0,3836
22038,BOTANICAL LAVENDER GIFT WRAP,475,199.5,0,0,3836
22039,BOTANICAL LILY GIFT WRAP,250,105,25,10.5,3836
22040,BOTANICAL ROSE GIFT WRAP,725,304.5,0,0,3836
22041,"RECORD FRAME 7"" SINGLE SIZE",4374,11354.560000000001,38,93.75,3836
22042,CHRISTMAS CARD SINGING ANGEL,399,168.33,12,5.04,3836
22043,CHRISTMAS CARD SCREEN PRINT,1238,304.5,0,0,3836
22044,CHRISTMAS CARD STACK OF PRESENTS,816,196.44000000000003,0,0,3836
22045,SPACEBOY GIFT WRAP,6527,2673.34,75,31.5,3836
22046,TEA PARTY  WRAPPING PAPER,2250,929,34,14.28,3836
22047,EMPIRE GIFT WRAP,3375,1373.5,25,10.5,3836
22048,BIRTHDAY BANQUET GIFT WRAP,975,393.5,25,10.5,3836
22049,WRAP CHRISTMAS SCREEN PRINT,1050,291.5,25,10.5,3836
22050,PINK PAISLEY ROSE GIFT WRAP,1225,498.5,25,10.5,3836
22050,NA,25,0,0,0,3836
22051,BLUE SCANDINAVIAN PAISLEY WRAP,975,409.5,0,0,3836
22052,VINTAGE CARAVAN GIFT WRAP,650,273,50,21,3836
22053,EMPIRE DESIGN ROSETTE,4244,3606.4199999999996,1,1.25,3836
22055,MINI CAKE STAND  HANGING STRAWBERY,1380,2083.19,23,37.75,3836
22057,CERAMIC PLATE STRAWBERRY DESIGN,584,667.92,48,71.52,3836
22059,CERAMIC STRAWBERRY DESIGN MUG,1780,2081.54,24,35.76,3836
22060,LARGE CAKE STAND HANGING HEARTS,231,1111.05,16,87.2,3836
22061,LARGE CAKE STAND  HANGING STRAWBERY,582,4218.0599999999995,16,149.04999999999998,3836
22062,CERAMIC BOWL WITH LOVE HEART DESIGN,619,677.86,6,4.9799999999999995,3836
22062,NA,37,0,0,0,3836
22063,CERAMIC BOWL WITH STRAWBERRY DESIGN,583,1367.45,6,17.700000000000003,3836
22064,PINK DOUGHNUT TRINKET POT,1729,2546.2999999999997,35,56.15,3836
22065,CHRISTMAS PUDDING TRINKET POT,6741,3462.25,22,22.02,3836
22066,LOVE HEART TRINKET POT,2239,1044.81,5,1.9500000000000002,3836
22067,CHOC TRUFFLE GOLD TRINKET POT,408,638.6199999999999,6,9.1,3836
22068,BLACK PIRATE TREASURE CHEST,526,856.39,13,21.449999999999996,3836
22069,BROWN  PIRATE TREASURE CHEST,414,993.5,0,0,3836
22070,SMALL RED RETROSPOT MUG IN BOX,948,2354.4,296,336.54,3836
22071,SMALL WHITE RETROSPOT MUG IN BOX,729,1384.3,286,180.5,3836
22072,RED RETROSPOT TEA CUP AND SAUCER,849,2811.17,19,71.25,3836
22073,RED RETROSPOT STORAGE JAR,334,1336.14,12,45,3836
22074,6 RIBBONS SHIMMERING PINKS,1402,1239.6699999999998,12,19.799999999999997,3836
22075,6 RIBBONS ELEGANT CHRISTMAS,1773,2489.0299999999997,12,19.799999999999997,3836
22076,6 RIBBONS EMPIRE,1259,1667.8799999999999,0,0,3836
22077,6 RIBBONS RUSTIC CHARM,9172,17186.62,34,56.099999999999994,3836
22078,RIBBON REEL LACE DESIGN,1369,2923.21,0,0,3836
22078,NA,4,0,0,0,3836
22079,RIBBON REEL HEARTS DESIGN,1897,3325.29,30,49.5,3836
22080,RIBBON REEL POLKADOTS,1206,2003.48,10,16.5,3836
22080,NA,1,0,0,0,3836
22081,RIBBON REEL FLORA + FAUNA,644,1176.5,10,16.5,3836
22082,RIBBON REEL STRIPES DESIGN,2680,4661.88,20,33,3836
22083,PAPER CHAIN KIT RETROSPOT,4616,14051.640000000001,56,165.20000000000002,3836
22084,PAPER CHAIN KIT EMPIRE,5181,15099.37,41,120.95,3836
22084,NA,77,0,0,0,3836
22085,PAPER CHAIN KIT SKULLS,548,1566.99,0,0,3836
22086,PAPER CHAIN KIT 50'S CHRISTMAS,19329,64875.590000000004,453,1160.35,3836
22087,Amazon,6,0,0,0,3836
22087,PAPER BUNTING WHITE LACE,4082,11872.58,76,223.8,3836
22087,NA,2,0,0,0,3836
22088,PAPER BUNTING COLOURED LACE,1893,5661.05,56,149.2,3836
22088,NA,1,0,0,0,3836
22089,PAPER BUNTING VINTAGE PAISLEY,1447,4457.43,0,0,3836
22090,PAPER BUNTING RETROSPOT,7586,22785.06,72,196.4,3836
22091,EMPIRE TISSUE BOX,1983,1030.1000000000001,7,8.75,3836
22092,BLUE PAISLEY TISSUE BOX,670,321.40000000000003,0,0,3836
22093,MOTORING TISSUE BOX,1830,822.13,12,15,3836
22094,RED RETROSPOT TISSUE BOX,2166,1135,65,39.97,3836
22095,LADS ONLY TISSUE BOX,1643,1605.96,9,11.06,3836
22096,PINK PAISLEY SQUARE TISSUE BOX,1366,584.09,6,2.34,3836
22097,SWALLOW SQUARE TISSUE BOX,1596,732.39,10,3.9000000000000004,3836
22098,BOUDOIR SQUARE TISSUE BOX,1992,1001.5500000000001,75,30.11,3836
22099,CARAVAN SQUARE TISSUE BOX,1440,800.59,9,11.25,3836
22100,SKULLS SQUARE TISSUE BOX,755,354.82,0,0,3836
22101,MIRROR MOSAIC VOTIVE HOLDER,1438,2053.17,324,126.36,3836
22102,MIRROR MOSAIC T-LIGHT HOLDER,1622,831.84,720,280.8,3836
22103,MIRROR MOSAIC T-LIGHT HOLDER ROUND,1248,908.24,482,201.66,3836
22104,MIRROR MOSAIC CANDLE PLATE,288,343.71,0,0,3836
22105,MIRROR MOSAIC GOBLET CANDLE HOLDER,574,847.8199999999999,240,228,3836
22106,MIRROR MOSAIC HURRICANE LAMP,349,898.38,121,156.75,3836
22107,PIZZA PLATE IN BOX,592,2153.06,21,76.25,3836
22108,PING! MICROWAVE PLATE,152,415.09000000000003,0,0,3836
22109,FULL ENGLISH BREAKFAST PLATE,1641,6921.15,33,114.39,3836
22110,BIRD HOUSE HOT WATER BOTTLE,1172,4912.14,2,5.1,3836
22111,SCOTTIE DOG HOT WATER BOTTLE,4655,24455.39,129,544.45,3836
22112,CHOCOLATE HOT WATER BOTTLE,6018,32826.58,128,548.88,3836
22113,GREY HEART HOT WATER BOTTLE,3220,12763.08,27,104.25,3836
22114,HOT WATER BOTTLE TEA AND SYMPATHY,5741,32973.44,82,310.1,3836
22114,NA,144,0,0,0,3836
22115,METAL SIGN EMPIRE TEA,1549,2020.91,0,0,3836
22116,METAL SIGN HIS DINNER IS SERVED,575,620.42,12,10.2,3836
22117,METAL SIGN HER DINNER IS SERVED,1320,3896.4500000000003,0,0,3836
22117,check,184,0,0,0,3836
22118,JOY WOODEN BLOCK LETTERS,230,895.26,0,0,3836
22119,PEACE WOODEN BLOCK LETTERS,345,1734.8700000000001,1,6.95,3836
22120,WELCOME  WOODEN BLOCK LETTERS,523,5247.09,12,119.39999999999999,3836
22121,NOEL WOODEN BLOCK LETTERS,352,2159.7000000000003,1,5.95,3836
22121,had been put aside,32,0,0,0,3836
22121,NA,21,0,0,0,3836
22123,PING MICROWAVE APRON,508,1068.3799999999999,0,0,3836
22124,SET OF 2 TEA TOWELS PING MICROWAVE,149,306.16,0,0,3836
22125,UNION JACK HOT WATER BOTTLE,13,139.85999999999999,0,0,3836
22125,NA,1,0,0,0,3836
22127,PARTY CONES CARNIVAL ASSORTED,404,504.88,0,0,3836
22128,PARTY CONES CANDY ASSORTED,1762,2127.53,56,70,3836
22129,PARTY CONES CANDY DECORATION,454,621.9599999999999,0,0,3836
22129,PARTY CONES CANDY TREE DECORATION,734,604.4599999999999,0,0,3836
22130,PARTY CONE CHRISTMAS DECORATION,2277,2664.6299999999997,145,104.52999999999999,3836
22131,FOOD CONTAINER SET 3 LOVE HEART,2031,3936.5899999999997,1,1.95,3836
22132,RED LOVE HEART SHAPE CUP,1038,939.03,12,10.2,3836
22133,PINK LOVE HEART SHAPE CUP,816,770.7299999999999,0,0,3836
22134,LADLE LOVE HEART RED,24,17.82,0,0,3836
22134,MINI LADLE LOVE HEART RED,865,401.18,0,0,3836
22135,LADLE LOVE HEART PINK,39,24.98,0,0,3836
22135,MINI LADLE LOVE HEART PINK,528,297.4,0,0,3836
22136,LOVE HEART SOCK HANGER,378,679.28,1,1.45,3836
22137,BATHROOM SET LOVE HEART DESIGN,82,237.98000000000002,0,0,3836
22138,BAKING SET 9 PIECE RETROSPOT,4937,24185.27,68,311.1,3836
22139,RETROSPOT TEA SET CERAMIC 11 PC,4518,22868.260000000002,42,195.3,3836
22139,amazon,15,0,0,0,3836
22139,NA,64,0,0,0,3836
22141,CHRISTMAS CRAFT TREE TOP ANGEL,2791,6463.790000000001,16,33.6,3836
22142,CHRISTMAS CRAFT WHITE FAIRY,3247,4946.19,11,15.95,3836
22142,check,14,0,0,0,3836
22144,CHRISTMAS CRAFT LITTLE FRIENDS,4073,9662.28,44,92.4,3836
22145,CHRISTMAS CRAFT HEART STOCKING,30,63,0,0,3836
22145,NA,31,0,0,0,3836
22146,EASTER CRAFT IVY WREATH WITH CHICK,1,1.95,0,0,3836
22147,FELTCRAFT BUTTERFLY HEARTS,6226,8621.14,877,1103.65,3836
22148,EASTER CRAFT 4 CHICKS,1933,3917.45,15,29.25,3836
22149,FELTCRAFT 6 FLOWER FRIENDS,6070,12357.08,623,1158.3,3836
22149,check,34,0,0,0,3836
22149,NA,46,0,0,0,3836
22150,3 STRIPEY MICE FELTCRAFT,3021,5907.84,11,21.45,3836
22151,PLACE SETTING WHITE HEART,15126,6322.21,890,321.96,3836
22152,PLACE SETTING WHITE STAR,2407,1053.08,4,1.68,3836
22153,ANGEL DECORATION STARS ON DRESS,2593,1109.05,70,29.400000000000002,3836
22154,ANGEL DECORATION 3 BUTTONS,3745,1636.67,7,2.94,3836
22155,STAR DECORATION RUSTIC,2452,1133.61,48,20.16,3836
22156,HEART DECORATION WITH PEARLS,2196,2113.1299999999997,105,88.21,3836
22157,ANGEL DECORATION WITH LACE PADDED,212,180.2,0,0,3836
22157,NA,31,0,0,0,3836
22158,3 HEARTS HANGING DECORATION RUSTIC,3413,11797.380000000001,25,71.75,3836
22161,HEART DECORATION RUSTIC HANGING,5083,1645.75,24,4.5600000000000005,3836
22162,HEART GARLAND RUSTIC PADDED,266,841.24,11,32.45,3836
22163,HEART STRING MEMO HOLDER HANGING,875,1042.78,25,19.75,3836
22164,STRING OF STARS CARD HOLDER,78,250.22000000000003,0,0,3836
22165,"DIAMANTE HEART SHAPED WALL MIRROR,",415,3328.2,1,12.75,3836
22166,WALL MIRROR RECTANGLE DIAMANTE PINK,207,1614.4,3,23.85,3836
22167,OVAL WALL MIRROR DIAMANTE,237,2391.12,5,49.75,3836
22168,ORGANISER WOOD ANTIQUE WHITE,144,1205.3,13,110.5,3836
22168,NA,6,0,0,0,3836
22169,FAMILY ALBUM WHITE PICTURE FRAME,1197,10345.76,32,257.55,3836
22170,PICTURE FRAME WOOD TRIPLE PORTRAIT,1068,6977.6,19,118.65,3836
22171,3 HOOK PHOTO SHELF ANTIQUE WHITE,1794,13611.81,110,859.35,3836
22171,?,142,0,0,0,3836
22171,NA,17,0,0,0,3836
22173,METAL 4 HOOK HANGER FRENCH CHATEAU,2444,7767.8,101,279.77,3836
22173,NA,27,0,0,0,3836
22174,PHOTO CUBE,3218,5978.78,0,0,3836
22175,PINK OWL SOFT TOY,877,2594.23,2,5.9,3836
22176,BLUE OWL SOFT TOY,512,1536.88,2,5.9,3836
22176,amazon,1,0,0,0,3836
22178,VICTORIAN GLASS HANGING T-LIGHT,24275,33146.82,450,638.4,3836
22179,SET 10 LIGHTS NIGHT OWL,461,3317.4700000000003,8,54,3836
22179,SET 10 NIGHT OWL LIGHTS,505,3908.73,21,124.95,3836
22180,RETROSPOT LAMP,330,3521.54,20,194.64999999999998,3836
22180,NA,1,0,0,0,3836
22181,SNOWSTORM PHOTO FRAME FRIDGE MAGNET,591,500.90999999999997,27,22.95,3836
22182,CAKE STAND VICTORIAN FILIGREE SMALL,372,1420.58,3,14.850000000000001,3836
22183,CAKE STAND VICTORIAN FILIGREE MED,322,1916.01,2,8.95,3836
22184,CAKE STAND VICTORIAN FILIGREE LARGE,56,471.86,2,17,3836
22185,SLATE TILE NATURAL HANGING,1472,2235.94,0,0,3836
22186,RED STAR CARD HOLDER,848,1997.48,53,132.14999999999998,3836
22187,GREEN CHRISTMAS TREE CARD HOLDER,1266,3245.68,4,14.7,3836
22188,BLACK HEART CARD HOLDER,4870,12483.220000000001,1,3.95,3836
22189,CREAM HEART CARD HOLDER,8284,23435.82,8,31.6,3836
22190,LOCAL CAFE MUG,676,1057.71,0,0,3836
22191,IVORY DINER WALL CLOCK,1445,11911.65,344,2653.7000000000003,3836
22192,BLUE DINER WALL CLOCK,954,8189.29,21,168.3,3836
22193,RED DINER WALL CLOCK,1400,11857.07,24,192.95000000000002,3836
22194,BLACK DINER WALL CLOCK,66,625.6899999999999,2,17,3836
22194,NA,2,0,0,0,3836
22195,LARGE HEART MEASURING SPOONS,1976,3720.66,1,1.65,3836
22196,SMALL HEART MEASURING SPOONS,2847,2754.16,29,24.13,3836
22197,POPCORN HOLDER,36749,34288.67,427,329.40999999999997,3836
22197,SMALL POPCORN HOLDER,20149,17045.8,44,37.14,3836
22198,LARGE POPCORN HOLDER,1025,1870.9099999999999,43,69.35,3836
22199,FRYING PAN RED POLKADOT,1,4.25,0,0,3836
22199,FRYING PAN RED RETROSPOT,466,1922.34,8,34,3836
22200,FRYING PAN PINK POLKADOT,398,1809.48,4,15,3836
22201,FRYING PAN BLUE POLKADOT,194,716.8,2,8.5,3836
22202,MILK PAN PINK POLKADOT,66,319.35,1,3.75,3836
22202,NA,1,0,0,0,3836
22203,MILK PAN RED RETROSPOT,404,1483.13,2,7.5,3836
22204,MILK PAN BLUE POLKADOT,197,669.54,5,18.75,3836
22206,"MUG , DOTCOMGIFTSHOP.COM",5,4.17,0,0,3836
22207,FRYING PAN UNION FLAG,1333,5833.59,75,282.25,3836
22208,WOOD STAMP SET THANK YOU,1509,1571.4899999999998,13,11.61,3836
22209,WOOD STAMP SET HAPPY BIRTHDAY,945,964.2199999999999,12,9.959999999999999,3836
22210,WOOD STAMP SET BEST WISHES,1017,958.04,0,0,3836
22211,WOOD STAMP SET FLOWERS,1008,1122.3899999999999,48,69.6,3836
22212,FOUR HOOK  WHITE LOVEBIRDS,1609,3700.94,24,50.400000000000006,3836
22214,CANDLE PLATE LACE WHITE,193,416.59999999999997,0,0,3836
22215,CAKE STAND WHITE TWO TIER LACE,343,2471.39,2,17,3836
22216,T-LIGHT HOLDER WHITE LACE,588,512.93,0,0,3836
22217,T-LIGHT HOLDER HANGING LACE,839,831.26,40,50,3836
22218,CAKE STAND LACE WHITE,1,4.25,0,0,3836
22218,NA,2,0,0,0,3836
22219,LOVEBIRD HANGING DECORATION WHITE,4133,4033.7299999999996,26,22.099999999999998,3836
22220,CAKE STAND LOVEBIRD 2 TIER WHITE,231,1849.25,22,201.5,3836
22221,CAKE STAND LOVEBIRD 2 TIER PINK,131,1104.54,2,19.9,3836
22222,CAKE PLATE LOVEBIRD WHITE,1057,3880.2000000000003,0,0,3836
22223,CAKE PLATE LOVEBIRD PINK,441,1821.6100000000001,0,0,3836
22224,WHITE LOVEBIRD LANTERN,834,2764.0600000000004,4,11.8,3836
22227,HANGING HEART MIRROR DECORATION,2341,1708.0700000000002,2,1.3,3836
22228,BUNNY WOODEN PAINTED WITH BIRD,1000,777.78,2,1.7,3836
22229,BUNNY WOODEN PAINTED WITH FLOWER,568,432.46,2,1.7,3836
22230,JIGSAW TREE WITH WATERING CAN,1047,480.62999999999994,16,13.53,3836
22231,JIGSAW TREE WITH BIRDHOUSE,998,1027.72,69,95.05,3836
22232,JIGSAW TOADSTOOLS 3 PIECE,690,604.4599999999999,64,54.72,3836
22233,JIGSAW RABBIT AND BIRDHOUSE,596,607.14,21,33.589999999999996,3836
22236,CAKE STAND 3 TIER MAGIC GARDEN,308,3624.5999999999995,45,508.94999999999993,3836
22241,GARLAND WOODEN HAPPY EASTER,1952,2609.43,4,4.8100000000000005,3836
22242,5 HOOK HANGER MAGIC TOADSTOOL,640,994.3799999999999,34,56.099999999999994,3836
22242,NA,10,0,0,0,3836
22243,5 HOOK HANGER RED MAGIC TOADSTOOL,3098,4751.639999999999,11,18.15,3836
22244,3 HOOK HANGER MAGIC GARDEN,1703,3276.2099999999996,16,31.2,3836
22245,"HOOK, 1 HANGER ,MAGIC GARDEN",1262,1070,5,4.25,3836
22246,"GARLAND, MAGIC GARDEN 1.8M",12,23.4,0,0,3836
22246,MAGIC GARDEN FELT GARLAND,419,939.37,12,23.4,3836
22247,BUNNY DECORATION MAGIC GARDEN,668,591.4399999999999,0,0,3836
22248,DECORATION  PINK CHICK MAGIC GARDEN,593,525.09,20,17,3836
22249,DECORATION WHITE CHICK MAGIC GARDEN,928,812.86,4,3.4,3836
22250,DECORATION  BUTTERFLY  MAGIC GARDEN,819,730.9499999999999,4,3.4,3836
22251,BIRDHOUSE DECORATION MAGIC GARDEN,712,889.49,16,20,3836
22252,BIRDCAGE DECORATION TEALIGHT HOLDER,643,761.57,6,7.5,3836
22254,FELT TOADSTOOL LARGE,657,836.8,0,0,3836
22255,FELT TOADSTOOL  SMALL,629,602.63,0,0,3836
22256,FELT FARM ANIMAL CHICKEN,286,387.9,0,0,3836
22257,FELT FARM ANIMAL SHEEP,373,280.42,0,0,3836
22258,FELT FARM ANIMAL RABBIT,912,743.89,7,8.75,3836
22259,FELT FARM ANIMAL HEN,481,332.84,0,0,3836
22260,FELT EGG COSY BLUE RABBIT,552,577.4399999999999,4,3.4,3836
22261,FELT EGG COSY WHITE RABBIT,579,544.7099999999999,4,3.4,3836
22262,FELT EGG COSY CHICKEN,1023,950.4599999999999,5,4.25,3836
22263,FELT EGG COSY LADYBIRD,326,195.97,49,32.34,3836
22264,FELT FARM ANIMAL WHITE BUNNY,1561,736.98,0,0,3836
22265,EASTER DECORATION NATURAL CHICK,536,363.55,0,0,3836
22266,EASTER DECORATION HANGING BUNNY,1887,595.85,0,0,3836
22267,EASTER DECORATION EGG BUNNY,836,673.17,0,0,3836
22268,DECORATION SITTING BUNNY,1480,349.54,39,7.41,3836
22268,EASTER DECORATION SITTING BUNNY,529,452.79999999999995,1,0.85,3836
22269,EGG CUP NATURAL CHICKEN,932,621.49,0,0,3836
22270,HAPPY EASTER HANGING DECORATION,243,942.2,7,25.89,3836
22271,FELTCRAFT DOLL ROSIE,1701,5007.35,8,23.6,3836
22272,FELTCRAFT DOLL MARIA,196,564.9200000000001,1,2.95,3836
22272,NA,45,0,0,0,3836
22273,FELTCRAFT DOLL MOLLY,4509,12001.59,1447,3512.6499999999996,3836
22274,FELTCRAFT DOLL EMILY,1340,3953.4800000000005,7,20.650000000000002,3836
22275,WEEKEND BAG VINTAGE ROSE PAISLEY,69,527.85,0,0,3836
22276,WASH BAG VINTAGE ROSE PAISLEY,290,838.86,7,17.849999999999998,3836
22277,COSMETIC BAG VINTAGE ROSE PAISLEY,417,897.74,0,0,3836
22278,OVERNIGHT BAG VINTAGE ROSE PAISLEY,405,2704.35,6,29.700000000000003,3836
22279,POCKET BAG BLUE PAISLEY RED SPOT,831,1003.4,1,1.25,3836
22280,POCKET BAG PINK PAISELY BROWN SPOT,468,509.59,0,0,3836
22281,EASTER TREE YELLOW BIRDS,131,929.44,0,0,3836
22282,12 EGG HOUSE PAINTED WOOD,149,2378.52,1,12.75,3836
22283,6 EGG HOUSE PAINTED WOOD,299,2726.43,4,31.8,3836
22284,HEN HOUSE DECORATION,927,1597.0699999999997,13,21.449999999999996,3836
22285,"DECORATION HEN ON NEST, HANGING",42,74.42999999999999,0,0,3836
22285,HANGING HEN ON NEST DECORATION,828,1418.82,0,0,3836
22286,"DECORATION , WOBBLY RABBIT , METAL",293,518.03,0,0,3836
22286,DECORATION WOBBLY RABBIT METAL,830,504.46,0,0,3836
22287,"DECORATION , WOBBLY CHICKEN, METAL",234,397.71999999999997,0,0,3836
22287,DECORATION WOBBLY CHICKEN,560,319.14,12,4.68,3836
22288,HANGING METAL RABBIT DECORATION,474,616.95,0,0,3836
22289,HANGING METAL CHICKEN DECORATION,148,193.52,0,0,3836
22291,HANGING CHICK CREAM DECORATION,1289,1906.0199999999998,24,34.8,3836
22292,HANGING CHICK  YELLOW DECORATION,1136,1604.51,0,0,3836
22293,HANGING CHICK GREEN DECORATION,903,1335.87,0,0,3836
22294,HEART FILIGREE DOVE  SMALL,5457,6805.08,34,42.5,3836
22295,HEART FILIGREE DOVE LARGE,2789,4613.969999999999,12,19.799999999999997,3836
22296,HEART IVORY TRELLIS LARGE,3140,5247.719999999999,1,1.65,3836
22297,HEART IVORY TRELLIS SMALL,4164,5459.91,0,0,3836
22299,PIG KEYRING WITH LIGHT & SOUND,1379,1386.97,52,65,3836
22300,COFFEE MUG DOG + BALL DESIGN,1529,3409.21,13,33.15,3836
22301,COFFEE MUG CAT + BIRD DESIGN,2208,4980.83,24,59.4,3836
22302,COFFEE MUG PEARS  DESIGN,2329,5134.29,12,30.599999999999998,3836
22303,COFFEE MUG APPLES DESIGN,2816,6338.25,74,171.15,3836
22304,COFFEE MUG BLUE PAISLEY DESIGN,761,1352.8799999999999,0,0,3836
22305,COFFEE MUG PINK PAISLEY DESIGN,693,1604.58,1,2.55,3836
22306,SILVER MUG BONE CHINA TREE OF LIFE,1162,1415.8500000000001,17,28.7,3836
22307,GOLD MUG BONE CHINA TREE OF LIFE,770,969.64,39,45.9,3836
22308,TEA COSY BLUE STRIPE,250,877.38,0,0,3836
22309,TEA COSY RED  STRIPE,369,1091.05,0,0,3836
22310,IVORY KNITTED MUG COSY,668,1296.23,0,0,3836
22311,OFFICE MUG WARMER BLACK+SILVER,1132,3403.76,7,20.650000000000002,3836
22312,OFFICE MUG WARMER POLKADOT,645,1950.4900000000002,26,76.70000000000002,3836
22313,OFFICE MUG WARMER PINK,565,1564.8300000000002,250,637.5,3836
22314,OFFICE MUG WARMER CHOC+BLUE,570,1759.1200000000001,2,5.9,3836
22315,200 RED + WHITE BENDY STRAWS,916,1218.93,0,0,3836
22316,200 BENDY SKULL STRAWS,660,742.37,1,1.25,3836
22317,FIVE CATS HANGING DECORATION,286,879.6700000000001,0,0,3836
22318,FIVE HEART HANGING DECORATION,462,1541.6200000000001,7,20.650000000000002,3836
22319,HAIRCLIPS FORTIES FABRIC ASSORTED,1322,572.26,6,3.9000000000000004,3836
22320,BIRDS MOBILE VINTAGE DESIGN,189,1147.27,9,53.550000000000004,3836
22321,BIRD DECORATION RED RETROSPOT,893,860.93,1,0.85,3836
22322,BIRD DECORATION GREEN POLKADOT,820,747.81,12,10.2,3836
22323,PINK POLKADOT KIDS BAG,1,1.95,0,0,3836
22323,NA,1,0,0,0,3836
22324,BLUE POLKADOT KIDS BAG,286,688.3,0,0,3836
22325,MOBILE VINTAGE HEARTS,249,1146.3500000000001,13,64.35000000000001,3836
22326,ROUND SNACK BOXES SET OF4 WOODLAND,8535,24364.870000000003,40,118.00000000000001,3836
22327,ROUND SNACK BOXES SET OF 4 SKULLS,1169,4304.25,15,44.25000000000001,3836
22328,ROUND SNACK BOXES SET OF 4 FRUITS,6835,19094.97,658,1691.4999999999998,3836
22329,ROUND CONTAINER SET OF 5 RETROSPOT,1603,2661.89,17,28.049999999999997,3836
22331,WOODLAND PARTY BAG + STICKER SET,1840,2975.14,2,3.3,3836
22332,SKULLS PARTY BAG + STICKER SET,1032,1677.9999999999998,24,39.599999999999994,3836
22333,RETROSPOT PARTY BAG + STICKER SET,4492,7043.94,82,135.29999999999998,3836
22334,DINOSAUR PARTY BAG + STICKER SET,707,1160.71,0,0,3836
22335,HEART DECORATION PAINTED ZINC,2380,1668.89,0,0,3836
22336,DOVE DECORATION PAINTED ZINC,2381,754.0300000000001,23,14.950000000000001,3836
22337,ANGEL DECORATION PAINTED ZINC,912,574.5400000000001,0,0,3836
22338,STAR DECORATION PAINTED ZINC,4679,1233.91,21,12.270000000000001,3836
22339,CHRISTMAS TREE PAINTED ZINC,2468,683.3100000000001,31,16.93,3836
22340,NOEL GARLAND PAINTED ZINC,1398,787.2099999999999,12,17.4,3836
22341,LOVE GARLAND PAINTED ZINC,453,827.6299999999999,0,0,3836
22342,HOME GARLAND PAINTED ZINC,997,1111.58,36,40.199999999999996,3836
22343,PARTY PIZZA DISH RED RETROSPOT,1974,873.3299999999999,18,15.299999999999999,3836
22344,PARTY PIZZA DISH PINK POLKADOT,1225,459.81,0,0,3836
22345,PARTY PIZZA DISH BLUE POLKADOT,1117,399.05,18,15.299999999999999,3836
22346,PARTY PIZZA DISH GREEN POLKADOT,1034,381.09,0,0,3836
22348,TEA BAG PLATE RED RETROSPOT,4084,3583.29,12,10.2,3836
22349,DOG BOWL CHASING BALL DESIGN,1366,5381.5199999999995,13,48.75,3836
22350,ILLUSTRATED CAT BOWL,1413,3822.12,1,2.55,3836
22351,DOTCOMGIFTSHOP TEA TOWEL,13,23.089999999999996,0,0,3836
22352,LUNCH BOX WITH CUTLERY RETROSPOT,3088,7860.969999999999,16,40.8,3836
22353,LUNCH BOX WITH CUTLERY FAIRY CAKES,61,153,0,0,3836
22353,NA,60,0,0,0,3836
22354,RETROSPOT PADDED SEAT CUSHION,750,2860.98,1,3.39,3836
22355,CHARLOTTE BAG SUKI DESIGN,18124,29254.149999999998,150,113.59,3836
22355,test,1,0,0,0,3836
22356,CHARLOTTE BAG PINK POLKADOT,9718,11417.74,266,201.53,3836
22357,KINGS CHOICE BISCUIT TIN,482,2175.04,18,76.5,3836
22358,KINGS CHOICE TEA CADDY,698,2551.2200000000003,8,23.6,3836
22359,GLASS JAR KINGS CHOICE,188,605.7700000000001,3,8.850000000000001,3836
22360,GLASS JAR ENGLISH CONFECTIONERY,1013,3192.82,104,282,3836
22361,GLASS JAR DAISY FRESH COTTON WOOL,731,2592.33,12,35,3836
22362,GLASS JAR PEACOCK BATH SALTS,414,1329.44,33,97.35000000000001,3836
22363,GLASS JAR MARMALADE,483,1380.8,130,335.5,3836
22364,GLASS JAR DIGESTIVE BISCUITS,621,2001.3200000000002,67,182.45000000000002,3836
22365,DOORMAT RESPECTABLE HOUSE,792,5754.03,2,15.9,3836
22366,DOORMAT AIRMAIL,803,6034.9,27,194.07000000000002,3836
22367,CHILDRENS APRON SPACEBOY DESIGN,3752,7508.58,35,68.25,3836
22371,AIRLINE BAG VINTAGE TOKYO 78,1095,5072.32,14,57.78,3836
22372,AIRLINE BAG VINTAGE WORLD CHAMPION,282,1289.49,1,4.25,3836
22374,AIRLINE BAG VINTAGE JET SET RED,552,2427.52,4,17,3836
22375,AIRLINE BAG VINTAGE JET SET BROWN,351,1626.54,0,0,3836
22376,AIRLINE BAG VINTAGE JET SET WHITE,253,1133.2,0,0,3836
22377,BOTTLE BAG RETROSPOT,1330,2171.53,9,18.45,3836
22378,WALL TIDY RETROSPOT,2283,3638.5699999999997,1,2.1,3836
22379,RECYCLING BAG RETROSPOT,6896,15607.59,64,122.65,3836
22380,TOY TIDY SPACEBOY,1313,2815.46,37,77.7,3836
22381,TOY TIDY PINK POLKADOT,3439,7433.74,27,56.45,3836
22382,LUNCH BAG SPACEBOY DESIGN,10427,18031.31,159,242.35,3836
22383,LUNCH BAG SUKI  DESIGN,2217,3786.91,4,6.3999999999999995,3836
22383,LUNCH BAG SUKI DESIGN,10302,18699.43,144,217.4,3836
22384,LUNCH BAG PINK POLKADOT,10487,17388.99,152,236.2,3836
22385,JUMBO BAG SPACEBOY DESIGN,8679,17071.59,118,215.14,3836
22386,JUMBO BAG PINK POLKADOT,21448,42401.01,456,816.58,3836
22389,PAPERWEIGHT SAVE THE PLANET,338,641.55,100,210,3836
22390,PAPERWEIGHT CHILDHOOD MEMORIES,266,440.34,0,0,3836
22391,PAPERWEIGHT HOME SWEET HOME,158,245.57999999999998,0,0,3836
22393,PAPERWEIGHT VINTAGE COLLAGE,510,736.88,4,10.2,3836
22394,PAPERWEIGHT KINGS CHOICE,168,230.67999999999998,6,15.299999999999999,3836
22395,PAPERWEIGHT VINTAGE PAISLEY,152,220.04,0,0,3836
22396,MAGNETS PACK OF 4 RETRO PHOTO,1226,630.37,12,15,3836
22398,MAGNETS PACK OF 4 SWALLOWS,2575,1589.12,84,105,3836
22399,MAGNETS PACK OF 4 CHILDHOOD MEMORY,1152,1347.08,24,30,3836
22400,MAGNETS PACK OF 4 HOME SWEET HOME,1393,729.09,1,0.39,3836
22402,MAGNETS PACK OF 4 VINTAGE COLLAGE,1719,1033.16,12,15,3836
22403,MAGNETS PACK OF 4 VINTAGE LABELS,1322,689.28,12,15,3836
22405,MONEY BOX POCKET MONEY DESIGN,372,415.36,1,1.06,3836
22406,MONEY BOX KINGS CHOICE DESIGN,346,403.46,1,1.25,3836
22407,MONEY BOX FIRST ADE DESIGN,50,62.5,0,0,3836
22407,MONEY BOX FIRST AID DESIGN,44,36.78,0,0,3836
22408,MONEY BOX CONFECTIONERY DESIGN,145,162.44,0,0,3836
22409,MONEY BOX BISCUITS DESIGN,228,299.72,1,1.25,3836
22410,MONEY BOX HOUSEKEEPING DESIGN,237,247.42,0,0,3836
22411,JUMBO SHOPPER VINTAGE RED PAISLEY,12574,28577.1,354,622.47,3836
22412,METAL SIGN NEIGHBOURHOOD WITCH,911,1931.8500000000001,2,4.2,3836
22413,METAL SIGN TAKE IT OR LEAVE IT,3774,11095.94,18,53.10000000000001,3836
22414,DOORMAT NEIGHBOURHOOD WITCH,282,2038.39,2,16.2,3836
22415,WHITE TISSUE REAM,19,151.05,0,0,3836
22416,SET OF 36 DOILIES SPACEBOY DESIGN,817,1135.3999999999999,0,0,3836
22416,SET OF 36 SPACEBOY PAPER DOILIES,51,75.42,6,8.7,3836
22417,PACK OF 60 SPACEBOY CAKE CASES,8420,4563.24,46,25.300000000000004,3836
22418,10 COLOUR SPACEBOY PEN,6564,5585.45,172,146.2,3836
22419,LIPSTICK PEN RED,3338,1673.1,6,2.52,3836
22420,LIPSTICK PEN BABY PINK,1333,611.3,0,0,3836
22421,LIPSTICK PEN FUSCHIA,2597,1347.1,2,0.84,3836
22422,TOOTHPASTE TUBE PEN,1273,776.1,0,0,3836
22423,REGENCY CAKESTAND 3 TIER,13862,174156.54,855,9697.05,3836
22424,ENAMEL BREAD BIN CREAM,873,12358.33,28,342.6,3836
22425,ENAMEL COLANDER CREAM,461,2346.1200000000003,6,29.700000000000003,3836
22426,ENAMEL WASH BOWL CREAM,745,2855.21,12,45,3836
22427,ENAMEL FLOWER JUG CREAM,2109,12647.26,42,243.9,3836
22428,ENAMEL FIRE BUCKET CREAM,253,1854.76,3,20.85,3836
22429,ENAMEL MEASURING JUG CREAM,1262,5507.18,33,140.25,3836
22430,ENAMEL WATERING CAN CREAM,624,3241.34,20,99,3836
22431,WATERING CAN BLUE ELEPHANT,2060,3998.7099999999996,8,15.6,3836
22432,WATERING CAN PINK BUNNY,1717,3342.8199999999997,14,27.299999999999997,3836
22433,WATERING CAN GREEN DINOSAUR,1394,2667.5,3,5.85,3836
22434,BALLOON PUMP WITH 10 BALLOONS,793,1570.41,18,35.1,3836
22435,SET OF 9 HEART SHAPED BALLOONS,2757,3445.5,12,15,3836
22436,12 COLOURED PARTY BALLOONS,2134,1398.51,20,13,3836
22437,SET OF 9 BLACK SKULL BALLOONS,2848,2417.24,10,8.5,3836
22438,BALLOON ART MAKE YOUR OWN FLOWERS,1009,1034.9,0,0,3836
22439,6 ROCKET BALLOONS,1898,1293.22,68,44.2,3836
22440,BALLOON WATER BOMB PACK OF 35,6010,2375.04,10,4.2,3836
22441,GROW YOUR OWN BASIL IN ENAMEL MUG,1047,2292.9100000000003,3,6.300000000000001,3836
22442,GROW YOUR OWN FLOWERS SET OF 3,296,1241.3,11,87.45,3836
22443,GROW YOUR OWN HERBS SET OF 3,164,1391.74,2,15.9,3836
22444,GROW YOUR OWN PLANT IN A CAN,839,1106.62,32,40,3836
22444,NA,543,0,0,0,3836
22445,PENCIL CASE LIFE IS BEAUTIFUL,534,1615.91,0,0,3836
22446,PIN CUSHION BABUSHKA PINK,439,1135.18,0,0,3836
22447,PIN CUSHION BABUSHKA BLUE,137,410.81,0,0,3836
22448,PIN CUSHION BABUSHKA RED,201,656.4300000000001,0,0,3836
22449,SILK PURSE BABUSHKA PINK,491,1583.95,6,20.1,3836
22450,SILK PURSE BABUSHKA BLUE,194,657.76,1,3.35,3836
22451,SILK PURSE BABUSHKA RED,222,775.8000000000001,0,0,3836
22451,NA,19,0,0,0,3836
22452,MEASURING TAPE BABUSHKA PINK,722,1760.3100000000002,1,2.95,3836
22453,MEASURING TAPE BABUSHKA BLUE,442,1185.7900000000002,1,2.95,3836
22454,MEASURING TAPE BABUSHKA RED,266,757.0200000000001,8,23.6,3836
22456,NATURAL SLATE CHALKBOARD LARGE,1727,9534.67,68,326.8,3836
22457,NATURAL SLATE HEART CHALKBOARD,9119,27991.61,52,152.60000000000002,3836
22458,CAST IRON HOOK GARDEN FORK,523,1421.83,0,0,3836
22459,CAST IRON HOOK GARDEN TROWEL,386,1018.1899999999999,0,0,3836
22459,NA,65,0,0,0,3836
22460,EMBOSSED GLASS TEALIGHT HOLDER,2546,3273.5,19,23.75,3836
22461,SAVOY ART DECO CLOCK,239,1453.5800000000002,23,173.45,3836
22464,HANGING METAL HEART LANTERN,3406,5485.629999999999,122,186.89999999999998,3836
22465,HANGING METAL STAR LANTERN,2053,3141.5399999999995,27,42.15,3836
22466,FAIRY TALE COTTAGE NIGHT LIGHT,976,1979.34,17,28.049999999999997,3836
22466,FAIRY TALE COTTAGE NIGHTLIGHT,2093,3626.45,4,7.8,3836
22467,GUMBALL COAT RACK,7926,18798.670000000002,147,337.5,3836
22467,wrongly sold (22719) barcode,170,0,0,0,3836
22468,BABUSHKA LIGHTS STRING OF 10,517,3633.17,3,19.45,3836
22469,HEART OF WICKER SMALL,17963,32094.6,135,207.95,3836
22469,NA,8,0,0,0,3836
22470,HEART OF WICKER LARGE,9888,30098.11,68,189.5,3836
22470,NA,2,0,0,0,3836
22471,TV DINNER TRAY AIR HOSTESS,419,1502.02,1,1.95,3836
22472,TV DINNER TRAY DOLLY GIRL,321,1527.01,2,9.9,3836
22473,TV DINNER TRAY VINTAGE PAISLEY,505,1623.04,0,0,3836
22474,SPACEBOY TV DINNER TRAY,305,1636.27,32,136,3836
22475,SKULL DESIGN TV DINNER TRAY,321,1590.82,0,0,3836
22476,EMPIRE UNION JACK TV DINNER TRAY,881,2839.21,8,39.6,3836
22477,WATERING CAN GARDEN MARKER,1364,1967.8999999999999,1,1.25,3836
22478,BIRDHOUSE GARDEN MARKER,1537,2210.62,0,0,3836
22479,DAISY GARDEN MARKER,1139,1658.57,0,0,3836
22480,RED TEA TOWEL CLASSIC DESIGN,630,755.96,0,0,3836
22481,BLACK TEA TOWEL CLASSIC DESIGN,825,747.3,0,0,3836
22482,BLUE TEA TOWEL CLASSIC DESIGN,478,565.86,0,0,3836
22483,RED GINGHAM TEDDY BEAR,770,2302.94,1,2.95,3836
22485,SET OF 2 WOODEN MARKET CRATES,526,7190.3499999999995,6,76.5,3836
22486,PLASMATRONIC LAMP,71,446.45,6,76.5,3836
22487,WHITE WOOD GARDEN PLANT LADDER,784,7909.28,25,232.79999999999998,3836
22488,NATURAL SLATE RECTANGLE CHALKBOARD,3195,5573.679999999999,35,57.74999999999999,3836
22489,PACK OF 12 TRADITIONAL CRAYONS,9719,4072.1299999999997,2,0.84,3836
22491,PACK OF 12 COLOURED PENCILS,3947,3183.6299999999997,12,10.2,3836
22492,MINI PAINT SET VINTAGE,26633,16937.82,196,127.4,3836
22493,PAINT YOUR OWN CANVAS SET,2461,3986.64,273,396.45,3836
22494,EMERGENCY FIRST AID TIN,1088,1572.27,40,50,3836
22495,SET OF 2 ROUND TINS CAMEMBERT,282,748.82,6,17.700000000000003,3836
22496,SET OF 2 ROUND TINS DUTCH CHEESE,253,535.11,4,11.8,3836
22497,SET OF 2 TINS VINTAGE BATHROOM,224,1140.9,0,0,3836
22498,WOODEN REGATTA BUNTING,333,2116.04,0,0,3836
22499,WOODEN UNION JACK BUNTING,2091,12792.25,4,23.8,3836
22500,SET OF 2 TINS JARDIN DE PROVENCE,248,967.0500000000001,0,0,3836
22501,Found,24,0,0,0,3836
22501,PICNIC BASKET WICKER LARGE,1605,19302.26,100,873.2,3836
22501,NA,154,0,0,0,3836
22502,PICNIC BASKET WICKER 60 PIECES,61,39619.5,0,0,3836
22502,PICNIC BASKET WICKER SMALL,1905,11789.27,75,385.25,3836
22502,NA,79,0,0,0,3836
22503,CABIN BAG VINTAGE PAISLEY,99,2010.12,19,461.84999999999997,3836
22504,CABIN BAG VINTAGE RETROSPOT,247,4674.62,5,132.55,3836
22505,MEMO BOARD COTTAGE DESIGN,1457,7084.42,5,24.75,3836
22507,MEMO BOARD RETROSPOT  DESIGN,2960,14193.35,7,33.95,3836
22508,DOORSTOP RETROSPOT HEART,1594,6525.88,22,82.5,3836
22509,SEWING BOX RETROSPOT DESIGN,209,2124.54,16,239.2,3836
22510,GINGHAM BABUSHKA DOORSTOP,210,402.74,0,0,3836
22511,RETROSPOT BABUSHKA DOORSTOP,251,495.2,1,3.75,3836
22512,DOORSTOP RACING CAR DESIGN,123,269.71,0,0,3836
22513,DOORSTOP FOOTBALL DESIGN,152,539.9,0,0,3836
22514,CHILDS GARDEN SPADE BLUE,308,704.45,0,0,3836
22515,CHILDS GARDEN SPADE PINK,272,608.95,2,4.2,3836
22516,CHILDS GARDEN RAKE BLUE,207,494.89000000000004,0,0,3836
22517,CHILDS GARDEN RAKE PINK,199,447.63000000000005,0,0,3836
22518,CHILDS GARDEN BRUSH BLUE,365,783.5400000000001,0,0,3836
22519,CHILDS GARDEN BRUSH PINK,413,906.7500000000001,0,0,3836
22520,CHILDS GARDEN TROWEL BLUE,722,622.0999999999999,0,0,3836
22521,CHILDS GARDEN TROWEL PINK,610,525.51,0,0,3836
22522,CHILDS GARDEN FORK BLUE,931,772.5899999999999,12,10.2,3836
22523,CHILDS GARDEN FORK PINK,865,750.81,12,10.2,3836
22524,CHILDRENS GARDEN GLOVES BLUE,648,883.2,0,0,3836
22525,CHILDRENS GARDEN GLOVES PINK,492,648.97,0,0,3836
22526,WHEELBARROW FOR CHILDREN,127,1720.26,6,76.5,3836
22528,GARDENERS KNEELING PAD,1,3.36,0,0,3836
22529,MAGIC DRAWING SLATE GO TO THE FAIR,851,349.03000000000003,0,0,3836
22530,MAGIC DRAWING SLATE DOLLY GIRL,3628,1516.46,24,10.08,3836
22531,MAGIC DRAWING SLATE CIRCUS PARADE,3382,1412.41,0,0,3836
22532,MAGIC DRAWING SLATE LEAP FROG,1072,366.75,0,0,3836
22533,MAGIC DRAWING SLATE BAKE A CAKE,1782,644.39,24,10.08,3836
22533,check,60,0,0,0,3836
22534,MAGIC DRAWING SLATE SPACEBOY,4496,1871.12,2,0.84,3836
22535,MAGIC DRAWING SLATE BUNNIES,1763,669.75,48,20.16,3836
22536,MAGIC DRAWING SLATE PURDEY,4752,1803.95,131,47.81999999999999,3836
22537,MAGIC DRAWING SLATE DINOSAUR,1929,844,48,20.16,3836
22538,MINI JIGSAW GO TO THE FAIR,402,164.42,0,0,3836
22539,MINI JIGSAW DOLLY GIRL,2918,1129.32,0,0,3836
22540,MINI JIGSAW CIRCUS PARADE,2519,960.86,1,0.42,3836
22541,MINI JIGSAW LEAP FROG,503,201.95,0,0,3836
22543,MINI JIGSAW BAKE A CAKE,1453,530.8,0,0,3836
22544,MINI JIGSAW SPACEBOY,4518,1714.9199999999998,43,18.06,3836
22545,MINI JIGSAW BUNNIES,1142,435.66999999999996,1,0.42,3836
22546,MINI JIGSAW PURDEY,2103,799.9799999999999,1,0.42,3836
22547,MINI JIGSAW DINOSAUR,809,338.23,2,0.84,3836
22548,HEADS AND TAILS SPORTING FUN,1975,2348.94,0,0,3836
22548,adjustment,4,0,0,0,3836
22549,PICTURE DOMINOES,3188,4798.38,0,0,3836
22550,HOLIDAY FUN LUDO,1165,4194.89,8,30,3836
22551,PLASTERS IN TIN SPACEBOY,8074,13602.109999999999,29,47.849999999999994,3836
22553,PLASTERS IN TIN SKULLS,4266,7132.119999999999,84,138.6,3836
22554,PLASTERS IN TIN WOODLAND ANIMALS,7803,13328.269999999999,29,47.849999999999994,3836
22555,PLASTERS IN TIN STRONGMAN,6010,9841.829999999998,21,34.65,3836
22556,PLASTERS IN TIN CIRCUS PARADE,6113,10061.859999999999,66,108.89999999999999,3836
22557,PLASTERS IN TIN VINTAGE PAISLEY,4712,7762.239999999999,27,44.55,3836
22558,CLOTHES PEGS RETROSPOT PACK 24,8676,13325.869999999999,42,66.58,3836
22559,SEASIDE FLYING DISC,507,626.53,0,0,3836
22560,TRADITIONAL MODELLING CLAY,8144,9572.32,1,1.06,3836
22561,WOODEN SCHOOL COLOURING SET,5883,9741.57,276,405,3836
22562,MONSTERS STENCIL CRAFT,1413,1763.3700000000001,0,0,3836
22563,HAPPY STENCIL CRAFT,2823,3348.1800000000003,1,1.25,3836
22564,ALPHABET STENCIL CRAFT,2697,3057.27,437,464.17,3836
22565,FELTCRAFT HAIRBANDS PINK AND WHITE,933,872.67,0,0,3836
22566,FELTCRAFT HAIRBAND PINK AND PURPLE,873,789.78,0,0,3836
22567,20 DOLLY PEGS RETROSPOT,2448,3251.6,26,32.7,3836
22568,FELTCRAFT CUSHION OWL,3373,12413.89,158,540.6600000000001,3836
22568,NA,8,0,0,0,3836
22569,FELTCRAFT CUSHION BUTTERFLY,2759,10110.83,194,658.38,3836
22570,FELTCRAFT CUSHION RABBIT,3086,11204.97,245,832.35,3836
22570,NA,47,0,0,0,3836
22571,ROCKING HORSE RED CHRISTMAS,2434,2185.48,109,80.17,3836
22572,ROCKING HORSE GREEN CHRISTMAS,1380,1244.6699999999998,0,0,3836
22573,STAR WOODEN CHRISTMAS DECORATION,2684,2423,0,0,3836
22574,HEART WOODEN CHRISTMAS DECORATION,2333,2199.5899999999997,192,138.24,3836
22575,METAL MERRY CHRISTMAS WREATH,636,1216.22,6,11.7,3836
22576,SWALLOW WOODEN CHRISTMAS DECORATION,1538,1414.4599999999998,6,5.1,3836
22577,WOODEN HEART CHRISTMAS SCANDINAVIAN,10608,4075.3599999999997,101,83.05,3836
22578,WOODEN STAR CHRISTMAS SCANDINAVIAN,10460,3876.5399999999995,133,112.49,3836
22579,WOODEN TREE CHRISTMAS SCANDINAVIAN,5167,1988.0199999999998,96,81.6,3836
22579,NA,15,0,0,0,3836
22580,ADVENT CALENDAR GINGHAM SACK,1315,6848.1900000000005,61,314.95000000000005,3836
22581,WOOD STOCKING CHRISTMAS SCANDISPOT,1569,1137.28,2,1.7,3836
22582,PACK OF 6 SWEETIE GIFT BOXES,1061,2649.35,12,30.599999999999998,3836
22583,PACK OF 6 HANDBAG GIFT BOXES,573,1570.3999999999999,2,5.1,3836
22584,PACK OF 6 PANETTONE GIFT BOXES,233,548.63,14,35.699999999999996,3836
22584,PACK OF 6 PANNETONE GIFT BOXES,2097,5398.33,1,2.55,3836
22585,PACK OF 6 BIRDY GIFT TAGS,6222,7547.89,45,56.25,3836
22586,FELTCRAFT HAIRBAND PINK AND BLUE,856,774.55,48,40.8,3836
22587,FELTCRAFT HAIRBAND RED AND BLUE,918,830.52,0,0,3836
22588,CARD HOLDER GINGHAM HEART,684,2141.32,195,411.87000000000006,3836
22589,CARDHOLDER GINGHAM STAR,379,1212.82,0,0,3836
22591,CARDHOLDER GINGHAM CHRISTMAS TREE,413,1509.41,59,156.04999999999998,3836
22591,NA,36,0,0,0,3836
22592,CARDHOLDER HOLLY WREATH METAL,658,3021.12,2,7.5,3836
22593,CHRISTMAS GINGHAM STAR,2263,2085.64,144,103.67999999999999,3836
22594,CHRISTMAS GINGHAM TREE,2006,1905.7699999999998,1,0.85,3836
22595,CHRISTMAS GINGHAM HEART,649,605.8,144,103.67999999999999,3836
22595,GINGHAM HEART DECORATION,6139,5114.41,0,0,3836
22596,CHRISTMAS STAR WISH LIST CHALKBOARD,3476,4110.42,25,30.72,3836
22597,CHRISTMAS MUSICAL ZINC HEART,58,67.89999999999999,0,0,3836
22597,MUSICAL ZINC HEART DECORATION,2763,1179.59,34,28.9,3836
22598,CHRISTMAS MUSICAL ZINC TREE,990,446.2,6,5.1,3836
22599,CHRISTMAS MUSICAL ZINC STAR,1953,967.7599999999999,24,20.4,3836
22600,CHRISTMAS RETROSPOT STAR WOOD,1698,1543.23,28,23.799999999999997,3836
22601,CHRISTMAS RETROSPOT ANGEL WOOD,2479,2219.83,4,3.4,3836
22602,CHRISTMAS RETROSPOT HEART WOOD,139,137.59,0,0,3836
22602,RETROSPOT WOODEN HEART DECORATION,2076,1886.28,40,34,3836
22603,CHRISTMAS RETROSPOT TREE WOOD,1387,1235.3799999999999,13,11.049999999999999,3836
22604,SET OF 4 NAPKIN CHARMS CUTLERY,1251,3039.66,0,0,3836
22605,WOODEN CROQUET GARDEN SET,782,11276.21,8,97,3836
22606,WOODEN SKITTLES GARDEN SET,313,4638.46,11,118.25,3836
22606,check,9,0,0,0,3836
22606,NA,1,0,0,0,3836
22607,WOODEN ROUNDERS GARDEN SET,1327,12531.57,4,36.9,3836
22608,PENS ASSORTED FUNKY JEWELED,5211,1114.6399999999999,7,1.33,3836
22609,PENS ASSORTED SPACEBALL,5874,1368.1,36,6.84,3836
22610,PENS ASSORTED FUNNY FACE,9572,2571.4,0,0,3836
22611,VINTAGE UNION JACK SHOPPING BAG,225,1077.03,0,0,3836
22613,PACK OF 20 SPACEBOY NAPKINS,1538,1222.61,10,8.5,3836
22614,PACK OF 12 SPACEBOY TISSUES,3032,1024.2199999999998,37,14.43,3836
22615,PACK OF 12 CIRCUS PARADE TISSUES,2073,660.15,12,4.68,3836
22616,PACK OF 12 LONDON TISSUES,26323,7975.98,24,8.16,3836
22617,BAKING SET SPACEBOY DESIGN,2210,10745.050000000001,29,142.15,3836
22618,COOKING SET RETROSPOT,69,671.53,20,174.18,3836
22619,SET OF 6 SOLDIER SKITTLES,2563,9895.039999999999,4,15,3836
22620,4 TRADITIONAL SPINNING TOPS,4890,6782.21,10,12.9,3836
22621,TRADITIONAL KNITTING NANCY,6148,10053.65,51,64.75,3836
22622,BOX OF VINTAGE ALPHABET BLOCKS,1342,13931.31,13,151.35,3836
22623,BOX OF VINTAGE JIGSAW BLOCKS,938,5236.31,16,85.2,3836
22624,IVORY KITCHEN SCALES,1910,16378.710000000001,17,137.7,3836
22625,RED KITCHEN SCALES,1638,14082.2,24,198.05,3836
22626,BLACK KITCHEN SCALES,523,4401.860000000001,9,76.5,3836
22627,MINT KITCHEN SCALES,859,7521.89,15,117.21000000000001,3836
22627,NA,4,0,0,0,3836
22628,PICNIC BOXES SET OF 3 RETROSPOT,965,4620.91,21,103.95,3836
22629,SPACEBOY LUNCH BOX,14249,25719.019999999997,54,92.7,3836
22630,DOLLY GIRL LUNCH BOX,11780,21609.789999999997,275,478.6499999999999,3836
22631,CIRCUS PARADE LUNCH BOX,3680,7199.57,33,64.35,3836
22632,HAND WARMER RED POLKA DOT,120,225.00000000000003,0,0,3836
22632,HAND WARMER RED RETROSPOT,4348,8757.830000000002,29,59.150000000000006,3836
22632,NA,5,0,0,0,3836
22633,HAND WARMER UNION JACK,4851,10023.720000000001,26,54.60000000000001,3836
22634,CHILDS BREAKFAST SET SPACEBOY,763,7161.3,41,381.84999999999997,3836
22635,CHILDS BREAKFAST SET DOLLY GIRL,681,6412.33,84,727.05,3836
22636,CHILDS BREAKFAST SET CIRCUS PARADE,596,5009.56,29,239.70000000000002,3836
22637,PIGGY BANK RETROSPOT,2762,7111.18,55,136.2,3836
22638,SET OF 4 NAPKIN CHARMS CROWNS,300,481.88,1,2.55,3836
22639,SET OF 4 NAPKIN CHARMS HEARTS,805,1935.1599999999999,0,0,3836
22640,SET OF 4 NAPKIN CHARMS 3 KEYS,237,446.84,0,0,3836
22641,SET OF 4 NAPKIN CHARMS INSTRUMENT,139,303.72999999999996,0,0,3836
22642,SET OF 4 NAPKIN CHARMS STARS,269,596.36,0,0,3836
22643,SET OF 4 NAPKIN CHARMS LEAVES,238,441.83,0,0,3836
22644,CERAMIC CHERRY CAKE MONEY BANK,2215,2986.97,9,13.05,3836
22645,CERAMIC HEART FAIRY CAKE MONEY BANK,2355,4709.74,17,24.45,3836
22646,CERAMIC STRAWBERRY CAKE MONEY BANK,4162,5684.17,31,41.9,3836
22647,CERAMIC LOVE HEART MONEY BANK,733,466.18,12,17.4,3836
22649,STRAWBERRY FAIRY CAKE TEAPOT,798,4132.88,40,195.20000000000002,3836
22650,CERAMIC PIRATE CHEST MONEY BANK,852,1320.7,3,4.35,3836
22651,GENTLEMAN SHIRT REPAIR KIT,2166,1837.4699999999998,0,0,3836
22652,TRAVEL SEWING KIT,5092,8612.07,15,24.75,3836
22653,BUTTON BOX,1876,3378.5,30,58.5,3836
22654,DELUXE SEWING KIT,1411,9893,33,193.35000000000002,3836
22655,VINTAGE RED KITCHEN CABINET,60,8125,10,1730.5,3836
22656,VINTAGE BLUE KITCHEN CABINET,26,3685,6,800,3836
22659,LUNCH BOX I LOVE LONDON,11504,20781.649999999998,322,546,3836
22660,DOORMAT I LOVE LONDON,364,2678.96,0,0,3836
22661,CHARLOTTE BAG DOLLY GIRL DESIGN,5194,4214.95,13,10.79,3836
22662,LUNCH BAG DOLLY GIRL DESIGN,6706,11060.88,17,28.049999999999997,3836
22663,JUMBO BAG DOLLY GIRL DESIGN,3419,7051.2,11,21.45,3836
22664,TOY TIDY DOLLY GIRL DESIGN,713,1472.85,12,25.2,3836
22665,RECIPE BOX BLUE SKETCHBOOK DESIGN,1523,5192.08,22,62.10000000000001,3836
22666,RECIPE BOX PANTRY YELLOW DESIGN,8290,26219.95,151,421.05,3836
22667,RECIPE BOX RETROSPOT,2882,8045.1,81,225.35000000000002,3836
22668,PINK BABY BUNTING,2179,6677.969999999999,60,157,3836
22669,RED BABY BUNTING,1128,3559,50,127.49999999999999,3836
22670,FRENCH WC SIGN BLUE METAL,1882,2516.75,5,6.25,3836
22671,FRENCH LAUNDRY SIGN BLUE METAL,962,1608.6999999999998,1,1.45,3836
22672,FRENCH BATHROOM SIGN BLUE METAL,1476,2511.22,16,26.4,3836
22673,FRENCH GARDEN SIGN BLUE METAL,791,1016.08,12,15,3836
22674,FRENCH TOILET SIGN BLUE METAL,1346,1692.72,13,16.25,3836
22675,FRENCH KITCHEN SIGN BLUE METAL,1240,1555.16,27,33.75,3836
22676,FRENCH BLUE METAL DOOR SIGN 1,1181,1578.39,11,13.75,3836
22677,FRENCH BLUE METAL DOOR SIGN 2,1018,1389.07,11,13.75,3836
22678,FRENCH BLUE METAL DOOR SIGN 3,864,1151.56,11,13.75,3836
22679,FRENCH BLUE METAL DOOR SIGN 4,761,1023.03,10,12.5,3836
22680,FRENCH BLUE METAL DOOR SIGN 5,854,1157.79,30,37.5,3836
22681,FRENCH BLUE METAL DOOR SIGN 6,728,973.15,12,14.81,3836
22682,FRENCH BLUE METAL DOOR SIGN 7,689,896.75,11,13.75,3836
22683,FRENCH BLUE METAL DOOR SIGN 8,663,871.49,12,15,3836
22684,FRENCH BLUE METAL DOOR SIGN 9,539,726.07,13,16.25,3836
22685,FRENCH BLUE METAL DOOR SIGN 0,603,780.8,10,12.5,3836
22686,FRENCH BLUE METAL DOOR SIGN No,1019,1308.38,24,30,3836
22687,DOORMAT CHRISTMAS VILLAGE,590,3354.22,0,0,3836
22687,adjustment,1,0,0,0,3836
22687,had been put aside,20,0,0,0,3836
22687,NA,18,0,0,0,3836
22688,DOORMAT PEACE ON EARTH BLUE,705,3519.66,0,0,3836
22688,NA,17,0,0,0,3836
22689,DOORMAT MERRY CHRISTMAS RED,676,5176.25,52,354,3836
22689,had been put aside,40,0,0,0,3836
22689,NA,4,0,0,0,3836
22690,DOORMAT HOME SWEET HOME BLUE,1621,9943.7,6,48.3,3836
22691,DOORMAT WELCOME SUNRISE,371,2678.77,3,24.15,3836
22692,DOORMAT WELCOME TO OUR HOME,1527,11539.06,3,23.85,3836
22693,GROW A FLYTRAP OR SUNFLOWER IN TIN,16244,17927.45,72,90,3836
22694,WICKER STAR,1842,4251.72,52,109.2,3836
22695,WICKER WREATH SMALL,741,1001.49,0,0,3836
22696,WICKER WREATH LARGE,729,1452.55,0,0,3836
22696,NA,6,0,0,0,3836
22697,GREEN REGENCY TEACUP AND SAUCER,7280,22755.5,143,393.05,3836
22698,PINK REGENCY TEACUP AND SAUCER,5789,17445.56,138,387.5,3836
22699,ROSES REGENCY TEACUP AND SAUCER,9865,29056.920000000002,437,1150.35,3836
22700,BLACK AND WHITE DOG BOWL,1196,2602.18,22,31.300000000000004,3836
22701,PINK DOG BOWL,549,922.89,16,43.00000000000001,3836
22702,BLACK AND WHITE CAT BOWL,1363,2684.6499999999996,0,0,3836
22703,PINK CAT BOWL,360,583.33,0,0,3836
22704,WRAP RED APPLES,5253,2158.26,50,21,3836
22705,WRAP GREEN PEARS,1883,790.86,25,10.5,3836
22706,WRAP COWBOYS,2057,847.94,25,10.5,3836
22707,WRAP MONSTER FUN,1257,527.94,0,0,3836
22708,WRAP DOLLY GIRL,2800,1160,25,10.5,3836
22709,WRAP WEDDING DAY,1325,528.5,0,0,3836
22710,WRAP I LOVE LONDON,4501,1774.42,50,21,3836
22711,WRAP CIRCUS PARADE,2902,1202.84,50,21,3836
22712,CARD DOLLY GIRL,4435,1822.2,25,10.5,3836
22713,CARD I LOVE LONDON,3441,1437.36,8,3.36,3836
22714,CARD BIRTHDAY COWBOY,3487,1415.73,12,5.04,3836
22715,CARD WEDDING DAY,1543,645.64,0,0,3836
22716,CARD CIRCUS PARADE,3201,1360.91,0,0,3836
22717,CARD DOG AND BALL,1229,535.78,0,0,3836
22718,CARD CAT AND TREE,1633,717.23,24,10.08,3836
22719,GUMBALL MONOCHROME COAT RACK,620,895.72,10,11.17,3836
22719,NA,37,0,0,0,3836
22720,SET OF 3 CAKE TINS PANTRY DESIGN,7483,38108.89,154,730.1,3836
22720,NA,14,0,0,0,3836
22721,SET OF 3 CAKE TINS SKETCHBOOK,1020,4671.81,0,0,3836
22722,SET OF 6 SPICE TINS PANTRY DESIGN,5966,24436.260000000002,30,118,3836
22722,NA,1,0,0,0,3836
22723,SET OF 6 HERB TINS SKETCHBOOK,1164,4262.820000000001,2,7.9,3836
22725,ALARM CLOCK BAKELIKE CHOCOLATE,1980,8153.6,48,180,3836
22726,ALARM CLOCK BAKELIKE GREEN,6419,27155.28,41,153.75,3836
22726,NA,1,0,0,0,3836
22727,ALARM CLOCK BAKELIKE RED,7800,30644.87,71,266.25,3836
22728,ALARM CLOCK BAKELIKE PINK,5356,20672.15,41,153.75,3836
22729,ALARM CLOCK BAKELIKE ORANGE,2323,9068.95,31,115.89,3836
22729,NA,7,0,0,0,3836
22730,ALARM CLOCK BAKELIKE IVORY,2885,11453.4,50,187.5,3836
22731,3D CHRISTMAS STAMPS STICKERS,1172,1536.24,14,17.5,3836
22732,3D VINTAGE CHRISTMAS STICKERS,1645,2162.75,0,0,3836
22733,3D TRADITIONAL CHRISTMAS STICKERS,1583,2095.08,0,0,3836
22734,FOUND,8,0,0,0,3836
22734,SET OF 6 RIBBONS VINTAGE CHRISTMAS,3261,10610.04,30,86.7,3836
22734,amazon,80,0,0,0,3836
22734,amazon sales,20,0,0,0,3836
22734,NA,30,0,0,0,3836
22735,RIBBON REEL SOCKS AND MITTENS,741,1379.21,0,0,3836
22736,RIBBON REEL MAKING SNOWMEN,1222,2297.1,13,21.45,3836
22737,RIBBON REEL CHRISTMAS PRESENT,1388,2694.15,40,66,3836
22738,RIBBON REEL SNOWY VILLAGE,2173,3829.67,130,190.5,3836
22739,RIBBON REEL CHRISTMAS SOCK BAUBLE,1818,3556.97,10,16.5,3836
22740,POLKADOT PEN,6842,5793.62,0,0,3836
22740,adjustment,89,0,0,0,3836
22741,FUNKY DIVA PEN,8547,7363.86,51,43.349999999999994,3836
22742,MAKE YOUR OWN PLAYTIME CARD KIT,639,1323.5700000000002,2,5.9,3836
22743,MAKE YOUR OWN FLOWERPOWER CARD KIT,930,2408.5400000000004,6,17.700000000000003,3836
22744,MAKE YOUR OWN MONSOON CARD KIT,867,2084.8500000000004,8,23.6,3836
22745,POPPY'S PLAYHOUSE BEDROOM,2021,4661.79,13,27.300000000000004,3836
22746,POPPY'S PLAYHOUSE LIVINGROOM,1447,3236.5400000000004,12,25.200000000000003,3836
22747,POPPY'S PLAYHOUSE BATHROOM,954,2080.85,6,12.600000000000001,3836
22748,POPPY'S PLAYHOUSE KITCHEN,2117,4880.83,17,35.7,3836
22749,FELTCRAFT PRINCESS CHARLOTTE DOLL,2362,9216.16,0,0,3836
22750,FELTCRAFT PRINCESS LOLA DOLL,2001,7491.83,6,22.5,3836
22751,FELTCRAFT PRINCESS OLIVIA DOLL,1563,5801.47,2,7.5,3836
22752,SET 7 BABUSHKA NESTING BOXES,1787,14427.970000000001,124,952.0000000000001,3836
22753,SMALL YELLOW BABUSHKA NOTEBOOK,1010,758.13,0,0,3836
22754,SMALL RED BABUSHKA NOTEBOOK,1951,1350.4699999999998,0,0,3836
22755,SMALL PURPLE BABUSHKA NOTEBOOK,1687,1187.96,0,0,3836
22756,LARGE YELLOW BABUSHKA NOTEBOOK,599,656.52,0,0,3836
22757,LARGE RED BABUSHKA NOTEBOOK,1096,1167.74,1,1.25,3836
22758,LARGE PURPLE BABUSHKA NOTEBOOK,1195,1110.25,0,0,3836
22759,SET OF 3 NOTEBOOKS IN PARCEL,5435,9027.439999999999,24,39.599999999999994,3836
22759,check,17,0,0,0,3836
22759,found,96,0,0,0,3836
22760,"TRAY, BREAKFAST IN BED",275,3491.8599999999997,6,74.7,3836
22761,CHEST 7 DRAWER MA CAMPAGNE,36,895.38,2,43.9,3836
22762,CUPBOARD 3 DRAWER MA CAMPAGNE,171,2786.0299999999997,18,244.9,3836
22763,KEY CABINET MA CAMPAGNE,206,2176.3199999999997,5,49.75,3836
22764,"RUSTIC WOODEN CABINET, GLASS DOORS",5,174.77,1,24.95,3836
22764,NA,3,0,0,0,3836
22765,NEWSPAPER STAND,27,316.95000000000005,0,0,3836
22766,PHOTO FRAME CORNICE,3267,9755.09,53,156.35000000000002,3836
22767,TRIPLE PHOTO FRAME CORNICE,774,7173.549999999999,35,348.25,3836
22768,FAMILY PHOTO FRAME CORNICE,867,8258.59,36,355.29999999999995,3836
22769,CHALKBOARD KITCHEN ORGANISER,11,366.73,10,225.5,3836
22770,MIRROR CORNICE,94,1515.68,4,59.8,3836
22771,CLEAR DRAWER KNOB ACRYLIC EDWARDIAN,6539,8930.44,30,37.5,3836
22772,PINK DRAWER KNOB ACRYLIC EDWARDIAN,3793,5116.7,3,3.75,3836
22773,GREEN DRAWER KNOB ACRYLIC EDWARDIAN,2075,2739.4,0,0,3836
22774,RED DRAWER KNOB ACRYLIC EDWARDIAN,2254,2871.75,16,19.81,3836
22775,PURPLE DRAWERKNOB ACRYLIC EDWARDIAN,3105,4469.37,28,35,3836
22776,"CAKESTAND, 3 TIER, LOVEHEART",2,19.9,0,0,3836
22776,SWEETHEART 3 TIER CAKE STAND,284,3371.58,24,219.95,3836
22776,SWEETHEART CAKESTAND 3 TIER,958,9687.3,69,643.05,3836
22777,GLASS BELL JAR LARGE,2,17,0,0,3836
22777,GLASS CLOCHE LARGE,350,2934.53,5,41.65,3836
22777,NA,4,0,0,0,3836
22778,GLASS BELL JAR SMALL,4,15.8,0,0,3836
22778,GLASS CLOCHE SMALL,806,3131.02,64,223.12,3836
22779,WOODEN OWLS LIGHT GARLAND,1537,5789.85,25,106.25,3836
22780,LIGHT GARLAND BUTTERFILES PINK,1346,5044.34,25,106.25,3836
22781,GUMBALL MAGAZINE RACK,621,5191.01,49,352.35,3836
22782,SET 3 WICKER STORAGE BASKETS,241,3399.95,0,0,3836
22783,SET 3 WICKER OVAL BASKETS W LIDS,463,5961.25,0,0,3836
22783,NA,2,0,0,0,3836
22784,LANTERN CREAM GAZEBO,1272,6360.990000000001,41,200.85000000000002,3836
22785,SQUARECUSHION COVER PINK UNION FLAG,72,506.34,0,0,3836
22785,SQUARECUSHION COVER PINK UNION JACK,173,581.23,0,0,3836
22786,CUSHION COVER PINK UNION JACK,123,764.63,0,0,3836
22788,BROCANTE COAT RACK,220,2025.96,6,56.8,3836
22789,T-LIGHT HOLDER SWEETHEART HANGING,844,1657.02,1,1.95,3836
22791,T-LIGHT GLASS FLUTED ANTIQUE,7955,9873.880000000001,177,192.75000000000003,3836
22792,FLUTED ANTIQUE CANDLE HOLDER,2785,2622.93,12,10.2,3836
22794,SWEETHEART WIRE MAGAZINE RACK,326,2784.9,5,39.75,3836
22795,SWEETHEART RECIPE BOOK STAND,1211,8571.25,17,78.45,3836
22796,PHOTO FRAME 3 CLASSIC HANGING,582,5787.45,55,524.05,3836
22797,CHEST OF DRAWERS GINGHAM HEART,163,2851.3599999999997,14,237.29999999999998,3836
22798,ANTIQUE GLASS DRESSING TABLE POT,1798,5561.3,45,132.75,3836
22799,SWEETHEART WIRE FRUIT BOWL,207,1623.08,0,0,3836
22800,ANTIQUE TALL SWIRLGLASS TRINKET POT,870,3560.7400000000002,10,37.5,3836
22801,ANTIQUE GLASS PEDESTAL BOWL,1027,4203.89,19,70.89,3836
22802,FAUX FUR CHOCOLATE THROW,87,1474.74,0,0,3836
22803,IVORY EMBROIDERED QUILT,54,2038.0900000000001,0,0,3836
22804,CANDLEHOLDER PINK HANGING HEART,2251,6438.79,12,35.400000000000006,3836
22804,PINK HANGING HEART T-LIGHT HOLDER,880,1664.16,164,419.8,3836
22805,BLUE DRAWER KNOB ACRYLIC EDWARDIAN,1890,2576.03,13,16.25,3836
22806,SET OF 6 T-LIGHTS WEDDING CAKE,260,677.0400000000001,0,0,3836
22807,SET OF 6 T-LIGHTS TOADSTOOLS,818,2417.73,0,0,3836
22808,SET OF 6 T-LIGHTS EASTER CHICKS,345,1038.8700000000001,18,53.1,3836
22809,SET OF 6 T-LIGHTS SANTA,1240,3781.2000000000003,30,83.7,3836
22810,SET OF 6 T-LIGHTS SNOWMEN,944,3022.0800000000004,54,140.1,3836
22810,NA,33,0,0,0,3836
22811,SET OF 6 T-LIGHTS CACTI,881,2419.29,1,2.95,3836
22812,PACK 3 BOXES CHRISTMAS PANETTONE,76,248.48,6,11.7,3836
22812,PACK 3 BOXES CHRISTMAS PANNETONE,1649,3359.8199999999997,15,29.25,3836
22812,check,48,0,0,0,3836
22812,NA,59,0,0,0,3836
22813,PACK 3 BOXES BIRD PANETTONE,204,451.84,0,0,3836
22813,PACK 3 BOXES BIRD PANNETONE,2168,4188.94,0,0,3836
22814,CARD PARTY GAMES,2129,888.47,0,0,3836
22815,CARD PSYCHEDELIC APPLES,2628,1118.84,0,0,3836
22816,CARD MOTORBIKE SANTA,3987,1691.76,0,0,3836
22817,CARD SUKI BIRTHDAY,2639,1114.81,0,0,3836
22818,CARD CHRISTMAS VILLAGE,3633,1550.4,96,40.32,3836
22819,"BIRTHDAY CARD, RETRO SPOT",2608,1104.81,0,0,3836
22820,GIFT BAG BIRTHDAY,940,575.4200000000001,2,1.3,3836
22821,GIFT BAG PSYCHEDELIC APPLES,1171,722.6700000000001,12,7.800000000000001,3836
22822,CREAM WALL PLANTER HEART SHAPED,433,2582.75,2,11.9,3836
22823,CHEST NATURAL WOOD 20 DRAWERS,24,2745,0,0,3836
22823,test,22,0,0,0,3836
22824,3 TIER SWEETHEART GARDEN SHELF,55,1938.2500000000002,1,35.95,3836
22825,DECORATIVE PLANT POT WITH FRIEZE,73,584.37,2,13.5,3836
22826,LOVE SEAT ANTIQUE WHITE METAL,58,6210,4,517.5,3836
22827,RUSTIC  SEVENTEEN DRAWER SIDEBOARD,35,5415,3,415,3836
22827,NA,4,0,0,0,3836
22828,REGENCY MIRROR WITH SHUTTERS,10,1530,0,0,3836
22829,SWEETHEART WIRE WALL TIDY,227,2295.43,10,87.9,3836
22829,NA,5,0,0,0,3836
22830,UTILTY CABINET WITH HOOKS,131,2610.2900000000004,0,0,3836
22830,NA,2,0,0,0,3836
22831,WHITE BROCANTE SOAP DISH,706,2070.9,0,0,3836
22832,BROCANTE SHELF WITH HOOKS,162,1781.82,7,75.25,3836
22833,HALL CABINET WITH 3 DRAWERS,76,2603.5299999999997,0,0,3836
22833,NA,1,0,0,0,3836
22834,HAND WARMER BABUSHKA DESIGN,4941,7105.33,203,306.05,3836
22835,HOT WATER BOTTLE I AM SO POORLY,3441,17892.96,394,1679.7,3836
22837,Found,26,0,0,0,3836
22837,HOT WATER BOTTLE BABUSHKA,1165,5620.7300000000005,37,157.65,3836
22837,HOT WATER BOTTLE BABUSHKA LARGE,8,37.2,0,0,3836
22837,NA,35,0,0,0,3836
22838,3 TIER CAKE TIN RED AND CREAM,689,9765.11,128,1671.6,3836
22838,NA,5,0,0,0,3836
22839,3 TIER CAKE TIN GREEN AND CREAM,445,6981.67,14,209.29999999999998,3836
22840,ROUND CAKE TIN VINTAGE RED,913,6903.79,20,158,3836
22841,ROUND CAKE TIN VINTAGE GREEN,530,4101.77,13,103.35000000000001,3836
22842,BISCUIT TIN VINTAGE RED,590,3823.21,19,127.45,3836
22843,BISCUIT TIN VINTAGE GREEN,452,2904.52,10,67.5,3836
22844,VINTAGE CREAM DOG FOOD CONTAINER,1003,9661.32,28,227.8,3836
22845,VINTAGE CREAM CAT FOOD CONTAINER,802,5396.93,14,88.1,3836
22846,BREAD BIN DINER STYLE RED,665,10676.619999999999,26,416.7,3836
22847,BREAD BIN DINER STYLE IVORY,901,14329.539999999999,44,711.8,3836
22847,"BREAD BIN, DINER STYLE, IVORY",4,59.8,0,0,3836
22847,NA,1,0,0,0,3836
22848,AMAZON,1,0,0,0,3836
22848,BREAD BIN DINER STYLE PINK,323,5208.45,11,176.45,3836
22848,check,2,0,0,0,3836
22849,BREAD BIN DINER STYLE MINT,319,4967.929999999999,15,234.25,3836
22849,"BREAD BIN, DINER STYLE, MINT",4,59.8,0,0,3836
22851,SET 20 NAPKINS FAIRY CAKES DESIGN,2741,2368.64,13,11.049999999999999,3836
22852,DOG BOWL VINTAGE CREAM,390,1757.8799999999999,5,21.25,3836
22853,CAT BOWL VINTAGE CREAM,472,1655.96,6,19.5,3836
22854,CREAM SWEETHEART EGG HOLDER,767,3708.52,3,14.850000000000001,3836
22855,FINE WICKER HEART,2642,3301.73,12,15,3836
22856,ASSORTED EASTER DECORATIONS  BELLS,569,729.57,21,26.25,3836
22857,ASSORTED EASTER GIFT TAGS,1145,965.8599999999999,0,0,3836
22858,EASTER TIN KEEPSAKE,1126,1860.7799999999997,10,16.499999999999996,3836
22859,EASTER TIN BUNNY BOUQUET,1203,2003.0699999999997,32,52.79999999999999,3836
22860,EASTER TIN CHICKS PINK DAISY,589,1017.7699999999999,15,24.75,3836
22861,EASTER TIN CHICKS IN GARDEN,305,522.93,0,0,3836
22862,LOVE HEART NAPKIN BOX,171,826.95,0,0,3836
22863,SOAP DISH BROCANTE,719,2070.73,13,38.35000000000001,3836
22865,HAND WARMER OWL DESIGN,8439,17786.13,123,258.05,3836
22865,NA,51,0,0,0,3836
22866,HAND WARMER SCOTTY DOG DESIGN,6611,14366.52,111,209.10000000000002,3836
22866,NA,8,0,0,0,3836
22867,HAND WARMER BIRD DESIGN,6433,14061.890000000001,53,111.30000000000001,3836
22867,NA,3,0,0,0,3836
22868,NUMBER TILE COTTAGE GARDEN 0,63,144.65,0,0,3836
22869,NUMBER TILE COTTAGE GARDEN 1,96,246.14,1,1.95,3836
22870,NUMBER TILE COTTAGE GARDEN 2,93,240.29,0,0,3836
22871,NUMBER TILE COTTAGE GARDEN 3,67,163.35,0,0,3836
22872,NUMBER TILE COTTAGE GARDEN 4,72,177.46,0,0,3836
22873,NUMBER TILE COTTAGE GARDEN 5,60,145.5,0,0,3836
22874,NUMBER TILE COTTAGE GARDEN 6,65,150.81,0,0,3836
22875,NUMBER TILE COTTAGE GARDEN 7,63,149.09,0,0,3836
22876,NUMBER TILE COTTAGE GARDEN 8,61,138.81,0,0,3836
22877,NUMBER TILE COTTAGE GARDEN 9,63,138.10999999999999,1,1.95,3836
22878,NUMBER TILE COTTAGE GARDEN No,75,204.19,1,2.1,3836
22879,NUMBER TILE VINTAGE FONT 0,70,102.46,0,0,3836
22880,NUMBER TILE VINTAGE FONT 1,97,196.69,0,0,3836
22881,NUMBER TILE VINTAGE FONT 2,102,197.56,0,0,3836
22882,NUMBER TILE VINTAGE FONT 3,108,213.7,1,1.95,3836
22883,NUMBER TILE VINTAGE FONT 4,100,191.48,1,1.95,3836
22884,NUMBER TILE VINTAGE FONT 5,99,194.04999999999998,0,0,3836
22885,NUMBER TILE VINTAGE FONT 6,96,172.78,1,1.95,3836
22886,NUMBER TILE VINTAGE FONT 7,87,146.43,0,0,3836
22887,NUMBER TILE VINTAGE FONT 8,78,126.78,0,0,3836
22888,NUMBER TILE VINTAGE FONT 9,76,124.98,0,0,3836
22889,NUMBER TILE VINTAGE FONT No,169,263.8,0,0,3836
22890,NOVELTY BISCUITS CAKE STAND 3 TIER,385,3939.87,29,268.25,3836
22891,TEA FOR ONE POLKADOT,420,2108.18,30,127.5,3836
22892,SET OF SALT AND PEPPER TOADSTOOLS,2472,3021.6,96,115.19,3836
22893,MINI CAKE STAND T-LIGHT HOLDER,1872,931.02,21,8.82,3836
22894,TABLECLOTH RED APPLES DESIGN,305,3027.3799999999997,0,0,3836
22895,SET OF 2 TEA TOWELS APPLE AND PEARS,2058,6334.3,6,17.700000000000003,3836
22896,PEG BAG APPLE DESIGN,100,210,0,0,3836
22896,PEG BAG APPLES DESIGN,1484,3833.3599999999997,18,45.9,3836
22897,OVEN MITT APPLES DESIGN,1350,2013.1,42,60.9,3836
22898,CHILDRENS APRON APPLES DESIGN,2414,5150.92,0,0,3836
22899,CHILDREN'S APRON DOLLY GIRL,2070,4326.43,5,10.5,3836
22900,SET 2 TEA TOWELS I LOVE LONDON,4907,14938.43,216,552.6,3836
22902,TOTE BAG I LOVE LONDON,1288,2633.28,24,50.400000000000006,3836
22903,CALENDAR FAMILY FAVOURITES,193,550.6,0,0,3836
22904,CALENDAR PAPER CUT DESIGN,1834,5467.26,2,5.9,3836
22905,CALENDAR IN SEASON DESIGN,581,1502.29,0,0,3836
22906,12 MESSAGE CARDS WITH ENVELOPES,1733,2947.87,1,1.65,3836
22907,PACK OF 20 NAPKINS PANTRY DESIGN,6573,5670,52,44.199999999999996,3836
22908,PACK OF 20 NAPKINS RED APPLES,4380,3569.58,3,2.55,3836
22909,SET OF 20 VINTAGE CHRISTMAS NAPKINS,8976,8041.179999999999,259,195.19,3836
22910,PAPER CHAIN KIT VINTAGE CHRISTMAS,10594,32843.840000000004,351,931.4499999999999,3836
22911,PAPER CHAIN KIT LONDON,463,1358.0900000000001,6,17.700000000000003,3836
22912,YELLOW COAT RACK PARIS FASHION,287,1342.39,6,29.700000000000003,3836
22913,RED COAT RACK PARIS FASHION,352,1673.15,4,19.8,3836
22914,BLUE COAT RACK PARIS FASHION,467,2261.21,5,24.75,3836
22915,ASSORTED BOTTLE TOP  MAGNETS,3152,1406.42,90,37.8,3836
22916,HERB MARKER THYME,1905,1314.21,12,7.800000000000001,3836
22917,HERB MARKER ROSEMARY,1937,1340.22,12,7.800000000000001,3836
22918,HERB MARKER PARSLEY,1869,1275.3500000000001,12,7.800000000000001,3836
22919,HERB MARKER MINT,1753,1221.8600000000001,12,7.800000000000001,3836
22920,HERB MARKER BASIL,3423,2153.34,1527,841.0500000000001,3836
22921,HERB MARKER CHIVES,1716,1180.8700000000001,12,7.800000000000001,3836
22922,FRIDGE MAGNETS US DINER ASSORTED,1587,1422.8999999999999,234,183.29999999999998,3836
22923,FRIDGE MAGNETS LES ENFANTS ASSORTED,1366,1130.77,176,134,3836
22924,FRIDGE MAGNETS LA VIE EN ROSE,1295,1154.6,229,179.04999999999998,3836
22925,AMAZON,1,0,0,0,3836
22925,BLUE GIANT GARDEN THERMOMETER,449,2757.4700000000003,8,47.6,3836
22925,check,1,0,0,0,3836
22926,IVORY GIANT GARDEN THERMOMETER,594,3656.8500000000004,15,89.25,3836
22927,Amazon,1,0,0,0,3836
22927,GREEN GIANT GARDEN THERMOMETER,430,2704.71,14,83.3,3836
22928,YELLOW GIANT GARDEN THERMOMETER,288,1993.75,6,35.7,3836
22929,SCHOOL DESK AND CHAIR,19,1199.75,3,195,3836
22930,BAKING MOULD HEART MILK CHOCOLATE,1108,2846.8,96,201.60000000000002,3836
22931,BAKING MOULD HEART WHITE CHOCOLATE,813,1963.3,0,0,3836
22932,BAKING MOULD TOFFEE CUP  CHOCOLATE,6,15.299999999999999,0,0,3836
22932,BAKING MOULD TOFFEE CUP CHOCOLATE,878,1985.5800000000002,120,262.8,3836
22933,BAKING MOULD EASTER EGG MILK CHOC,940,2585.92,156,337.80000000000007,3836
22934,BAKING MOULD EASTER EGG WHITE CHOC,589,1707.47,3,8.850000000000001,3836
22935,BAKING MOULD ROSE MILK CHOCOLATE,690,2066.82,72,198,3836
22936,BAKING MOULD ROSE WHITE CHOCOLATE,279,895.97,72,198,3836
22937,BAKING MOULD CHOCOLATE CUP CAKES,12,30.599999999999998,0,0,3836
22937,BAKING MOULD CHOCOLATE CUPCAKES,948,2502.04,13,33.15,3836
22937,BAKING MOULD CUPCAKE CHOCOLATE,12,30.599999999999998,0,0,3836
22938,CUPCAKE LACE PAPER SET 6,2367,4488.63,60,117,3836
22939,ADULT APRON APPLE DELIGHT,184,945.88,0,0,3836
22939,APRON APPLE DELIGHT,285,1446.79,14,69.30000000000001,3836
22940,FELTCRAFT CHRISTMAS FAIRY,1915,7890.25,34,99.5,3836
22941,CHRISTMAS LIGHTS 10 REINDEER,1670,13795.92,51,429.25,3836
22942,CHRISTMAS LIGHTS 10 SANTAS,608,4460.54,76,604.35,3836
22943,CHRISTMAS LIGHTS 10 VINTAGE BAUBLES,1355,6755.47,34,165.5,3836
22943,NA,24,0,0,0,3836
22944,CHRISTMAS METAL POSTCARD WITH BELLS,3375,1843.64,13,5.93,3836
22945,CHRISTMAS METAL TAGS ASSORTED,2991,3008.9199999999996,258,200.57999999999998,3836
22946,WOODEN ADVENT CALENDAR CREAM,453,7030.22,17,237.75,3836
22947,WOODEN ADVENT CALENDAR RED,746,8714.24,6,72.92,3836
22947,NA,5,0,0,0,3836
22948,METAL DECORATION NAUGHTY CHILDREN,1599,1603.29,12,10.2,3836
22949,36 DOILIES DOLLY GIRL,911,1347.8899999999999,12,17.4,3836
22949,SET OF 36 DOLLY GIRL PAPER DOILIES,45,69.66,2,2.9,3836
22950,36 DOILIES VINTAGE CHRISTMAS,5171,7060.28,324,412.2,3836
22950,SET OF 36 VINTAGE CHRISTMAS DOILIES,38,71.27,1,1.45,3836
22951,60 CAKE CASES DOLLY GIRL DESIGN,7481,3990.2000000000003,120,66,3836
22952,60 CAKE CASES VINTAGE CHRISTMAS,16032,9498.87,312,140.4,3836
22952,72 CAKE CASES VINTAGE CHRISTMAS,24,13.200000000000001,0,0,3836
22953,BIRTHDAY BANNER TAPE,24,30,0,0,3836
22953,BIRTHDAY PARTY CORDON BARRIER TAPE,478,617.11,0,0,3836
22954,HEN PARTY CORDON BARRIER TAPE,197,241.38,1,1.25,3836
22955,36 FOIL STAR CAKE CASES,1184,2053.3500000000004,0,0,3836
22956,36 FOIL HEART CAKE CASES,2050,3983.3900000000003,152,283.20000000000005,3836
22957,SET 3 PAPER VINTAGE CHICK PAPER EGG,1775,5014.6500000000005,26,71.9,3836
22959,WRAP CHRISTMAS VILLAGE,4901,2014.42,300,126,3836
22959,NA,25,0,0,0,3836
22960,JAM MAKING SET WITH JARS,8706,37082.13,247,1012.79,3836
22961,JAM MAKING SET PRINTED,16396,25637.78,331,425.75,3836
22962,JAM JAR WITH PINK LID,3896,3288.11,85,72.11999999999999,3836
22963,JAM JAR WITH BLUE LID,24,17.28,0,0,3836
22963,JAM JAR WITH GREEN LID,3266,2760.71,115,90.86,3836
22964,3 PIECE SPACEBOY COOKIE CUTTER SET,2624,5472.6900000000005,14,29.400000000000002,3836
22965,3 TRADITIONAL COOKIE CUTTERS  SET,162,304.20000000000005,0,0,3836
22965,3 TRADITIONAl BISCUIT CUTTERS  SET,1209,2606.4100000000003,38,79.80000000000001,3836
22966,GINGERBREAD MAN COOKIE CUTTER,7440,9202.15,5,6.25,3836
22967,SET 3 SONG BIRD PAPER EGGS ASSORTED,1171,3271.4100000000003,22,64.9,3836
22968,ROSE COTTAGE KEEPSAKE BOX,794,7851.98,20,188.85,3836
22968,NA,28,0,0,0,3836
22969,HOMEMADE JAM SCENTED CANDLES,12520,18771.149999999998,140,185.79999999999998,3836
22970,LONDON BUS COFFEE MUG,4334,10140.6,16,33.6,3836
22971,QUEENS GUARD COFFEE MUG,2431,5849.29,16,37.65,3836
22972,CHILDREN'S SPACEBOY MUG,1771,3028.0399999999995,34,56.099999999999994,3836
22972,CHILDRENS SPACEBOY MUG,24,39.599999999999994,0,0,3836
22973,CHILDREN'S CIRCUS PARADE MUG,1255,2136.0099999999998,22,36.3,3836
22974,CHILDRENS DOLLY GIRL MUG,1598,2729.6899999999996,20,33,3836
22975,SPACEBOY CHILDRENS EGG CUP,1204,1624.63,1,1.25,3836
22976,CIRCUS PARADE CHILDRENS EGG CUP,1066,1389.01,13,16.25,3836
22977,DOLLY GIRL CHILDRENS EGG CUP,950,1252.61,1,1.25,3836
22978,PANTRY ROLLING PIN,2464,9564.98,75,272.61,3836
22979,PANTRY WASHING UP BRUSH,4090,6391.82,91,117.55,3836
22980,PANTRY SCRUBBING BRUSH,2363,3910.0099999999998,81,124.04999999999998,3836
22981,PANTRY APPLE CORER,471,704.13,6,8.7,3836
22982,PANTRY PASTRY BRUSH,1154,1543.77,24,30,3836
22983,CARD BILLBOARD FONT,5290,2256.56,181,68.75999999999999,3836
22984,CARD GINGHAM ROSE,2693,1096.09,0,0,3836
22985,WRAP BILLBOARD FONTS DESIGN,1831,769.02,0,0,3836
22985,"WRAP, BILLBOARD FONTS DESIGN",1951,731.42,0,0,3836
22986,GINGHAM ROSE WRAP,1829,768.18,0,0,3836
22986,WRAP GINGHAM ROSE,2276,943.92,25,10.5,3836
22987,WRAP SUMMER ROSE DESIGN,102,42.84,0,0,3836
22988,SOLDIERS EGG CUP,9073,10858.310000000001,112,132.78,3836
22988,NA,14,0,0,0,3836
22989,SET 2 PANTRY DESIGN TEA TOWELS,2811,8999.27,24,78,3836
22990,COTTON APRON PANTRY DESIGN,633,2917.4300000000003,126,553.7,3836
22991,GIRAFFE WOODEN RULER,3887,7604.889999999999,714,1185.9,3836
22992,REVOLVER WOODEN RULER,5233,10373.99,716,1193.3999999999999,3836
22993,SET OF 4 PANTRY JELLY MOULDS,12649,16478.48,68,85,3836
22994,TRAVEL CARD WALLET RETROSPOT,2194,956.94,30,12.6,3836
22995,TRAVEL CARD WALLET SUKI,2381,1058.64,49,20.580000000000002,3836
22996,TRAVEL CARD WALLET VINTAGE TICKET,4801,2094.93,26,10.92,3836
22997,TRAVEL CARD WALLET UNION JACK,2545,1094.93,78,32.76,3836
22998,TRAVEL CARD WALLET KEEP CALM,12366,5262.82,177,74.34,3836
22999,TRAVEL CARD WALLET RETRO PETALS,1544,674.11,0,0,3836
22999,TRAVEL CARD WALLET VINTAGE LEAF,1350,578.48,3,1.26,3836
23000,TRAVEL CARD WALLET TRANSPORT,3169,1368.28,39,16.38,3836
23001,TRAVEL CARD WALLET DOTCOMGIFTSHOP,200,0,0,0,3836
23002,TRAVEL CARD WALLET SKULLS,2119,914.37,128,53.76,3836
23003,TRAVEL CARD WALLET VINTAGE ROSE,542,226.2,0,0,3836
23004,TRAVEL CARD WALLET PANTRY,2002,903.16,184,77.28,3836
23005,TRAVEL CARD WALLET I LOVE LONDON,4733,2126.55,1,0.42,3836
23006,TRAVEL CARD WALLET FLOWER MEADOW,1758,762.75,78,32.76,3836
23007,SPACEBOY BABY GIFT SET,498,7741.749999999999,6,101.69999999999999,3836
23008,DOLLY GIRL BABY GIFT SET,433,6719.61,7,118.64999999999999,3836
23009,I LOVE LONDON BABY GIFT SET,263,4082.5199999999995,0,0,3836
23010,CIRCUS PARADE BABY GIFT SET,315,4879.5999999999995,3,50.849999999999994,3836
23012,GLASS APOTHECARY BOTTLE PERFUME,1071,4197.110000000001,8,31.6,3836
23013,GLASS APOTHECARY BOTTLE TONIC,924,3674.1600000000003,6,23.700000000000003,3836
23014,GLASS APOTHECARY BOTTLE ELIXIR,856,3419.5800000000004,9,35.550000000000004,3836
23015,CORDIAL GLASS JUG,34,288.88,7,57.75,3836
23015,CORDIAL JUG,6,49.5,0,0,3836
23016,GLASS TWIST BON BON JAR,74,575.25,3,19.950000000000003,3836
23017,APOTHECARY MEASURING JAR,67,826.28,1,12.5,3836
23018,LARGE APOTHECARY MEASURING JAR,51,612.16,0,0,3836
23019,SMALL APOTHECARY MEASURING JAR,81,629.0500000000001,0,0,3836
23020,GLASS  SONGBIRD STORAGE JAR,169,2065.14,6,73.65,3836
23020,GLASS SONGBIRD STORAGE JAR,11,126.7,0,0,3836
23021,GLASS BONNE JAM JAR,120,500.82000000000005,0,0,3836
23022,SMALL BONNE JAM JAR  T-LIGHT HOLDER,422,808.16,30,62.400000000000006,3836
23023,RIDGED BONNE JAM JAR T-LIGHT HOLDER,274,437.81999999999994,2,3.3,3836
23024,LARGE BONNE JAM JAR  T-LIGHT HOLDER,255,667.85,2,4.98,3836
23025,DRAWER KNOB VINTAGE GLASS BALL,350,760.8000000000001,6,12.48,3836
23026,DRAWER KNOB VINTAGE GLASS STAR,556,1198.96,14,29.12,3836
23027,DRAWER KNOB VINTAGE GLASS HEXAGON,295,627.95,0,0,3836
23028,DOORKNOB CRACKED GLAZE BLUE,162,238.49999999999997,0,0,3836
23028,DRAWER KNOB CRACKLE GLAZE BLUE,1207,2138.6299999999997,7,11.55,3836
23029,DOORKNOB CRACKED GLAZE GREEN,12,19.799999999999997,0,0,3836
23029,DRAWER KNOB CRACKLE GLAZE GREEN,1340,2284.12,28,46.199999999999996,3836
23031,DOORKNOB CRACKED GLAZE PINK,12,19.799999999999997,0,0,3836
23031,DRAWER KNOB CRACKLE GLAZE PINK,1266,2132.4999999999995,20,33,3836
23032,DOORKNOB CRACKED GLAZE IVORY,174,258.29999999999995,0,0,3836
23032,DRAWER KNOB CRACKLE GLAZE IVORY,2154,3595.3799999999997,46,75.89999999999999,3836
23033,DRAWER KNOB CERAMIC RED,714,1058.8999999999999,0,0,3836
23034,DRAWER KNOB CERAMIC BLACK,979,1448.6699999999998,6,8.7,3836
23035,DOORKNOB CERAMIC IVORY,36,52.199999999999996,0,0,3836
23035,DRAWER KNOB CERAMIC IVORY,2155,3147.79,9,13.049999999999999,3836
23036,T-LIGHT HOLDER SILVER PETIT FOUR,184,232.42,0,0,3836
23037,CANDLE HOLDER SILVER MADELINE,196,325.15999999999997,0,0,3836
23038,T-LIGHT HOLDER SILVER SAUCER,44,42.919999999999995,0,0,3836
23039,T-LIGHT HOLDER SILVER HEART HANDLE,199,399.71,6,11.7,3836
23040,PAPER LANTERN 9 POINT SNOW STAR,253,1394.03,0,0,3836
23041,PAPER LANTERN 6 POINT SNOW STAR,26,107.9,0,0,3836
23041,PAPER LANTERN 9 POINT SNOW STAR,246,1070.5800000000002,24,99.60000000000001,3836
23042,PAPER LANTERN 7 POINT SNOW STAR,103,711.51,10,66.5,3836
23043,PAPER LANTERN 9 POINT HOLLY STAR 40,6,37.5,0,0,3836
23043,PAPER LANTERN 9 POINT HOLLY STAR L,75,506.01,0,0,3836
23044,PAPER LANTERN 9 POINT HOLLY STAR 23,18,74.7,0,0,3836
23044,PAPER LANTERN 9 POINT HOLLY STAR S,83,348.59000000000003,0,0,3836
23045,PAPER LANTERN 5 POINT STAR MOON,108,456.48,20,83,3836
23045,PAPER LANTERN 5 POINT STAR MOON 30,10,41.5,0,0,3836
23046,PAPER LANTERN 9 POINT DELUXE STAR,349,2111.4900000000002,0,0,3836
23047,PAPER LANTERN 5 POINT SEQUIN STAR,50,287.5,0,0,3836
23047,PAPER LANTERN 5 POINT STUDDED STAR,8,46,0,0,3836
23048,SET OF 10 LANTERNS FAIRY LIGHT STAR,577,2368.37,33,136.95000000000002,3836
23049,RECYCLED ACAPULCO MAT RED,456,3896.84,3,24.75,3836
23050,RECYCLED ACAPULCO MAT GREEN,497,4286.55,1,8.25,3836
23051,RECYCLED ACAPULCO MAT BLUE,365,3223.49,2,16.5,3836
23052,RECYCLED ACAPULCO MAT TURQUOISE,654,5949.34,1,8.25,3836
23053,RECYCLED ACAPULCO MAT PINK,364,3254.32,1,8.25,3836
23054,RECYCLED ACAPULCO MAT LAVENDER,295,2604.93,1,8.25,3836
23055,IVORY CHANDELIER T-LIGHT HOLDER,657,1395.18,432,690.72,3836
23056,CRYSTAL CHANDELIER T-LIGHT HOLDER,3,18.75,0,0,3836
23056,FLOWERS CHANDELIER T-LIGHT HOLDER,960,2879.37,579,1859.07,3836
23057,BEADED CHANDELIER T-LIGHT HOLDER,695,1420.97,433,636.15,3836
23057,GEMSTONE CHANDELIER T-LIGHT HOLDER,78,347.70000000000005,0,0,3836
23058,CHRISTMAS HANGING SNOWFLAKE,490,430.86,0,0,3836
23060,HEART BEADED TRELLIS DECORATION,249,528.1700000000001,0,0,3836
23061,VINTAGE EMBOSSED HEART,955,1257.68,3,3.75,3836
23061,VINTAGE ENGRAVED HEART,60,75,0,0,3836
23064,CINDERELLA CHANDELIER,221,3717.56,71,1514.05,3836
23065,LARGE DECO JEWELLERY STAND,263,3302.44,1,12.5,3836
23065,LARGE JEWELLERY STAND,10,125,0,0,3836
23066,SMALL DECO JEWELLERY STAND,243,2005.81,1,8.25,3836
23066,SMALL JEWELLERY STAND,16,132,0,0,3836
23067,HANGING ENGRAVED METAL HEART,294,1236.66,0,0,3836
23068,ALUMINIUM HEART,30,74.7,0,0,3836
23068,ALUMINIUM STAMPED HEART,779,1892.2300000000002,0,0,3836
23069,EDWARDIAN PHOTO FRAME,88,556.21,0,0,3836
23070,EDWARDIAN HEART PHOTO FRAME,160,709.5400000000001,0,0,3836
23071,MARIE ANTOIENETT TRINKET BOX GOLD,1,12.5,0,0,3836
23071,MARIE ANTOINETTE TRINKET BOX GOLD,314,1192.6,76,434,3836
23072,MARIE ANTOINETTE TRINKET BOX SILVER,334,1273.76,72,384,3836
23073,GEORGIAN TRINKET BOX,143,1706.5,1,12.5,3836
23074,EMBOSSED HEART TRINKET BOX,246,547.27,6,12.48,3836
23075,DOUBLE CERAMIC PARLOUR HOOK,22,91.30000000000001,0,0,3836
23075,PARLOUR CERAMIC WALL HOOK,450,1869.0000000000002,34,141.10000000000002,3836
23076,ICE CREAM SUNDAE LIP GLOSS,8076,9935.76,28,35,3836
23077,DOUGHNUT LIP GLOSS,10395,13695.77,60,75,3836
23078,ICE CREAM PEN LIP GLOSS,6831,8553.34,48,60,3836
23079,TOADSTOOL BEDSIDE LIGHT,251,2225.45,14,125.29999999999998,3836
23080,RED METAL BOX TOP SECRET,1074,9117.62,11,90.75,3836
23081,GREEN METAL BOX ARMY SUPPLIES,467,3906.25,6,49.5,3836
23081,GREEN METAL BOX TOP SECRET,16,132,0,0,3836
23082,SET 6 PAPER TABLE LANTERN HEARTS,2328,8558.76,28,103.16,3836
23083,SET 6 PAPER TABLE LANTERN STARS,1932,7250.9000000000005,63,214.17000000000002,3836
23084,Amazon,1,0,0,0,3836
23084,RABBIT NIGHT LIGHT,30739,66870.03,108,208.4,3836
23084,add stock to allocate online orders,2,0,0,0,3836
23084,allocate stock for dotcom orders ta,4,0,0,0,3836
23084,for online retail orders,1,0,0,0,3836
23084,website fixed,110,0,0,0,3836
23084,NA,816,0,0,0,3836
23085,ANTIQUE SILVER BAUBLE LAMP,376,3583.23,13,128.75,3836
23086,ZINC  STAR T-LIGHT HOLDER,1217,1441.43,16,20,3836
23086,ZINC STAR T-LIGHT HOLDER,8,10,0,0,3836
23087,ZINC  HEART T-LIGHT HOLDER,868,1090.66,15,18.75,3836
23088,ZINC HEART FLOWER T-LIGHT HOLDER,795,1033.28,0,0,3836
23089,GLASS BON BON JAR,2354,4215.78,15,25.65,3836
23090,VINTAGE GLASS T-LIGHT HOLDER,2237,1870.0299999999997,9,7.47,3836
23091,METAL HERB GERDEN CONTAINER,24,139.68,0,0,3836
23091,ZINC HERB GARDEN CONTAINER,556,3516.64,7,43.75,3836
23091,check,2,0,0,0,3836
23092,LARGE ANTIQUE WHITE PHOTO FRAME,523,3757.78,10,77.75,3836
23093,SMALL PARISIENNE HEART PHOTO FRAME,939,2239.2400000000002,3,7.470000000000001,3836
23094,LE GRAND TRAY CHIC SET,152,1924.92,2,25,3836
23096,PETIT TRAY CHIC,1033,1736.6899999999998,0,0,3836
23099,FRENCH CARRIAGE LANTERN,137,925.35,8,53.2,3836
23100,SILVER BELLS TABLE DECORATION,2166,2739.38,1,1.25,3836
23101,SILVER STARS TABLE DECORATION,2031,1739.6299999999999,0,0,3836
23102,SILVER HEARTS TABLE DECORATION,1274,1075.03,0,0,3836
23103,BELL HEART DECORATION,252,386.99999999999994,0,0,3836
23103,JINGLE BELL HEART DECORATION,3820,6459.159999999999,28,46.199999999999996,3836
23104,IVORY CAFE HANGING LAMP,116,1380.42,0,0,3836
23104,IVORY PANTRY HANGING LAMP,2,25,0,0,3836
23106,ZINC HEARTS PLANT POT HOLDER,283,792.47,12,34.68,3836
23106,ZINC PLANT POT HOLDER,8,23.12,0,0,3836
23107,WHITE HEARTS WIRE PLANT POT HOLDER,343,963.27,0,0,3836
23107,WHITE WIRE PLANT POT HOLDER,16,46.24,0,0,3836
23108,SET OF 10 LED DOLLY LIGHTS,2219,13290.519999999999,64,317.59999999999997,3836
23109,LED TEA LIGHTS,634,1826.76,0,0,3836
23109,PACK OF SIX LED TEA LIGHTS,1752,5008.26,96,239.04000000000002,3836
23110,PARISIENNE KEY CABINET,700,4147.18,51,293.25,3836
23111,PARISIENNE SEWING BOX,312,3839.2400000000002,24,283.2,3836
23112,PARISIENNE CURIO CABINET,546,4507.08,33,239.85000000000002,3836
23113,PANTRY CHOPPING BOARD,1154,5868.5,946,4803.0599999999995,3836
23114,VINTAGE LEAF CHOPPING BOARD,149,737.95,3,14.850000000000001,3836
23115,RED APPLES CHOPPING BOARD,152,770.32,0,0,3836
23116,VEGETABLE GARDEN CHOPPING BOARD,76,382.44,0,0,3836
23117,POPPY FIELDS CHOPPING BOARD,93,501.23,1,4.95,3836
23118,PARISIENNE JEWELLERY DRAWER,813,6102.18,24,180,3836
23118,dotcom adjust,10,0,0,0,3836
23119,PACK OF 6 LARGE FRUIT STRAWS,2282,1401.7,36,22.32,3836
23120,PACK OF 6 SMALL FRUIT STRAWS,1685,682.39,72,30.240000000000002,3836
23121,PACK OF 6 COCKTAIL PARASOL STRAWS,2501,1000.4399999999999,0,0,3836
23122,PARTY CHARMS 50 PIECES,2251,1726.09,3,2.4899999999999998,3836
23123,COCKTAIL SWORDS 50 PIECES,935,759.5699999999999,6,4.9799999999999995,3836
23124,18PC WOODEN CUTLERY SET DISPOSABLE,567,751.38,0,0,3836
23125,6PC WOOD PLATE SET DISPOSABLE,459,574.88,0,0,3836
23126,DOLLCRAFT GIRL AMELIE,36,178.20000000000002,0,0,3836
23126,DOLLCRAFT GIRL AMELIE KIT,66,294.7,0,0,3836
23126,FELTCRAFT GIRL AMELIE KIT,1007,5059.14,16,79.2,3836
23127,DOLLCRAFT GIRL NICOLE,68,336.6,0,0,3836
23127,FELTCRAFT GIRL NICOLE KIT,668,3422.4,13,64.35000000000001,3836
23128,DOLLCRAFT BOY JEAN-PAUL,82,373.90000000000003,0,0,3836
23128,FELTCRAFT BOY JEAN-PAUL KIT,366,1884.76,7,34.650000000000006,3836
23129,HEART SHAPED HOLLY WREATH,950,3999.5000000000005,1,4.15,3836
23130,MISELTOE HEART WREATH,80,312.8,0,0,3836
23130,MISTLETOE HEART WREATH GREEN,882,3676.1800000000003,9,37.35,3836
23131,MISELTOE HEART WREATH CREAM,240,996.0000000000001,0,0,3836
23131,MISELTOE HEART WREATH WHITE,78,304.5,0,0,3836
23131,MISTLETOE HEART WREATH CREAM,624,2535.48,6,24.9,3836
23131,had been put aside,48,0,0,0,3836
23132,SMALL IVORY HEART WALL ORGANISER,1020,5138.6,4,23,3836
23133,LARGE IVORY HEART WALL ORGANISER,782,5525.4,1,8.25,3836
23134,LARGE ZINC HEART WALL ORGANISER,1065,6431.11,0,0,3836
23134,NA,108,0,0,0,3836
23135,?,101,0,0,0,3836
23135,SMALL ZINC HEART WALL ORGANISER,1541,5416.18,0,0,3836
23135,NA,27,0,0,0,3836
23136,IVORY WIRE SWEETHEART LETTER TRAY,135,511.89,0,0,3836
23137,ZINC WIRE SWEETHEART LETTER TRAY,83,275.62,0,0,3836
23138,SINGLE WIRE HOOK IVORY HEART,879,1231.51,12,17.4,3836
23139,SINGLE WIRE HOOK PINK HEART,414,528.6999999999999,12,17.4,3836
23140,TRIPLE WIRE HOOK IVORY HEART,182,766.1,12,49.800000000000004,3836
23141,TRIPLE WIRE HOOK PINK HEART,79,272.91,0,0,3836
23142,IVORY WIRE KITCHEN ORGANISER,121,1220.8200000000002,2,19.55,3836
23143,ZINC WIRE KITCHEN ORGANISER,30,239.97,0,0,3836
23144,ZINC T-LIGHT HOLDER STARS SMALL,5089,4197.83,44,36.519999999999996,3836
23145,ZINC T-LIGHT HOLDER STAR LARGE,2060,1956.6799999999998,11,10.45,3836
23145,ZINC T-LIGHT HOLDER STARS LARGE,24,22.799999999999997,0,0,3836
23146,TRIPLE HOOK ANTIQUE IVORY ROSE,798,2645.26,50,164.1,3836
23147,SINGLE ANTIQUE ROSE HOOK IVORY,1868,2752.2,15,21.75,3836
23148,MINIATURE ANTIQUE ROSE HOOK IVORY,2091,1775.5099999999998,13,10.79,3836
23148,MINITURE ANTIQUE ROSE HOOK IVORY,48,40.8,0,0,3836
23149,ANTIQUE IVORY WIRE BOWL SMALL,99,251.45000000000002,11,27.39,3836
23150,IVORY SWEETHEART SOAP DISH,148,390.75000000000006,1,2.49,3836
23151,ZINC SWEETHEART SOAP DISH,61,114.33000000000001,0,0,3836
23152,IVORY SWEETHEART WIRE LETTER RACK,554,2080.65,7,26.25,3836
23153,ZINC SWEETHEART WIRE LETTER RACK,263,1020.69,4,15,3836
23154,SET OF 4 JAM JAR MAGNETS,2701,5842.88,61,126.88000000000001,3836
23155,KNICKERBOCKERGLORY MAGNET ASSORTED,2221,1904.77,169,129.71,3836
23156,SET OF 5 MINI GROCERY MAGNETS,1665,3423.29,24,49.92,3836
23157,SET OF 6 NATIVITY MAGNETS,2797,5143.06,240,444,3836
23157,check,212,0,0,0,3836
23158,SET OF 5 LUCKY CAT MAGNETS,2633,5513.83,60,124.8,3836
23159,SET OF 5 PANCAKE DAY MAGNETS,2293,4713.52,25,52,3836
23160,REGENCY TEA SPOON,1450,1794.48,6,7.5,3836
23161,REGENCY CAKE FORK,1715,2145.3,12,15,3836
23162,REGENCY TEA STRAINER,1412,5143.6900000000005,0,0,3836
23163,REGENCY SUGAR TONGS,1832,4515.22,55,114.4,3836
23164,REGENCY CAKE SLICE,578,2718.65,1,4.95,3836
23165,LARGE CERAMIC TOP STORAGE JAR,3114,5141.0599999999995,102,154.5,3836
23166,MEDIUM CERAMIC TOP STORAGE JAR,78033,81700.92000000001,74494,77479.64,3836
23167,SMALL CERAMIC TOP STORAGE JAR,5847,4476.009999999999,525,365.19,3836
23168,CLASSIC CAFE SUGAR DISPENSER,3075,4311.35,54,65.61,3836
23168,CLASSIC SUGAR DISPENSER,216,247.32,0,0,3836
23169,CLASSIC GLASS COOKIE JAR,1443,6183.39,93,379.15000000000003,3836
23169,CLASSIC GLASS SWEET JAR,119,479.45000000000005,0,0,3836
23170,REGENCY TEA PLATE ROSES,6857,11097.249999999998,718,1046.3,3836
23171,REGENCY TEA PLATE GREEN,6247,10051.99,97,146.25,3836
23172,REGENCY TEA PLATE PINK,3861,6344.409999999999,102,154.29999999999998,3836
23173,REGENCY TEAPOT ROSES,2766,24879.13,52,436.40000000000003,3836
23174,REGENCY SUGAR BOWL GREEN,3055,12342.43,88,345.2,3836
23175,REGENCY MILK JUG PINK,3160,9587.15,80,225.5,3836
23175,NA,2,0,0,0,3836
23176,ABC TREASURE BOOK BOX,2165,4693.08,45,101.25,3836
23177,TREASURE ISLAND BOOK BOX,2532,5521.29,20,45,3836
23178,JAM CLOCK MAGNET,327,936.89,5,14.45,3836
23179,CLOCK MAGNET MUM'S KITCHEN,324,930.48,0,0,3836
23180,MUM'S KITCHEN CLOCK,122,621.09,1,4.95,3836
23181,BULL DOG BOTTLE TOP WALL CLOCK,201,1733.57,4,33,3836
23182,TOILET SIGN OCCUPIED OR VACANT,3741,3688.2099999999996,14,11.62,3836
23183,MOTHER'S KITCHEN SPOON REST,226,967.17,8,30,3836
23184,BULL DOG BOTTLE OPENER,874,4764.5,13,64.35000000000001,3836
23185,FRENCH STYLE STORAGE JAR JAM,317,114.85,1,0.29,3836
23186,FRENCH STYLE STORAGE JAR CAFE,1982,819.4599999999999,12,9.24,3836
23187,FRENCH STYLE STORAGE JAR BONBONS,2338,695.06,37,16.49,3836
23188,VINTAGE  2 METER FOLDING RULER,1844,3073.72,13,21.449999999999996,3836
23188,VINTAGE  2 METRE FOLDING RULER,1627,3374.0499999999997,1,1.65,3836
23189,SET OF 12 FORK CANDLES,1249,3507.51,1,2.89,3836
23190,BUNDLE OF 3 SCHOOL EXERCISE BOOKS,1702,2761.8999999999996,2,3.3,3836
23191,BUNDLE OF 3 RETRO EXERCISE BOOKS,60,98.99999999999999,0,0,3836
23191,BUNDLE OF 3 RETRO NOTE BOOKS,2141,3529.8899999999994,3,4.949999999999999,3836
23192,BUNDLE OF 3 ALPHABET EXERCISE BOOKS,3516,6114.24,3,4.949999999999999,3836
23193,BUFFALO BILL TREASURE BOOK BOX,1922,4079.28,20,45,3836
23194,GYMKHANA TREASURE BOOK BOX,1715,3815.53,37,83.25,3836
23194,GYMKHANNA TREASURE BOOK BOX,120,261.84000000000003,0,0,3836
23196,LEAVES MAGNETIC  SHOPPING LIST,24,34.8,0,0,3836
23196,RETO LEAVES MAGNETIC SHOPPING LIST,36,52.199999999999996,0,0,3836
23196,RETRO LEAVES MAGNETIC NOTEPAD,105,154.09,0,0,3836
23196,VINTAGE LEAF MAGNETIC NOTEPAD,1719,2601.15,13,18.849999999999998,3836
23197,SKETCHBOOK MAGNETIC SHOPPING LIST,1442,2253.7,25,36.25,3836
23197,VEGETABLE MAGNETIC  SHOPPING LIST,36,49.8,0,0,3836
23198,PANTRY MAGNETIC  SHOPPING LIST,3342,5062.5999999999995,64,92.8,3836
23199,JUMBO BAG APPLES,14908,30450.69,723,1309.25,3836
23200,JUMBO BAG PEARS,7067,14188.960000000001,134,243.63000000000002,3836
23200,mailout,100,0,0,0,3836
23201,JUMBO BAG ALPHABET,13366,27850.83,594,1076.02,3836
23202,JUMBO BAG VINTAGE LEAF,10941,21810.43,242,442.46000000000004,3836
23202,mailout,100,0,0,0,3836
23203,JUMBO BAG DOILEY PATTERNS,8893,17268.69,22,45.760000000000005,3836
23203,JUMBO BAG VINTAGE DOILEY,144,272.57,0,0,3836
23203,JUMBO BAG VINTAGE DOILY,11448,24489.08,568,1030.64,3836
23203,mailout,100,0,0,0,3836
23204,CHARLOTTE BAG APPLES DESIGN,7976,7741.94,186,138.34,3836
23205,CHARLOTTE BAG ALPHABET  DESIGN,400,320.5,0,0,3836
23205,CHARLOTTE BAG VINTAGE ALPHABET,5457,5405.88,191,140.25,3836
23206,LUNCH BAG APPLE DESIGN,12147,20852.579999999998,59,97.15,3836
23207,LUNCH BAG ALPHABET DESIGN,7830,13325.55,448,659.6,3836
23208,LUNCH BAG VINTAGE LEAF DESIGN,6308,10441.91,73,109.85,3836
23209,LUNCH BAG DOILEY PATTERN,6551,10502.19,4,6.6,3836
23209,LUNCH BAG VINTAGE DOILEY,71,119.63,0,0,3836
23209,LUNCH BAG VINTAGE DOILY,6548,10797,36,59.2,3836
23209,mailout,100,0,0,0,3836
23210,WHITE ROCKING HORSE HAND PAINTED,2849,3551.5299999999997,200,219.76,3836
23211,RED ROCKING HORSE HAND PAINTED,2329,2930.57,24,30,3836
23212,HEART WREATH DECORATION WITH BELL,2284,2845.89,60,75,3836
23212,PAINTED HEART WREATH WITH BELL,12,15,0,0,3836
23213,STAR WREATH DECORATION WITH BELL,1682,2138.42,12,15,3836
23214,BELL HEART ANTIQUE GOLD,12,24.96,0,0,3836
23214,JINGLE BELL HEART ANTIQUE GOLD,777,1670.0800000000002,0,0,3836
23215,JINGLE BELL HEART ANTIQUE SILVER,3564,7038.4000000000005,120,214.8,3836
23216,LAUREL HEART ANTIQUE GOLD,525,630.73,0,0,3836
23217,LAUREL HEART ANTIQUE SILVER,1309,1613.82,0,0,3836
23218,LAUREL STAR ANTIQUE GOLD,379,483.03,0,0,3836
23219,LAUREL STAR ANTIQUE SILVER,430,568.6,0,0,3836
23220,REINDEER HEART DECORATION GOLD,993,869.15,12,9.959999999999999,3836
23221,REINDEER HEART DECORATION SILVER,1536,1363.04,58,48.13999999999999,3836
23222,CHRISTMAS TREE HANGING GOLD,799,718.53,24,19.919999999999998,3836
23223,CHRISTMAS TREE HANGING SILVER,801,750.1899999999999,12,9.959999999999999,3836
23224,CHERUB HEART DECORATION GOLD,738,649.02,14,11.62,3836
23225,CHERUB HEART DECORATION SILVER,1355,1176.1699999999998,84,69.72,3836
23226,FILIGREE HEART DAISY WHITE,1247,1596.67,48,60,3836
23227,FILIGREE HEART BUTTERFLY WHITE,1642,2070.06,6,7.5,3836
23228,FILIGREE HEART BIRD WHITE,1492,1960,144,149.76,3836
23229,DONKEY TAIL GAME,54,189.54000000000002,0,0,3836
23229,VINTAGE DONKEY TAIL GAME,1815,6550.17,11,40.89,3836
23230,WRAP ALPHABET DESIGN,7976,3217.92,75,31.5,3836
23231,WRAP  VINTAGE DOILEY,100,42,0,0,3836
23231,WRAP  VINTAGE DOILY,2474,1039.08,0,0,3836
23231,WRAP DOILEY DESIGN,4703,1927.26,0,0,3836
23232,WRAP VINTAGE LEAF DESIGN,5251,2109.42,26,10.92,3836
23232,WRAP VINTAGE PETALS  DESIGN,3275,1327.5,25,10.5,3836
23233,WRAP POPPIES  DESIGN,5175,2105.5,25,10.5,3836
23234,BISCUIT TIN VINTAGE CHRISTMAS,1938,5079.78,16,46.24,3836
23235,BISCUIT TIN VINTAGE LEAF,24,64.56,0,0,3836
23235,STORAGE TIN VINTAGE LEAF,712,1886.1000000000001,14,40.46,3836
23236,DOILEY BISCUIT TIN,120,327.6,0,0,3836
23236,DOILEY STORAGE TIN,1094,3004.46,5,14.450000000000001,3836
23236,STORAGE TIN VINTAGE DOILEY,7,23.13,0,0,3836
23236,STORAGE TIN VINTAGE DOILY,1272,3704.78,28,80.92,3836
23237,SET OF 4 KNICK KNACK TINS LEAF,747,3020.61,14,56.900000000000006,3836
23237,SET OF 4 KNICK KNACK TINS LEAVES,306,1253.78,3,12.450000000000001,3836
23238,SET OF 4 KNICK KNACK TINS LONDON,1849,7771.610000000001,16,65.60000000000001,3836
23239,SET OF 4 KNICK KNACK TINS POPPIES,842,3353.84,28,115.80000000000001,3836
23240,SET OF 4 KNICK KNACK TINS  DOILEY,6,24.900000000000002,0,0,3836
23240,SET OF 4 KNICK KNACK TINS DOILEY,1819,7248.79,23,95.05000000000001,3836
23240,SET OF 4 KNICK KNACK TINS DOILY,2352,9726.480000000001,27,111.65,3836
23241,TREASURE TIN GYMKHANA DESIGN,2165,4669.55,7,14.56,3836
23242,TREASURE TIN BUFFALO BILL,1470,3024.63,27,56.160000000000004,3836
23243,SET OF TEA COFFEE SUGAR TINS PANTRY,4800,23489.420000000002,117,545.5500000000001,3836
23244,CANNISTER VINTAGE LEAF DESIGN,12,23.4,0,0,3836
23244,ROUND STORAGE TIN VINTAGE LEAF,864,1593.58,9,16.95,3836
23244,STORAGE TIN VINTAGE LEAF,60,117,0,0,3836
23245,SET OF 3 REGENCY CAKE TINS,6345,31118.550000000003,90,421.5,3836
23247,BISCUIT TIN 50'S CHRISTMAS,2194,6681.25,46,118.54000000000002,3836
23249,ENAMEL DINNER PLATE PANTRY,12,19.799999999999997,0,0,3836
23249,VINTAGE RED ENAMEL TRIM PLATE,830,1406.3,55,87.71,3836
23250,ENAMEL BOWL PANTRY,24,30,0,0,3836
23250,VINTAGE RED TRIM ENAMEL BOWL,1155,1501.03,121,141.8,3836
23251,ENAMEL MUG PANTRY,12,15,0,0,3836
23251,VINTAGE RED ENAMEL TRIM MUG,1700,2090.75,58,72.5,3836
23252,ENAMEL JUG PANTRY,8,30,0,0,3836
23252,VINTAGE RED ENAMEL TRIM JUG,595,2231.61,33,123.75,3836
23253,16 PC CUTLERY SET PANTRY DESIGN,4,63.8,0,0,3836
23253,16 PIECE CUTLERY SET PANTRY DESIGN,254,3785.06,2,31.9,3836
23254,CHILDRENS CUTLERY DOLLY GIRL,1667,6753.71,20,83,3836
23254,KIDS CUTLERY DOLLY GIRL,36,149.4,0,0,3836
23255,CHILDRENS CUTLERY CIRCUS PARADE,1014,4097.22,9,37.35,3836
23256,CHILDRENS CUTLERY SPACEBOY,2077,8517.67,88,338,3836
23256,KIDS CUTLERY SPACEBOY,36,149.4,0,0,3836
23263,SET OF 3 WOODEN HEART DECORATIONS,3863,5147.19,47,58.75,3836
23264,SET OF 3 WOODEN SLEIGH DECORATIONS,1963,2690.81,1,1.25,3836
23265,SET OF 3 WOODEN TREE DECORATIONS,1769,2404.79,15,18.75,3836
23266,SET OF 3 WOODEN STOCKING DECORATION,2053,2743.82,12,15,3836
23267,SET OF 4 SANTA PLACE SETTINGS,1202,1531.95,48,60,3836
23268,Lighthouse Trading zero invc incorr,192,0,0,0,3836
23268,SET OF 2 CERAMIC CHRISTMAS REINDEER,1639,2018.1399999999999,12,17.4,3836
23268,NA,8,0,0,0,3836
23269,SET OF 2 CERAMIC CHRISTMAS TREES,779,1152.98,0,0,3836
23270,SET OF 2 CERAMIC PAINTED HEARTS,1270,1646.32,6,8.7,3836
23271,CHRISTMAS TABLE CANDLE SILVER SPIKE,16,13.28,0,0,3836
23271,CHRISTMAS TABLE SILVER CANDLE SPIKE,1715,1483.61,0,0,3836
23272,TREE T-LIGHT HOLDER WILLIE WINKIE,364,562.2199999999999,0,0,3836
23273,HEART T-LIGHT HOLDER WILLIE WINKIE,969,1649.0499999999997,4,6.6,3836
23274,STAR T-LIGHT HOLDER WILLIE WINKIE,1180,2004.9999999999998,3,4.949999999999999,3836
23275,SET OF 3 HANGING OWLS OLLIE BEAK,3720,4521.72,77,95.41,3836
23280,FOLDING BUTTERFLY MIRROR HOT PINK,1867,1495.24,2,1.66,3836
23280,FOLDING MIRROR HOT PINK,156,118.92,0,0,3836
23281,FOLDING BUTTERFLY MIRROR RED,1262,985.88,0,0,3836
23281,FOLDING MIRROR RED,18,14.939999999999998,0,0,3836
23282,FOLDING BUTTERFLY MIRROR IVORY,794,742.92,0,0,3836
23282,FOLDING MIRROR IVORY,18,14.939999999999998,0,0,3836
23283,DOORMAT VINTAGE LEAF,564,4122.2,7,57.45,3836
23283,DOORMAT VINTAGE LEAVES DESIGN,430,2881.18,0,0,3836
23283,NA,17,0,0,0,3836
23284,DOORMAT KEEP CALM AND COME IN,5487,38133.64,225,1601.25,3836
23284,NA,13,0,0,0,3836
23285,PINK VINTAGE SPOT BEAKER,4807,4572.41,2,1.7,3836
23286,BLUE VINTAGE SPOT BEAKER,5048,4747.62,49,41.65,3836
23287,RED VINTAGE SPOT BEAKER,1879,1603.3899999999999,51,43.349999999999994,3836
23288,GREEN VINTAGE SPOT BEAKER,4625,4444.23,18,15.17,3836
23289,DOLLY GIRL CHILDRENS BOWL,1622,2013.7,12,15,3836
23290,SPACEBOY CHILDRENS BOWL,2430,2890.35,10,12.5,3836
23291,DOLLY GIRL CHILDRENS CUP,1634,2059.03,10,12.5,3836
23292,SPACE BOY CHILDRENS CUP,131,145.76000000000002,0,0,3836
23292,SPACEBOY CHILDRENS CUP,2050,2557.57,21,26.25,3836
23293,SET OF 12 FAIRY CAKE BAKING CASES,8471,6989.54,32,26.56,3836
23294,SET OF 6 SNACK LOAF BAKING CASES,4392,3607.81,13,10.79,3836
23295,SET OF 12 MINI LOAF BAKING CASES,6134,5073.45,13,10.79,3836
23296,SET OF 6 TEA TIME BAKING CASES,4979,5985.55,27,33.75,3836
23297,SET 40 HEART SHAPE PETIT FOUR CASES,4303,6792.23,26,42.9,3836
23298,"BUNTING , SPOTTY",146,634.7,0,0,3836
23298,SPOTTY BUNTING,8491,42513.48,110,482.81000000000006,3836
23299,"FOOD COVER WITH BEADS , SET 2 SIZES",3,11.25,0,0,3836
23299,FOOD COVER WITH BEADS SET 2,1009,3761.63,8,30,3836
23300,GARDENERS KNEELING PAD CUP OF TEA,6809,11785.99,152,231.6,3836
23301,GARDENERS KNEELING PAD KEEP CALM,8807,16327.349999999999,114,168.89999999999998,3836
23302,KNEELING MAT HOUSEWORK  DESIGN,1536,2181.42,36,54.239999999999995,3836
23303,SET 4 PICNIC CUTLERY FONDANT,65,126.75,0,0,3836
23304,SET 4 PICNIC CUTLERY CHERRY,71,138.45,0,0,3836
23305,SET 4 PICNIC CUTLERY BLUEBERRY,82,159.9,0,0,3836
23306,SET OF 36 DOILIES PANTRY DESIGN,2741,3983.6,7,10.149999999999999,3836
23306,SET OF 36 PANTRY PAPER DOILIES,67,139.78,0,0,3836
23306,NA,730,0,0,0,3836
23307,SET OF 60 PANTRY DESIGN CAKE CASES,12049,6371.89,88,48.400000000000006,3836
23308,SET OF 60 VINTAGE LEAF CAKE CASES,6139,3272.61,0,0,3836
23309,SET OF 60 I LOVE LONDON CAKE CASES,8275,4495.85,64,35.2,3836
23310,BUBBLEGUM RING ASSORTED,12050,4997.28,0,0,3836
23311,VINTAGE CHRISTMAS STOCKING,2390,6488.2,15,38.25,3836
23312,VINTAGE CHRISTMAS GIFT SACK,1423,5964.1500000000005,1,4.15,3836
23313,VINTAGE CHRISTMAS BUNTING,2990,15798.66,13,64.35,3836
23314,VINTAGE CHRISTMAS TABLECLOTH,407,5012.96,5,62.5,3836
23315,IVORY REFECTORY CLOCK,213,2094.24,12,97.80000000000001,3836
23316,RED REFECTORY CLOCK,250,2501.64,1,9.95,3836
23317,BLUE REFECTORY CLOCK,173,1777.46,0,0,3836
23318,BOX OF 6 MINI VINTAGE CRACKERS,3809,9162.41,168,368.71000000000004,3836
23319,BOX OF 6 MINI 50'S CRACKERS,3720,9219.53,116,244.97,3836
23320,GIANT 50'S CHRISTMAS CRACKER,2661,7053.57,13,37.57,3836
23321,SMALL WHITE HEART OF WICKER,4716,8438.539999999999,39,64.35,3836
23322,LARGE WHITE HEART OF WICKER,3069,8878.210000000001,63,169.85,3836
23323,WHITE WICKER STAR,1469,3146.78,3,6.300000000000001,3836
23324,RUSTIC STRAWBERRY JAM POT LARGE,279,577.48,35,67.51,3836
23324,RUSTIC STRAWBERRY JAMPOT LARGE,120,238.56,0,0,3836
23325,RUSTIC STRAWBERRY JAM POT SMALL,426,681.54,18,29.699999999999996,3836
23325,RUSTIC STRAWBERRY JAMPOT SMALL,36,59.39999999999999,0,0,3836
23326,HANGING MINI COLOURED BOTTLES,3442,2237.08,0,0,3836
23327,HANGING CLEAR MINI BOTTLE,1734,1051.14,8,4.720000000000001,3836
23328,SET 6 SCHOOL MILK BOTTLES IN CRATE,2841,13269.49,8,29.64,3836
23329,DECORATIVE WICKER HEART LARGE,1767,3038.1899999999996,3,4.949999999999999,3836
23330,DECORATIVE WICKER HEART MEDIUM,1794,2286.97,6,7.5,3836
23331,DECORATIVE WICKER HEART SMALL,1596,1062.28,0,0,3836
23332,IVORY WICKER HEART LARGE,2059,3542.7099999999996,2,3.3,3836
23333,IVORY WICKER HEART MEDIUM,2089,2695.45,12,15,3836
23334,IVORY WICKER HEART SMALL,2271,1491.75,0,0,3836
23335,EGG FRYING PAN IVORY,377,790.7800000000001,12,24.96,3836
23336,EGG FRYING PAN PINK,225,519.25,0,0,3836
23337,EGG FRYING PAN MINT,180,388.75,0,0,3836
23338,EGG FRYING PAN RED,431,915.4000000000001,6,12.48,3836
23339,EGG FRYING PAN BLUE,173,400.84000000000003,0,0,3836
23340,VINTAGE CHRISTMAS CAKE FRILL,2500,4034.08,0,0,3836
23341,PINK DINER WALL CLOCK,307,2741.35,0,0,3836
23342,MINT DINER CLOCK,2,17,0,0,3836
23342,MINT DINER WALL CLOCK,371,3159.41,1,8.5,3836
23343,JUMBO BAG VINTAGE CHRISTMAS,6078,13972.710000000001,271,505.68,3836
23343,came coded as 20713,3100,0,0,0,3836
23343,wrongly coded 20713,800,0,0,0,3836
23344,JUMBO BAG 50'S CHRISTMAS,10285,23772.07,262,486.96000000000004,3836
23345,DOLLY GIRL BEAKER,2451,2886.25,7,8.75,3836
23346,SPACEBOY BEAKER,2628,3112.34,6,7.5,3836
23347,I LOVE LONDON BEAKER,860,1077.3,34,42.5,3836
23348,CHILDRENS TOY COOKING UTENSIL SET,746,1633.81,23,47.260000000000005,3836
23348,check,5,0,0,0,3836
23348,NA,794,0,0,0,3836
23349,ROLL WRAP VINTAGE CHRISTMAS,3221,4342.6,24,30,3836
23350,ROLL WRAP VINTAGE SPOT,2712,3445.08,24,30,3836
23351,ROLL WRAP 50'S CHRISTMAS,3535,4875.65,96,104.88,3836
23352,ROLL WRAP 50'S RED CHRISTMAS,1800,2459.2,12,15,3836
23353,6 GIFT TAGS VINTAGE CHRISTMAS,4007,3510.0499999999997,24,19.919999999999998,3836
23354,6 GIFT TAGS 50'S CHRISTMAS,3740,3429.3999999999996,60,49.8,3836
23355,HOT WATER BOTTLE KEEP CALM,5816,28718.800000000003,96,417.6,3836
23356,LOVE HOT WATER BOTTLE,2359,13334.320000000002,9,53.55,3836
23357,HOT WATER BOTTLE SEX BOMB,450,1982.0500000000002,0,0,3836
23358,HOT STUFF HOT WATER BOTTLE,594,2008.38,38,125.94,3836
23359,SET OF 12 T-LIGHTS VINTAGE DOILEY,61,118.94999999999999,0,0,3836
23359,SET OF 12 T-LIGHTS VINTAGE DOILY,929,1747.51,0,0,3836
23360,SET 8 CANDLES VINTAGE DOILEY,122,216.29999999999998,0,0,3836
23360,SET 8 CANDLES VINTAGE DOILY,1060,2070.1,0,0,3836
23365,SET 12 COLOUR PENCILS LOVE LONDON,1857,1463.0800000000002,0,0,3836
23366,SET 12 COLOUR PENCILS DOILEY,48,31.200000000000003,0,0,3836
23366,SET 12 COLOURING PENCILS DOILEY,1,0.65,0,0,3836
23366,SET 12 COLOURING PENCILS DOILY,2200,1636.1000000000001,0,0,3836
23367,SET 12 COLOUR PENCILS SPACEBOY,3278,2491.2000000000003,16,10.4,3836
23368,SET 12 COLOUR PENCILS DOLLY GIRL,2379,1679.5500000000002,6,3.9000000000000004,3836
23369,SET 36 COLOUR PENCILS LOVE LONDON,1105,1581.06,0,0,3836
23370,SET 36 COLOUR PENCILS DOILEY,64,80,0,0,3836
23370,SET 36 COLOURING PENCILS DOILEY,1,1.25,0,0,3836
23370,SET 36 COLOURING PENCILS DOILY,1485,2070.35,1,1.25,3836
23371,SET 36 COLOUR PENCILS SPACEBOY,1705,2304.78,0,0,3836
23372,SET 36 COLOUR PENCILS DOLLY GIRL,1389,1750.29,16,20,3836
23373,VINTAGE CHRISTMAS PAPER GIFT BAG,1608,1313.3899999999999,0,0,3836
23374,RED SPOT PAPER GIFT BAG,2456,1962.83,16,13.12,3836
23375,50'S CHRISTMAS PAPER GIFT BAG,1342,1100.6899999999998,1,0.82,3836
23376,PACK OF 12 VINTAGE CHRISTMAS TISSUE,3039,1384.9099999999999,24,9.36,3836
23377,PACK OF 12 DOLLY GIRL TISSUES,1351,592.4499999999999,8,3.12,3836
23378,PACK OF 12 50'S CHRISTMAS TISSUES,3997,1840.08,0,0,3836
23379,PACK OF 12 RED APPLE TISSUES,1220,465.36,0,0,3836
23380,PACK OF 12 DOILEY TISSUES,72,28.08,0,0,3836
23380,PACK OF 12 VINTAGE DOILY TISSUES,2272,955.42,36,14.04,3836
23381,PACK OF 12 VINTAGE LEAF TISSUES,1496,562.88,0,0,3836
23382,BOX OF 6 CHRISTMAS CAKE DECORATIONS,1875,7356.18,17,63.75,3836
23388,WOODLAND MINI BACKPACK,816,3411.34,0,0,3836
23388,WOODLAND MINI RUCKSACK,5,20.75,0,0,3836
23389,SPACEBOY MINI BACKPACK,1102,4697.54,2,8.3,3836
23389,SPACEBOY MINI RUCKSACK,13,53.95,0,0,3836
23390,DOLLY GIRL MINI BACKPACK,739,2992.3900000000003,1,4.15,3836
23390,DOLLY GIRL MINI RUCKSACK,8,33.2,0,0,3836
23391,I LOVE LONDON MINI BACKPACK,388,1624.02,0,0,3836
23391,I LOVE LONDON MINI RUCKSACK,1,4.15,0,0,3836
23392,SPACEBOY ROCKET LOLLY MAKERS,662,1475.03,24,49.92,3836
23393,HOME SWEET HOME CUSHION COVER,801,3207.91,21,78.75,3836
23394,POSTE FRANCE CUSHION COVER,435,1877.6499999999999,0,0,3836
23395,BELLE JARDINIERE CUSHION COVER,748,3257.08,7,26.25,3836
23396,BUTTERFLY CUSHION COVER,8,30,0,0,3836
23396,LA JARDIN BOTANIQUE CUSHION COVER,87,375.53,0,0,3836
23396,LE JARDIN BOTANIQUE CUSHION COVER,559,2345,4,15,3836
23397,FOOT STOOL HOME SWEET HOME,489,5097.65,6,59.699999999999996,3836
23398,HANGING HEART BONHEUR,606,535.35,1,0.85,3836
23399,HOME SWEET HOME HANGING HEART,1914,1745.55,0,0,3836
23400,SHELF WITH 4 HOOKS HOME SWEET HOME,461,2409.34,2,12.5,3836
23400,NA,1,0,0,0,3836
23401,RUSTIC MIRROR WITH LACE HEART,459,2354.8700000000003,3,18.75,3836
23402,HOME SWEEET HOME 3 PEG HANGER,25,93.75,0,0,3836
23402,HOME SWEET HOME 3 PEG HANGER,271,1053.53,0,0,3836
23403,LETTER HOLDER HOME SWEET HOME,625,2204.11,3,11.25,3836
23404,HOME SWEET HOME BLACKBOARD,1011,4561.76,29,143.55,3836
23404,check,41,0,0,0,3836
23405,HOME SWEET HOME 2 DRAWER CABINET,252,1311.48,1,4.95,3836
23406,HOME SWEET HOME KEY HOLDER,456,2422.6600000000003,3,18.75,3836
23406,NA,15,0,0,0,3836
23407,SET OF 2 TRAYS HOME SWEET HOME,267,2709.43,6,59.699999999999996,3836
23408,PHOTO FRAME LINEN AND LACE SMALL,310,644.8000000000001,14,29.12,3836
23409,PHOTO FRAME LINEN AND LACE LARGE,215,801.68,7,26.25,3836
23410,CURIO CABINET LINEN AND LACE,36,290.1,1,8.15,3836
23411,TRELLIS COAT RACK,227,1118.6100000000001,1,4.95,3836
23412,HEART MIRROR ANTIQUE WHITE,358,2354.8,2,15,3836
23412,NA,4,0,0,0,3836
23413,DECORATIVE VINTAGE COFFEE  BOX,52,277,0,0,3836
23413,DECROTIVEVINTAGE COFFEE GRINDER BOX,12,71.08,0,0,3836
23413,VINTAGE COFFEE GRINDER BOX,109,561.23,12,49.800000000000004,3836
23414,ZINC BOX SIGN HOME,141,1378.75,4,39.8,3836
23415,HOME SWEET HOME HOOK,328,412.17999999999995,5,8.25,3836
23416,CHAMBRE HOOK,132,184.67999999999998,0,0,3836
23417,BATHROOM HOOK,146,157.5,0,0,3836
23418,LAVENDER TOILETTE BOTTLE,557,1166,0,0,3836
23419,HOME SWEET HOME BOTTLE,473,1043.72,1,2.08,3836
23420,PANTRY HOOK TEA STRAINER,164,351.37,0,0,3836
23421,PANTRY HOOK SPATULA,160,349.2,0,0,3836
23422,PANTRY HOOK BALLOON WHISK,213,477.89,0,0,3836
23423,PANTRY 3 HOOK ROLLING PIN HANGER,219,876.9,5,18.75,3836
23424,GINGHAM RECIPE BOOK BOX,462,2509.62,1,4.95,3836
23425,STORAGE TIN HOME SWEET HOME,275,621.44,7,17.43,3836
23426,METAL SIGN DROP YOUR PANTS,1275,3444.43,6,17.34,3836
23427,STOOL HOME SWEET HOME,237,2860.58,2,22.9,3836
23428,IVORY RETRO KITCHEN WALL CLOCK,77,675.91,2,16.3,3836
23429,RED RETRO KITCHEN WALL CLOCK,47,400.01,0,0,3836
23430,BLUE RETRO KITCHEN WALL CLOCK,36,301.88,0,0,3836
23431,NATURAL HANGING QUILTED HEARTS,1449,1171.23,16,13.28,3836
23432,PRETTY HANGING QUILTED HEARTS,1276,1088.36,0,0,3836
23433,HANGING QUILTED PATCHWORK APPLES,1258,1108.58,47,39.01,3836
23434,3 RAFFIA RIBBONS 50'S CHRISTMAS,2095,1884.17,10,7.9,3836
23435,3 RAFFIA RIBBONS VINTAGE CHRISTMAS,824,732.42,0,0,3836
23436,GIFT BAG LARGE VINTAGE CHRISTMAS,148,185,0,0,3836
23436,VINTAGE CHRISTMAS GIFT BAG LARGE,1831,2182.39,15,18.75,3836
23437,50'S CHRISTMAS GIFT BAG LARGE,1915,2343.63,2,2.5,3836
23437,GIFT BAG LARGE 50'S CHRISTMAS,24,30,0,0,3836
23438,GIFT BAG LARGE SPOT,96,120,0,0,3836
23438,RED SPOT GIFT BAG LARGE,1713,2089.92,0,0,3836
23439,HAND WARMER RED LOVE HEART,3986,8855.51,0,0,3836
23440,PAINT YOUR OWN EGGS IN CRATE,164,299.36,0,0,3836
23441,HAND PAINTED HANGING EASTER EGG,22,9.24,0,0,3836
23442,12 HANGING EGGS HAND PAINTED,40,83.2,0,0,3836
23444,Next Day Carriage,79,1200,1,15,3836
23444,NA,200,0,0,0,3836
23445,ICE CREAM BUBBLES,2668,2161.24,20,16.599999999999998,3836
23446,BLUE BUNNY EASTER EGG BASKET,157,230.24999999999997,0,0,3836
23447,PINK BUNNY EASTER EGG BASKET,158,231.89999999999998,0,0,3836
23448,CREAM BUNNY EASTER EGG BASKET,25,41.24999999999999,0,0,3836
23449,SET OF 6 EASTER RAINBOW CHICKS,12,15,0,0,3836
23451,SQUARE MINI PORTRAIT FRAME,277,556.17,0,0,3836
23452,HEART MINI PORTRAIT FRAME,518,1021.76,1,1.95,3836
23453,OVAL  MINI PORTRAIT FRAME,316,615.98,0,0,3836
23454,SET OF 3 MINI HANGING PORTRAITS,32,123.2,0,0,3836
23454,THREE MINI HANGING FRAMES,142,610,2,8.3,3836
23455,SMALL PARLOUR FRAME,42,106.98000000000002,0,0,3836
23455,SMALL PARLOUR PICTURE FRAME,165,462.45,0,0,3836
23456,MEDIUM PARLOUR FRAME,22,84.1,0,0,3836
23456,MEDIUM PARLOUR PICTURE FRAME,136,550,2,8.3,3836
23457,LARGE PARLOUR FRAME,27,122.85,0,0,3836
23457,LARGE PARLOUR PICTURE FRAME,85,427.03000000000003,0,0,3836
23458,DOLLY CABINET 3 DRAWERS,51,762.4499999999999,5,74.75,3836
23459,DOLLY CABINET 2 DRAWERS,33,412.5,3,37.5,3836
23460,SWEETHEART WALL TIDY,108,1007.0799999999999,5,49.75,3836
23461,SWEETHEART BIRD HOUSE,847,3041.21,4,16.6,3836
23462,ROCOCO WALL MIROR,2,39.9,0,0,3836
23462,ROCOCO WALL MIRROR WHITE,78,1567.1399999999999,18,350.09999999999997,3836
23463,VINTAGE ZINC WATERING CAN,13,139.39999999999998,0,0,3836
23464,VINTAGE ZINC WATERING CAN SMALL,18,99.2,0,0,3836
23465,TUSCAN VILLA BIRD FEEDER,17,148.63,0,0,3836
23465,TUSCAN VILLA FEEDING STATION,12,99,0,0,3836
23466,TUSCAN VILLA DOVECOTE,12,99,0,0,3836
23466,TUSCAN VILLA DOVECOTE BIRD FEEDER,43,399.03,1,8.25,3836
23467,VINTAGE ZINC PLANTER,32,120.08000000000001,0,0,3836
23468,TUSCAN VILLA BIRD TABLE,19,156.75,0,0,3836
23469,CARD HOLDER LOVE BIRD SMALL,332,1355.24,4,16.6,3836
23470,CARD HOLDER LOVE BIRD LARGE,232,1460.5,12,70.7,3836
23471,SIX DRAWER OFFICE TIDY,65,616.79,0,0,3836
23472,NINE DRAWER OFFICE TIDY,58,894.42,0,0,3836
23473,WOODLAND SMALL RED FELT HEART,678,552.02,0,0,3836
23474,WOODLAND SMALL BLUE FELT HEART,312,270.96,0,0,3836
23475,WOODLAND SMALL PINK FELT HEART,286,242.17999999999998,0,0,3836
23476,WOODLAND LARGE RED FELT HEART,205,264.72,0,0,3836
23477,WOODLAND LARGE BLUE FELT HEART,92,123.47,0,0,3836
23478,WOODLAND LARGE PINK FELT HEART,285,324.40000000000003,0,0,3836
23479,WIRE EGG BASKET,113,872.38,0,0,3836
23480,MINI LIGHTS WOODLAND MUSHROOMS,1799,6719.14,20,68.1,3836
23481,PEARLISED IVORY HEART SMALL,228,281.17,0,0,3836
23482,PEARLISED IVORY HEART LARGE,418,661.02,0,0,3836
23483,HANGING  BUTTERFLY T-LIGHT HOLDER,1328,1636.36,22,26.240000000000002,3836
23484,HEART TRELLIS TRIPLE T-LIGHT HOLDER,129,395.11,0,0,3836
23484,HEART TRELLISTRIPLE T-LIGHT HOLDER,56,152.24,0,0,3836
23485,BOTANICAL GARDENS WALL CLOCK,262,5843.92,18,407.4,3836
23486,ANTIQUE HEART SHELF UNIT,275,4145.47,13,199.65,3836
23487,SWEET HEART CAKE CARRIER,80,795.5799999999999,9,89.55,3836
23489,"GARLAND, VINTAGE BELLS",92,265.88,0,0,3836
23489,VINTAGE BELLS GARLAND,821,2443.35,0,0,3836
23490,T-LIGHT HOLDER HANGING LOVE BIRD,542,2032.77,3,11.25,3836
23491,VINTAGE JINGLE BELLS HEART,228,1897.76,1,8.25,3836
23492,VINTAGE JINGLE BELLS WREATH,76,635.38,0,0,3836
23493,VINTAGE DOILY TRAVEL SEWING KIT,3964,8497.98,6,11.4,3836
23494,VINTAGE DOILY DELUXE SEWING KIT,809,5354.01,65,386.75,3836
23495,SET OF 3 PANTRY WOODEN SPOONS,225,306.66,0,0,3836
23496,PANTRY KITCHEN THERMOMETER,112,154.52,0,0,3836
23497,CLASSIC CHROME BICYCLE BELL,2498,3578.62,12,17.4,3836
23497,CLASSIC CROME BICYCLE BELL,60,77.4,0,0,3836
23498,CLASSIC BICYCLE CLIPS,1640,2372.68,0,0,3836
23499,SET 12 VINTAGE DOILY CHALK,1312,586.23,0,0,3836
23500,KEY RING BASEBALL BOOT ASSORTED,1626,2038.33,0,0,3836
23501,KEY RING BASEBALL BOOT UNION JACK,1821,2217.87,0,0,3836
23502,PLAYING CARDS VINTAGE DOILEY,13,16.25,0,0,3836
23502,PLAYING CARDS VINTAGE DOILY,701,880.16,0,0,3836
23503,PLAYING CARDS KEEP CALM & CARRY ON,3643,4860.55,2,2.5,3836
23504,PLAYING CARDS JUBILEE UNION JACK,1927,2848.89,0,0,3836
23505,PLAYING CARDS I LOVE LONDON,1200,1651.29,0,0,3836
23506,MINI PLAYING CARDS SPACEBOY,2723,1129.1200000000001,0,0,3836
23507,MINI PLAYING CARDS BUFFALO BILL,2882,1155.67,0,0,3836
23508,MINI PLAYING CARDS DOLLY GIRL,2627,1163.45,2,0.84,3836
23509,MINI PLAYING CARDS FUN FAIR,1062,451.46,0,0,3836
23510,MINI PLAYING CARDS GYMKHANA,2521,1118.8,0,0,3836
23511,EMBROIDERED RIBBON REEL EMILY,571,1252.01,5,10.4,3836
23512,EMBROIDERED RIBBON REEL ROSIE,500,975.24,0,0,3836
23513,EMBROIDERED RIBBON REEL SUSIE,566,1114.26,6,12.48,3836
23514,EMBROIDERED RIBBON REEL SALLY,478,977.39,6,12.48,3836
23515,EMBROIDERED RIBBON REEL DAISY,579,1164.98,0,0,3836
23516,EMBROIDERED RIBBON REEL SOPHIE,296,1058.6,0,0,3836
23517,EMBROIDERED RIBBON REEL REBECCA,334,996.38,0,0,3836
23518,EMBROIDERED RIBBON REEL RACHEL,361,980.4100000000001,6,17.34,3836
23519,EMBROIDERED RIBBON REEL CLAIRE,224,792.31,0,0,3836
23520,EMBROIDERED RIBBON REEL RUBY,167,600.55,0,0,3836
23521,CAT AND BIRD WALL ART,270,323.64,0,0,3836
23521,WALL ART CAT AND BIRD,143,469.73,0,0,3836
23522,DOG AND BALL WALL ART,252,425.87999999999994,0,0,3836
23522,WALL ART DOG AND BALL,102,301.56,0,0,3836
23523,TREASURE AHOY WALL ART,270,833.46,0,0,3836
23523,WALL ART TREASURE AHOY,90,340.35,6,22.5,3836
23524,HORSE & PONY WALL ART,256,797.3100000000001,0,0,3836
23524,WALL ART HORSE & PONY,225,760.32,6,22.5,3836
23525,BUFFALO BILL WALL ART,248,852.72,0,0,3836
23525,WALL ART BUFFALO BILL,334,1011.1,6,22.5,3836
23526,DOG LICENCE WALL ART,408,2081.64,0,0,3836
23526,WALL ART DOG LICENCE,604,3939.76,16,95.2,3836
23527,ANIMALS AND NATURE WALL ART,267,923.97,0,0,3836
23527,WALL ART ANIMALS AND NATURE,153,504.59000000000003,7,26.25,3836
23528,SPACEBOY WALL ART,306,885.9000000000001,0,0,3836
23528,WALL ART SPACEBOY,173,618.59,0,0,3836
23529,DOLLY GIRL WALL ART,318,1055.94,0,0,3836
23529,WALL ART DOLLY GIRL,319,956.0500000000001,0,0,3836
23530,WALL ART ONLY ONE PERSON,1050,4406.57,0,0,3836
23530,"WALL ART,ONLY ONE PERSON",6,29.700000000000003,0,0,3836
23531,WALL ART BIG LOVE,976,5538.26,0,0,3836
23532,WALL ART WORK REST AND PLAY,210,901.58,0,0,3836
23533,WALL ART GARDEN HAVEN,215,998.64,0,0,3836
23534,STOP FOR TEA WALL ART,518,2572.7,0,0,3836
23534,WALL ART STOP FOR TEA,869,6036.2,7,41.650000000000006,3836
23535,BICYCLE SAFTEY WALL ART,458,2371.94,0,0,3836
23535,WALL ART BICYCLE SAFETY,845,5954.1500000000005,1,5.95,3836
23535,WALL ART BICYCLE SAFTEY,21,114.14999999999999,0,0,3836
23536,VILLAGE SHOW WALL ART,386,2072.42,0,0,3836
23536,WALL ART VILLAGE SHOW,240,1369.71,4,23.8,3836
23537,I LOVE LONDON WALL ART,12,59.400000000000006,0,0,3836
23537,WALL ART I LOVE LONDON,99,521.73,0,0,3836
23538,WALL ART VINTAGE HEART,331,1329.54,0,0,3836
23539,"WALL ART , LOVES' SECRET",8,47.6,0,0,3836
23539,WALL ART LOVES' SECRET,239,1180.3500000000001,0,0,3836
23540,"WALL ART , THE MAGIC FOREST",2,13.9,0,0,3836
23540,WALL ART THE MAGIC FOREST,148,933.16,0,0,3836
23541,"WALL ART ,PUDDINGS",8,61.2,0,0,3836
23541,WALL ART CLASSIC PUDDINGS,864,6762.71,2,16.5,3836
23541,NA,20,0,0,0,3836
23542,70'S ALPHABET WALL ART,150,1043.1,0,0,3836
23542,WALL ART 70'S ALPHABET,356,2757.06,6,48.7,3836
23543,KEEP CALM WALL ART,269,2015.97,0,0,3836
23543,WALL ART KEEP CALM,967,4994.79,0,0,3836
23544,WALL ART MID CENTURY MODERN,164,1015.78,1,8.25,3836
23545,WRAP RED DOILEY,380,159.6,0,0,3836
23545,WRAP RED VINTAGE DOILY,2100,866,0,0,3836
23546,WRAP PAISLEY PARK,3250,1365,0,0,3836
23547,WRAP FLOWER SHOP,1575,661.5,0,0,3836
23548,WRAP MAGIC FOREST,1075,451.5,0,0,3836
23549,WRAP BIRD GARDEN,1305,548.1,0,0,3836
23550,WRAP ALPHABET POSTER,1855,763.1,0,0,3836
23551,PACK OF 12 PAISLEY PARK TISSUES,1840,839.8399999999999,0,0,3836
23552,BICYCLE PUNCTURE REPAIR KIT,1863,3881.91,0,0,3836
23553,LANDMARK FRAME CAMDEN TOWN,568,6444.65,0,0,3836
23554,LANDMARK FRAME OXFORD STREET,422,4805.53,0,0,3836
23555,LANDMARK FRAME NOTTING HILL,421,4780.57,0,0,3836
23556,LANDMARK FRAME COVENT GARDEN,436,4937.01,1,12.5,3836
23557,LANDMARK FRAME BAKER STREET,350,3930.27,0,0,3836
23558,LANDMARK FRAME LONDON BRIDGE,415,4703.87,0,0,3836
23559,WOODLAND BUNNIES LOLLY MAKERS,649,1482.41,0,0,3836
23560,SET OF 6 RIBBONS COUNTRY STYLE,172,499.18,0,0,3836
23561,SET OF 6 RIBBONS PARTY,170,476,0,0,3836
23562,SET OF 6 RIBBONS PERFECTLY PRETTY,251,724.59,0,0,3836
23564,EGG CUP MILKMAID INGRID,644,841.31,0,0,3836
23565,EGG CUP MILKMAID HELGA,410,586.31,5,6.25,3836
23566,EGG CUP MILKMAID HEIDI,881,1156.93,4,5,3836
23567,EGG CUP HENRIETTA HEN PINK,211,291.58,1,1.25,3836
23568,EGG CUP HENRIETTA HEN CREAM,630,787.52,1,1.25,3836
23569,TRADTIONAL ALPHABET STAMP SET,954,4717.66,2,9.9,3836
23570,TRADITIONAL PICK UP STICKS GAME,2772,4931.87,0,0,3836
23571,TRADITIONAL NAUGHTS & CROSSES,2841,6406.91,0,0,3836
23574,PACKING CHARGE,14,105,2,15,3836
23574,NA,100,0,0,0,3836
23575,SNACK TRAY PAISLEY PARK,179,367.34999999999997,0,0,3836
23576,SNACK TRAY RED VINTAGE DOILY,198,400.03999999999996,0,0,3836
23578,SNACK TRAY RED GINGHAM,60,125.72,0,0,3836
23579,SNACK TRAY I LOVE LONDON,169,358.75,0,0,3836
23579,Sale error,4,0,0,0,3836
23579,NA,4,0,0,0,3836
23580,SNACK TRAY HAPPY FOREST,116,234.92,0,0,3836
23581,JUMBO BAG PAISLEY PARK,5020,11581.83,122,224.76,3836
23582,VINTAGE DOILY JUMBO BAG RED,4802,10206.41,121,222.68,3836
23583,LUNCH BAG PAISLEY PARK,3385,5497.33,10,16.5,3836
23595,adjustment,5,0,0,0,3836
23597,PAPER BUNTING PAISLEY PARK,249,679.07,6,17.700000000000003,3836
23598,PAPER BUNTING VINTAGE PARTY,427,1215.5300000000002,0,0,3836
23601,SET 10 CARDS SNOWY SNOWDROPS  17100,8,19.92,0,0,3836
23602,SET 10 CARDS 3 WISE MEN 17107,1,2.91,0,0,3836
23603,SET 10 CARD KRAFT REINDEER 17084,20,49.800000000000004,0,0,3836
23604,SET 10 MINI SANTA & SNOWMAN  17087,4,6.64,0,0,3836
23605,SET 10 CARDS 12 DAYS OF XMAS 17059,4,11.64,0,0,3836
23607,SET 10 CARDS HATS & STOCKINGS 17081,8,13.28,0,0,3836
23608,SET 10 CARDS RUDOLPHS NOSE 17097,4,11.64,0,0,3836
23609,SET 10 CARDS SNOWY ROBIN 17099,1,2.91,0,0,3836
23610,SET 10 CARDS CHRISTMAS ROBIN 17095,3,6.24,0,0,3836
23611,SET 10 CARDS RED RIDING HOOD 17214,40,99.60000000000001,0,0,3836
23612,SET 10 MINICARDS CUTE SNOWMAN 17071,5,8.299999999999999,0,0,3836
23613,SET 10 XMAS CARDS & BADGES 17070,11,27.39,0,0,3836
23614,SET 10 CARDS 12 DAYS WRAP  17058,26,86.58,0,0,3836
23615,SET 10 CARDS PRINTED GRAPHIC 17219,4,9.96,0,0,3836
23616,SET 10 CARDS JINGLE BELLS 17217,8,19.92,0,0,3836
23617,SET 10 CARDS SWIRLY XMAS TREE 17104,2,5.82,0,0,3836
23619,SET 10 CARDS POINSETTIA 17093,4,9.96,0,0,3836
23620,SET 10 CARDS PERFECT POST 17090,10,24.900000000000002,0,0,3836
23621,SET 10 CARDS DAVID'S MADONNA 17074,6,14.940000000000001,0,0,3836
23623,SET 10 CARD CHRISTMAS WELCOME 17112,8,23.28,0,0,3836
23624,SET 10 CARD PERFECT NATIVITY 17089,4,9.96,0,0,3836
23625,SET 6 CARDS SPARKLY REINDEER 17262,9,44.910000000000004,0,0,3836
23626,SET 10 CARDS DINKY TREE 17076,43,107.07000000000001,0,0,3836
23627,SET 10 CARDS XMAS GRAPHIC  17218,7,17.43,0,0,3836
23628,SET 10 CARDS TRIANGLE ICONS  17220,1,2.91,0,0,3836
23629,SET 10 CARDS DRESSING UP 17077,24,59.760000000000005,0,0,3836
23630,SET 10 CARDS HANGING BAUBLES 17080,2,5.48,1,2.99,3836
23632,SET 10 CARDS CHEERFUL ROBIN 17065,15,31.200000000000003,0,0,3836
23633,SET 10 CARDS WORLD CHILDREN 17067,3,7.470000000000001,0,0,3836
23634,SET 10 CARDS XMAS CHOIR 17068,5,14.55,0,0,3836
23635,SET 10 CARDS CHRISTMAS HOLLY  17259,3,12.48,0,0,3836
23636,SET 10 CARDS WISHING TREE 17116,9,26.19,0,0,3836
23637,SET 10 CARDS OUT OF ORDER 17216,11,27.39,0,0,3836
23638,SET 10 CARDS ROBIN WATERPUMP  17096,2,5.82,0,0,3836
23639,SET 10 CARDS MAGICAL TREE 17086,4,13.32,0,0,3836
23640,SET 10 CARDS SCOTTIE DOG 17211,9,22.410000000000004,0,0,3836
23643,SET 10 CARDS CHRISTMAS BAUBLE 16954,1,3.33,0,0,3836
23644,SET 10 CARDS CHRISTMAS TREE 16955,5,16.65,0,0,3836
23645,SET 10 CHRISTMAS CARDS HOHOHO 16956,9,22.410000000000004,0,0,3836
23646,SET 10 CARDS JINGLE BELLS 16957,8,19.92,0,0,3836
23649,SET 10 CARDS DECK THE HALLS 16960,2,4.98,0,0,3836
23650,SET 10 CARDS FILIGREE BAUBLE 16961,4,9.96,0,0,3836
23652,SET 10 CARD CHRISTMAS STAMPS 16963,2,5.82,0,0,3836
23654,SET 10 CARD SNOWMAN 16965,5,12.450000000000001,0,0,3836
23660,HENRIETTA HEN MUG,306,534.66,16,26.4,3836
23661,MILK MAIDS MUG,219,393.59,20,32.99999999999999,3836
23664,FLOWER SHOP DESIGN MUG,1,1.65,0,0,3836
23681,LUNCH BAG RED VINTAGE DOILY,1576,2525.04,0,0,3836
23691,KEEP CALM BIRTHDAY WRAP,50,21,0,0,3836
23691,WRAP KEEP CALM BIRTHDAY,1125,460.5,0,0,3836
23692,WRAP A PRETTY THANK YOU,50,21,0,0,3836
23694,PAISLEY PARK CARD,376,165.07999999999998,0,0,3836
23695,DOILY THANK YOU CARD,741,313.24,0,0,3836
23697,A PRETTY THANK YOU CARD,456,194.57999999999998,0,0,3836
23702,High Resolution Image,4,27,0,0,3836
23702,NA,100,0,0,0,3836
23843,"PAPER CRAFT , LITTLE BIRDIE",80995,168469.6,80995,168469.6,3836
35001G,HAND OPEN SHAPE GOLD,198,677.34,0,0,3836
35001W,HAND OPEN SHAPE DECO.WHITE,92,270.02000000000004,1,3.49,3836
35004B,SET OF 3 BLACK FLYING DUCKS,577,2934.8100000000004,30,136.8,3836
35004C,SET OF 3 COLOURED  FLYING DUCKS,394,1888.1000000000001,36,170.6,3836
35004G,SET OF 3 GOLD FLYING DUCKS,127,454.65,2,3.9,3836
35004P,SET OF 3 PINK FLYING DUCKS,1,5.45,0,0,3836
35004P,NA,1,0,0,0,3836
35095A,BLUE VICTORIAN FABRIC OVAL BOX,925,388.57,0,0,3836
35095B,RED VICTORIAN FABRIC OVAL BOX,862,352.25,0,0,3836
35241,ENAMEL BLUE RIM BISCUIT BIN,103,530.49,0,0,3836
35265,COLOURFUL FLOWER FRUIT BOWL,17,52.2,0,0,3836
35271S,GOLD PRINT PAPER BAG,19,3.6100000000000003,0,0,3836
35400,WOODEN BOX ADVENT CALENDAR,10,89.5,16,135.2,3836
35400,NA,8,0,0,0,3836
35443,RASTA IN BATH W SPLIFF ASHTRAY,8,6.8,0,0,3836
35471D,SET OF 3 BIRD LIGHT PINK FEATHER,1848,979.11,2,2.5,3836
35591T,TURQUOISE CHRISTMAS TREE,5,6.25,0,0,3836
35592T,NA,4,0,0,0,3836
35597A,DUSTY PINK CHRISTMAS TREE 30CM,1,1.25,0,0,3836
35597B,BLACKCHRISTMAS TREE 30CM,1,1.25,0,0,3836
35597D,PINK/WHITE CHRISTMAS TREE 30CM,46,17.48,0,0,3836
35597D,NA,2,0,0,0,3836
35598A,DUSTY PINK CHRISTMAS TREE 60CM,9,26.550000000000004,0,0,3836
35598A,NA,8,0,0,0,3836
35598B,BLACK CHRISTMAS TREE 60CM,558,460.64000000000004,0,0,3836
35598C,WHITE CHRISTMAS TREE 60CM,2,5.9,0,0,3836
35598C,found,3,0,0,0,3836
35598D,PINK/WHITE CHRISTMAS TREE 60CM,684,493.01000000000005,1,0.65,3836
35599B,BLACK CHRISTMAS TREE 120CM,217,551.13,0,0,3836
35599D,PINK AND WHITE CHRISTMAS TREE 120CM,201,553.07,0,0,3836
35600A,Found by jackie,1,0,0,0,3836
35607A,PINK FLUFFY CHRISTMAS DECORATION,26,7.82,0,0,3836
35607A,NA,1,0,0,0,3836
35607B,BLACK FEATHER CHRISTMAS DECORATION,96,18.240000000000002,0,0,3836
35609A,PINK FEATHER CHRISTMAS DECORATION,1,2.51,0,0,3836
35610A,PINK CHRISTMAS FLOCK DROPLET,10,15.02,0,0,3836
35610B,BLACK CHRISTMAS FLOCK DROPLET,24,30,0,0,3836
35610C,WHITE CHRISTMAS FLOCK DROPLET,25,32.51,0,0,3836
35637A,IVORY STRING CURTAIN WITH POLE,170,440.62,0,0,3836
35637C,PINK STRING CURTAIN WITH POLE,30,100.86,0,0,3836
35638A,PINK AND BLACK STRING CURTAIN,38,82.1,0,0,3836
35638B,PINK/BLUE STRING CURTAIN,57,128.32999999999998,0,0,3836
35645,VINTAGE BEAD PINK JEWEL BOX,4,17,0,0,3836
35645,NA,21,0,0,0,3836
35646,VINTAGE BEAD PINK EVENING BAG,619,937.25,0,0,3836
35647,VINTAGE BEAD PINK SHADE,13,16.25,0,0,3836
35648,VINTAGE BEAD PINK PURSE,979,1066.6599999999999,25,20.749999999999996,3836
35649,VINTAGE BEAD COSMETIC BAG,57,156.85,0,0,3836
35650,VINTAGE BEAD PINK JEWEL STAND,1,4.95,0,0,3836
35651,VINTAGE BEAD PINK SCARF,451,985.8399999999999,12,19.799999999999997,3836
35653,VINTAGE BEAD NOTEBOOK,150,433.19,0,0,3836
35653,NA,33,0,0,0,3836
35809A,ENAMEL PINK TEA CONTAINER,420,488.06,0,0,3836
35809B,ENAMEL BLUE RIM TEA CONTAINER,8,9.18,0,0,3836
35809B,NA,12,0,0,0,3836
35809a,ENAMEL PINK TEA CONTAINER,9,37.33,0,0,3836
35810A,ENAMEL PINK COFFEE CONTAINER,633,640.0899999999999,0,0,3836
35810B,ENAMEL BLUE RIM COFFEE CONTAINER,152,174.09,13,10.79,3836
35810B,NA,12,0,0,0,3836
35815P,"ACRYLIC JEWEL SNOWFLAKE, PINK",162,63.28000000000001,0,0,3836
35815P,NA,40,0,0,0,3836
35816P,"ACRYLIC JEWEL ANGEL,PINK",78,29.64,0,0,3836
35817P,"ACRYLIC JEWEL SNOWFLAKE,PINK",6,15.299999999999999,0,0,3836
35817P,PINK ACRYLIC JEWEL SNOWFLAKE,12,4.5600000000000005,0,0,3836
35818B,"ACRYLIC JEWEL ICICLE, BLUE",31,11.780000000000001,0,0,3836
35818P,"ACRYLIC JEWEL ICICLE, PINK",263,105.83,0,0,3836
35819B,"ACRYLIC HANGING JEWEL,BLUE",268,106.05,0,0,3836
35819B,check,18,0,0,0,3836
35819B,NA,77,0,0,0,3836
35819P,"ACRYLIC HANGING JEWEL,PINK",95,66.55,0,0,3836
35819P,NA,108,0,0,0,3836
35833G,4 GOLD FLOCK CHRISTMAS BALLS,2,6.72,0,0,3836
35833P,4 PINK FLOCK CHRISTMAS BALLS,49,88.47,0,0,3836
35909A,RABBIT EASTER DECORATION,8,23.6,0,0,3836
35909B,PINK FLOWERS RABBIT EASTER,8,23.6,0,0,3836
35910A,MULTICOLOUR EASTER RABBIT,20,39,0,0,3836
35910B,PINK FLOWERS RABBIT EASTER,13,25.349999999999998,0,0,3836
35911A,MULTICOLOUR RABBIT EGG WARMER,319,292.07,0,0,3836
35911A,NA,20,0,0,0,3836
35911B,PINK/FLOWER RABBIT EGG WARMER,119,100.76,0,0,3836
35912B,WHITE/PINK CHICK DECORATION,252,301.26,0,0,3836
35913B,WHITE/PINK CHICK EASTER DECORATION,36,35.48,0,0,3836
35914,PINK CHICK EGG WARMER + EGG CUP,195,218.81,0,0,3836
35914,NA,14,0,0,0,3836
35915B,BLUE KNITTED HEN,220,257.21999999999997,0,0,3836
35915C,PEACH KNITTED HEN,315,316.46,0,0,3836
35915C,NA,30,0,0,0,3836
35916A,YELLOW FELT HANGING HEART W FLOWER,87,67.39,0,0,3836
35916B,BLUE FELT HANGING HEART W FLOWER,16,26.11,0,0,3836
35916B,BLUE FELT HANGING HEART WITH FLOWER,75,50.57,0,0,3836
35916C,PINK FELT HANGING HEART W FLOWER,106,107.72,0,0,3836
35920,FOUR RABBIT EASTER DECORATIONS,72,104.84,0,0,3836
35921,EASTER BUNNY HANGING GARLAND,68,133.23,1,1.25,3836
35922,EASTER BUNNY WREATH,28,138.6,0,0,3836
35923,CANDY HEART HANGING DECORATION,1318,690.52,1,0.39,3836
35924,HANGING FAIRY CAKE DECORATION,820,1484.3,179,302.51,3836
35933,PINK STOCKING CHRISTMAS DECORATION,226,92.21,0,0,3836
35933,NA,10,0,0,0,3836
35951,NA,57,0,0,0,3836
35953,FOLKART STAR CHRISTMAS DECORATIONS,3581,1633.6699999999998,24,30,3836
35954,SMALL FOLKART STAR CHRISTMAS DEC,1245,350.48,0,0,3836
35954,check,24,0,0,0,3836
35957,SMALLFOLKART BAUBLE CHRISTMAS DEC,688,361.81,96,18.240000000000002,3836
35957,NA,35,0,0,0,3836
35958,FOLKART ZINC STAR CHRISTMAS DEC,12,10.2,0,0,3836
35958,NA,12,0,0,0,3836
35961,FOLKART ZINC HEART CHRISTMAS DEC,2986,2629.81,1,0.85,3836
35964,FOLKART CLIP ON STARS,783,404.08,0,0,3836
35965,FOLKART HEART NAPKIN RINGS,366,551.13,24,18.96,3836
35965,dotcom,26,0,0,0,3836
35965,found,6,0,0,0,3836
35965,NA,63,0,0,0,3836
35966,FOLKART CHRISTMAS TREE T-LIGHT HOLD,27,10.260000000000002,0,0,3836
35966,NA,15,0,0,0,3836
35967,FOLK ART METAL STAR T-LIGHT HOLDER,485,252.33,0,0,3836
35968,FOLK ART METAL HEART T-LIGHT HOLDER,163,82.1,0,0,3836
35968,Found,63,0,0,0,3836
35968,check,9,0,0,0,3836
35970,ZINC FOLKART SLEIGH BELLS,5050,9512.73,73,121.17,3836
35971,ROSE FOLKART HEART DECORATIONS,462,600.93,17,21.25,3836
35972,DAISY FOLKART HEART DECORATION,96,120,0,0,3836
37327,ASSTD MULTICOLOUR CIRCLES MUG,1579,840.08,4,1.56,3836
37327,adjustment,3,0,0,0,3836
37327,NA,2,0,0,0,3836
37330,BIG POLKADOT MUG,6,2.34,0,0,3836
37333,"RETRO ""TEA FOR ONE""",25,120.99,0,0,3836
37340,MULTICOLOUR SPRING FLOWER MUG,2544,1695.86,3,1.17,3836
37342,POLKADOT COFFEE CUP & SAUCER PINK,1570,1489.01,56,45.68,3836
37342,NA,1,0,0,0,3836
37343,POLKADOT MUG PINK,72,123.29999999999998,0,0,3836
37351,ORANGE FLOWER MUG,10,9.06,0,0,3836
37370,RETRO COFFEE MUGS ASSORTED,2567,3839.01,23,27.8,3836
37370,NA,18,0,0,0,3836
37379A,PINK CHERRY BLOSSOM CUP & SAUCER,6,7.5,0,0,3836
37413,ICON MUG REVOLUTIONARY,703,284.49,0,0,3836
37413,NA,5568,0,0,0,3836
37423,WHITE WITH BLACK CATS PLATE,78,33.18,0,0,3836
37444A,YELLOW BREAKFAST CUP AND SAUCER,53,66.35000000000001,0,0,3836
37444A,NA,6,0,0,0,3836
37444B,BLUE BREAKFAST CUP AND SAUCER,4,11.8,0,0,3836
37444B,NA,1,0,0,0,3836
37444C,PINK BREAKFAST CUP AND SAUCER,21,42.27,0,0,3836
37444C,NA,5,0,0,0,3836
37446,MINI CAKE STAND WITH HANGING CAKES,1354,1976.09,69,88.85,3836
37447,CERAMIC CAKE DESIGN SPOTTED PLATE,820,1313.28,17,23.89,3836
37448,CERAMIC CAKE DESIGN SPOTTED MUG,1451,2206.63,45,67.05,3836
37449,CERAMIC CAKE STAND + HANGING CAKES,563,5117.29,50,446.7,3836
37450,CERAMIC CAKE BOWL + HANGING CAKES,714,2117.54,36,96.2,3836
37461,FUNKY MONKEY MUG,1,1.25,0,0,3836
37461,NA,4,0,0,0,3836
37462E,"PET MUG, GOLDFISH",36,13.1,0,0,3836
37464,ROBOT MUG IN DISPLAY BOX,3,3.75,0,0,3836
37467,PIG MUG IN TWO COLOUR DESIGNS,159,130.26999999999998,0,0,3836
37467,NA,151,0,0,0,3836
37468,HARDMAN MUG 3 ASSORTED,64,32.03,0,0,3836
37468,NA,67,0,0,0,3836
37471,MULTICOLOUR POLKADOT PLATE,29,30.43,0,0,3836
37474,SET/4 2 TONE EGG SHAPE MIXING BOWLS,1,9.95,0,0,3836
37474,NA,1,0,0,0,3836
37475,SET/4 COLOURFUL MIXING BOWLS,70,661.9799999999999,0,0,3836
37476,CONDIMENT TRAY 4 BOWLS AND 4 SPOONS,37,399.02,0,0,3836
37479B,CUBIC MUG FLOCK BLUE ON BROWN,131,78.09,0,0,3836
37479B,NA,9,0,0,0,3836
37479P,CUBIC MUG FLOCK PINK ON BROWN,163,142.23,0,0,3836
37482P,CUBIC MUG PINK POLKADOT,494,349.35,0,0,3836
37487B,YELLOW/ORANGE FLOWER DESIGN PLATE,68,19.72,0,0,3836
37488A,YELLOW PINK FLOWER DESIGN BIG BOWL,28,10.92,0,0,3836
37489A,YELLOW/PINK FLOWER DESIGN BIG MUG,33,14.43,0,0,3836
37489A,NA,2,0,0,0,3836
37489B,BLUE/YELLOW FLOWER DESIGN BIG MUG,31,16.77,0,0,3836
37489C,GREEN/BLUE FLOWER DESIGN BIG MUG,23,13.65,0,0,3836
37489D,PINK/GREEN FLOWER DESIGN BIG MUG,40,17.16,0,0,3836
37491A,YELLOW/PINK CERAMIC CANDLE HOLDER,6,19.81,0,0,3836
37491B,BLUE/YELLOW CERAMIC CANDLE HOLDER,4,6.6,0,0,3836
37491C,GREEN/BLUE CERAMIC CANDLE HOLDER,8,13.2,0,0,3836
37491D,PURPLE/BLUE CERAMIC CANDLE HOLDER,4,9.879999999999999,0,0,3836
37495,FAIRY CAKE BIRTHDAY CANDLE SET,440,1622.24,49,183.75,3836
37500,TEA TIME TEAPOT IN GIFT BOX,380,2360.68,3,24.849999999999998,3836
37501,TEA TIME TEA SET IN GIFT BOX,133,906.83,2,13.9,3836
37501,NA,1,0,0,0,3836
37509,NEW ENGLAND MUG W GIFT BOX,2,5.1,0,0,3836
37509,NA,3,0,0,0,3836
40001,WHITE BAMBOO RIBS LAMPSHADE,821,675.2299999999999,19,12.16,3836
40003,WHITE BAMBOO RIBS LAMPSHADE,155,179.23,0,0,3836
40005B,BLUE ORGANDY ROUND LAMPSHADE W BEA,12,10.2,0,0,3836
40016,CHINESE DRAGON PAPER LANTERNS,5556,2136.34,0,0,3836
40046A,RED DAISY PAPER LAMPSHADE,50,62.5,0,0,3836
40046A,NA,20,0,0,0,3836
44089A,PINK GAUZE BUTTERFLY LAMPSHADE,15,6.3,0,0,3836
44089C,LILAC GAUZE BUTTERFLY LAMPSHADE,24,10.08,0,0,3836
44091A,BLUE CRUSOE CHECK LAMPSHADE,9,3.78,0,0,3836
44092B,BLUE WHITE PLASTIC RINGS LAMPSHADE,14,11.899999999999999,0,0,3836
44092C,PURPLE/COPPER HANGING LAMPSHADE,20,17,0,0,3836
44228,CANNABIS LEAF BEAD CURTAIN,36,30.599999999999998,0,0,3836
44234,ASSORTED CIRCULAR MOBILE,693,154.76999999999998,2,0.42,3836
44235,ASS COL CIRCLE MOBILE,474,173.15999999999997,0,0,3836
44235,ASSORTED COLOURED CIRCLE MOBILE,64,26.88,0,0,3836
44236,PINK/PURPLE CIRCLE CURTAIN,52,56.52,0,0,3836
44242A,LILAC FEATHERS CURTAIN,12,9.48,0,0,3836
44242B,PINK FEATHERS CURTAIN,52,50.28,0,0,3836
44265,M/COLOUR POM-POM CURTAIN,2,8.5,0,0,3836
44265,NA,3,0,0,0,3836
45013,FOLDING SHOE TIDY,3,8.850000000000001,0,0,3836
46000M,POLYESTER FILLER PAD 45x45cm,1701,1582.55,1,1.55,3836
46000P,POLYESTER FILLER PAD 65CMx65CM,18,76.5,0,0,3836
46000R,POLYESTER FILLER PAD 45x30cm,103,149.35,0,0,3836
46000S,POLYESTER FILLER PAD 40x40cm,2626,2256.2,44,63.8,3836
46000U,POLYESTER FILLER PAD 30CMx30CM,107,133.75,0,0,3836
46000U,check,10,0,0,0,3836
46115B,GREEN POP ART MAO CUSHION COVER,12,2.2800000000000002,0,0,3836
46118,FUNKY MONKEY CUSHION COVER,232,317.16999999999996,0,0,3836
46126A,ELVIS WALLHANGING / CURTAIN,52,69.84,0,0,3836
46138B,BLUE CHENILLE SHAGGY CUSHION COVER,43,43.15,13,11.05,3836
46775D,SUNSET COLOUR CHUNKY KNITTED THROW,60,720.93,0,0,3836
46775D,NA,6,0,0,0,3836
46776A,WOVEN BUBBLE GUM CUSHION COVER,155,651.95,0,0,3836
46776B,WOVEN BERRIES CUSHION COVER,161,679.67,0,0,3836
46776C,WOVEN FROST CUSHION COVER,117,492.79,0,0,3836
46776D,WOVEN SUNSET CUSHION COVER,89,378.29,0,0,3836
46776E,WOVEN CANDY CUSHION COVER,67,288.43,0,0,3836
46776F,WOVEN ROSE GARDEN CUSHION COVER,210,883.12,0,0,3836
46776a,WOVEN BUBBLE GUM CUSHION COVER,5,20.65,0,0,3836
46776b,WOVEN BERRIES CUSHION COVER,1,4.13,0,0,3836
46776e,WOVEN CANDY CUSHION COVER,1,4.13,0,0,3836
46776f,WOVEN ROSE GARDEN CUSHION COVER,7,28.91,0,0,3836
47013A,WINE BOTTLE DRESSING LT.BLUE,14,3.0399999999999996,0,0,3836
47013C,WINE BOTTLE DRESSING DARK BLUE,52,12.969999999999999,12,1.44,3836
47013C,NA,4,0,0,0,3836
47016,LIGHT DECORATION BATTERY OPERATED,2,4.2,0,0,3836
47021G,SET/6 BEAD COASTERS GAUZE BAG GOLD,582,309.3,0,0,3836
47021G,NA,288,0,0,0,3836
47310M,SMALL POP BOX FUNKY MONKEY,258,353.98,0,0,3836
47310M,"SMALL POP BOX,FUNKY MONKEY",152,216.47,0,0,3836
47341A,FUSCHIA TABLE RUN FLOWER,27,38.75,0,0,3836
47341B,BLUE TABLE RUN FLOWER,45,56.25,0,0,3836
47343A,FUSCHIA FLOWER PURSE WITH BEADS,159,145.17,0,0,3836
47344B,BLUE FLOWER DES PURSE,44,43.66,0,0,3836
47348A,FUSCHIA VOILE POINTY SHOE DEC,97,50.309999999999995,0,0,3836
47351B,BLUE  VOILE LAMPSHADE,86,234.5,48,122.39999999999999,3836
47367B,PAIR PADDED HANGERS PINK CHECK,112,376.27000000000004,0,0,3836
47369A,PINK GREEN EMBROIDERY COSMETIC BAG,33,93.19,0,0,3836
47369B,BLUE GREEN EMBROIDERY COSMETIC BAG,35,97.13,0,0,3836
47420,ASSORTED COLOUR SUCTION CUP HOOK,196,37.24,0,0,3836
47421,ASSORTED COLOUR LIZARD SUCTION HOOK,994,393,0,0,3836
47422,ASSORTED MONKEY SUCTION CUP HOOK,617,246.18,1,0.42,3836
47469,ASSORTED SHAPES PHOTO CLIP SILVER,469,238.60999999999999,24,15.600000000000001,3836
47471,RAINBOW PEGS PHOTO CLIP STRING,290,189.88,0,0,3836
47480,HANGING PHOTO CLIP ROPE LADDER,746,1274.1699999999998,0,0,3836
47481,50CM METAL STRING WITH  7 CLIPS,225,171.79,0,0,3836
47503A,ASS FLORAL PRINT MULTI SCREWDRIVER,2734,1254.1200000000001,36,25.08,3836
47503A,check,121,0,0,0,3836
47503H,ASS FLORAL PRINT SPIRIT LEVEL,100,110.86,0,0,3836
47503H,found,66,0,0,0,3836
47503J,SET/3 FLORAL GARDEN TOOLS IN BAG,3,23.85,0,0,3836
47504H,ENGLISH ROSE SPIRIT LEVEL,978,964.38,4,5,3836
47504K,ENGLISH ROSE GARDEN SECATEURS,2018,2048.66,12,9.48,3836
47504K,NA,72,0,0,0,3836
47518F,ICON PLACEMAT POP ART ELVIS,827,113.64,0,0,3836
47518f,ICON PLACEMAT POP ART ELVIS,5,20.73,0,0,3836
47556B,TEA TIME TEA TOWELS,2600,6045,0,0,3836
47556B,did  a credit  and did not tick ret,1300,0,0,0,3836
47559B,TEA TIME OVEN GLOVE,2077,2584.9,30,37.5,3836
47559b,TEA TIME OVEN GLOVE,103,342.65,0,0,3836
47563A,RETRO LONGBOARD IRONING BOARD COVER,285,551.51,4,5,3836
47566,PARTY BUNTING,18287,99445.23,277,1201.3500000000001,3836
47566B,TEA TIME PARTY BUNTING,2379,11275.27,1424,3692.9499999999994,3836
47566B,incorrectly credited C550456 see 47,1300,0,0,0,3836
47566b,TEA TIME PARTY BUNTING,199,1651.1499999999999,0,0,3836
47567B,TEA TIME KITCHEN APRON,602,3414.5000000000005,8,46.300000000000004,3836
47570B,TEA TIME TABLE CLOTH,185,1727.23,0,0,3836
47570B,NA,1,0,0,0,3836
47570b,TEA TIME TABLE CLOTH,2,42.019999999999996,0,0,3836
47574A,ENGLISH ROSE SCENTED HANGING FLOWER,548,665.2,2,1.5,3836
47574B,ENGLISH ROSE SCENTED HANGING HEART,4,17,0,0,3836
47578A,ENGLISH ROSE SMALL SCENTED FLOWER,213,197.43,0,0,3836
47579,TEA TIME BREAKFAST BASKET,1,2.1,0,0,3836
47580,TEA TIME DES TEA COSY,388,1116.72,12,30.599999999999998,3836
47585A,PINK FAIRY CAKE CUSHION COVER,264,1129.44,0,0,3836
47586A,PINK FAIRY CAKE CUSHION COVER,21,53.55,0,0,3836
47589,CONGRATULATIONS BUNTING,13,70.85000000000001,0,0,3836
47589,NA,2,0,0,0,3836
47590A,BLUE HAPPY BIRTHDAY BUNTING,1990,10491.75,24,114.8,3836
47590B,PINK HAPPY BIRTHDAY BUNTING,2323,12050.12,26,124.10000000000001,3836
47590b,PINK HAPPY BIRTHDAY BUNTING,12,129.48,0,0,3836
47591B,SCOTTIES CHILDRENS APRON,209,344.78999999999996,0,0,3836
47591B,NA,2,0,0,0,3836
47591D,PINK FAIRY CAKE CHILDRENS APRON,3207,6052.45,2,3.9,3836
47591b,SCOTTIES CHILDRENS APRON,1,4.13,0,0,3836
47591d,PINK FAIRY CAKE CHILDRENS APRON,134,672.24,0,0,3836
47593A,CAROUSEL PONIES BABY BIB,33,14.37,0,0,3836
47593A,found,13,0,0,0,3836
47593A,NA,2,0,0,0,3836
47593B,SCOTTIE DOGS BABY BIB,1987,946.13,0,0,3836
47593b,SCOTTIE DOGS BABY BIB,6,4.9799999999999995,0,0,3836
47594A,CAROUSEL DESIGN WASHBAG,108,199.84,9,17.55,3836
47594B,SCOTTIES DESIGN WASHBAG,170,314.54999999999995,4,7.8,3836
47599A,PINK PARTY BAGS,2456,4649.5,6,12.600000000000001,3836
47599B,BLUE PARTY BAGS,1480,2822.32,52,109.2,3836
48111,DOORMAT 3 SMILEY CATS,1173,7708.48,2,15.9,3836
48116,DOORMAT MULTICOLOUR STRIPE,1491,9080.68,3,24.15,3836
48116,NA,8,0,0,0,3836
48129,DOORMAT TOPIARY,904,6009.84,23,159.15,3836
48138,DOORMAT UNION FLAG,3751,25534.15,12,97.5,3836
48173C,DOORMAT BLACK FLOCK,1799,10000.66,5,40.95,3836
48173c,DOORMAT BLACK FLOCK,15,252.95,0,0,3836
48184,DOORMAT ENGLISH ROSE,2044,14300.15,6,47.7,3836
48185,DOORMAT FAIRY CAKE,3615,23872.91,674,4554.9,3836
48187,DOORMAT NEW ENGLAND,3807,24108.39,4,31.8,3836
48188,DOORMAT WELCOME PUPPIES,2064,12107.02,5,40.05,3836
48189,DOORMAT FRIENDSHIP,27,451.10999999999996,0,0,3836
48189,adjustment,2,0,0,0,3836
48194,DOORMAT HEARTS,3418,22114.420000000002,3,23.85,3836
51008,AFGHAN SLIPPER SOCK PAIR,519,1690.55,2,6.9,3836
51014A,"FEATHER PEN,HOT PINK",3842,2000.06,72,61.199999999999996,3836
51014C,"FEATHER PEN,COAL BLACK",2687,1405.73,110,42.9,3836
51014L,"FEATHER PEN,LIGHT PINK",2059,1069.1399999999999,84,65.88,3836
51014c,"FEATHER PEN,COAL BLACK",1,0.83,0,0,3836
51020A,SUMMER FUN DESIGN SHOWER CAP,325,116.32999999999998,2,0.58,3836
51020A,adjustment,41,0,0,0,3836
51020B,STRIPY DESIGN SHOWER CAP,197,70.57,1,0.29,3836
62018,SOMBRERO,4415,5716.85,0,0,3836
62043B,BLUE CHECK BAG W HANDLE 34X20CM,17,14.11,1,0.83,3836
62043B,NA,7,0,0,0,3836
62074B,ELEPHANT CLIP W SUCTION CUP,16,6.72,0,0,3836
62086A,PINK RETRO BIG FLOWER BAG,88,171.6,0,0,3836
62094B,TURQ ICE CREAM BUM BAG,19,63.209999999999994,0,0,3836
62095B,NA,2,0,0,0,3836
62096A,PINK/YELLOW FLOWERS HANDBAG,106,132.5,0,0,3836
62096B,PURPLE/TURQ FLOWERS HANDBAG,2,2.5,0,0,3836
62097B,BLUE STRIPES SHOULDER BAG,9,7.469999999999999,0,0,3836
70006,LOVE HEART POCKET WARMER,2702,1863.98,0,0,3836
70007,HI TEC ALPINE HAND WARMER,841,956.36,12,19.799999999999997,3836
71038,WHITE HANGING BEADS CANDLE HOLDER,238,1239.5,5,27.25,3836
71038,NA,167,0,0,0,3836
71050,SMALL SINGLE FLAME CANDLE HOLDER,33,11.549999999999999,0,0,3836
71053,WHITE METAL LANTERN,1875,8037.7699999999995,39,139.77,3836
71053,WHITE MOROCCAN METAL LANTERN,69,381.54999999999995,0,0,3836
71101E,STANDING FAIRY POLE SUPPORT,346,278.5,0,0,3836
71143,ANTIQUE SILVER BOOK MARK WITH BEADS,17,14.11,0,0,3836
71143,SILVER BOOK MARK WITH BEADS,161,182.25,0,0,3836
71215,METAL BASE FOR CANDLES,11,4.62,0,0,3836
71270,PHOTO CLIP LINE,236,334.98,0,0,3836
71279,PINK GLASS CANDLEHOLDER,175,558.37,5,14.75,3836
71403,"PINK/WHITE ""KEEP CLEAN"" BULLET BIN",76,283.96000000000004,0,0,3836
71406C,BLACK ORANGE SQUEEZER,138,57.96,0,0,3836
71459,HANGING JAM JAR T-LIGHT HOLDER,10792,8560.84,126,103.33,3836
71459,HANGING JAM JAR T-LIGHT HOLDERS,2813,2298.0499999999997,3,2.55,3836
71477,COLOUR GLASS. STAR T-LIGHT HOLDER,5736,17069.7,1174,3246.16,3836
71477,COLOURED GLASS STAR T-LIGHT HOLDER,1012,3580.96,54,197.46,3836
71477,NA,14,0,0,0,3836
71495A,CD WALL TIDY BLUE OFFICE,103,40.38,0,0,3836
71495B,CD WALL TIDY RED FLOWERS,163,61.050000000000004,0,0,3836
71496A,A4 WALL TIDY BLUE OFFICE,127,80.96000000000001,0,0,3836
71496B,A4 WALL TIDY RED FLOWERS,13,7.37,0,0,3836
71510,SQUARE METAL CANDLEHOLDER BASE,52,36.519999999999996,0,0,3836
72024U,LILAC VOTIVE CANDLE,72,15.120000000000001,0,0,3836
72051S,BAG OF SILVER STONES,130,89.53,0,0,3836
72122,COFFEE SCENT PILLAR CANDLE,324,335.78999999999996,0,0,3836
72127,COLUMBIAN CANDLE ROUND,169,210.61,0,0,3836
72127,found box,24,0,0,0,3836
72128,COLUMBIAN CANDLE ROUND,193,152.04999999999998,0,0,3836
72130,COLUMBIAN CANDLE ROUND,219,133.34,0,0,3836
72131,COLUMBIAN CANDLE RECTANGLE,136,236.39999999999998,0,0,3836
72132,COLUMBIAN CUBE CANDLE,28,54.599999999999994,0,0,3836
72133,COLUMBIAN CANDLE RECTANGLE,45,63.51,0,0,3836
72134,COLUMBIAN  CUBE CANDLE,105,58.62,0,0,3836
72140E,BEST DAD CANDLE LETTERS,31,26.349999999999998,1,0.85,3836
72225C,LAVENDER SCENT CAKE CANDLE,624,165.6,0,0,3836
72232,FENG SHUI PILLAR CANDLE,3317,630.23,0,0,3836
72349B,SET/6 PURPLE BUTTERFLY T-LIGHTS,729,1486.69,0,0,3836
72349b,SET/6 PURPLE BUTTERFLY T-LIGHTS,159,658.51,0,0,3836
72351A,SET/6 TURQUOISE BUTTERFLY T-LIGHTS,1264,2498.75,0,0,3836
72351B,SET/6 PINK  BUTTERFLY T-LIGHTS,2096,4007.85,3,6.300000000000001,3836
72351a,SET/6 TURQUOISE BUTTERFLY T-LIGHTS,15,62.269999999999996,0,0,3836
72369A,PINK CLEAR GLASS CANDLE PLATE,30,39.92,0,0,3836
72586,SET OF 6 HALLOWEEN GHOST T-LIGHTS,691,317.83,36,15.12,3836
72598,SET/12 TAPER CANDLES,607,605.89,0,0,3836
72709,IVORY SCULPTED RND CANDLE,44,37.4,0,0,3836
72709,NA,52,0,0,0,3836
72741,GRAND CHOCOLATECANDLE,5958,8196,25,36.25,3836
72760B,VINTAGE CREAM 3 BASKET CAKE STAND,409,4145.389999999999,2,14.6,3836
72780,BLACK SILOUETTE CANDLE PLATE,137,116.44999999999999,0,0,3836
72783,BLACK SIL'T SQU CANDLE PLATE,16,33.6,0,0,3836
72798C,SET/4 GARDEN ROSE DINNER CANDLE,7,11.549999999999999,0,0,3836
72799C,PINK PILLAR CANDLE SILVER FLOCK,81,129.47,0,0,3836
72799E,IVORY PILLAR CANDLE SILVER FLOCK,451,916.9900000000001,6,17.700000000000003,3836
72799F,IVORY PILLAR CANDLE GOLD FLOCK,144,421.13000000000005,0,0,3836
72800B,4 PURPLE FLOCK DINNER CANDLES,142,285.7,0,0,3836
72800C,4 PINK DINNER CANDLE SILVER FLOCK,130,259.71999999999997,0,0,3836
72800D,4 BLUE DINNER CANDLES SILVER FLOCK,87,226.67,0,0,3836
72800D,NA,3,0,0,0,3836
72800E,4 IVORY DINNER CANDLES SILVER FLOCK,538,1205.64,0,0,3836
72801C,4 ROSE PINK DINNER CANDLES,145,180.65,0,0,3836
72801D,4 SKY BLUE DINNER CANDLES,75,113.21,0,0,3836
72801G,4 BURGUNDY WINE DINNER CANDLES,45,57.46,0,0,3836
72801G,NA,47,0,0,0,3836
72801c,4 ROSE PINK DINNER CANDLES,39,95.94,0,0,3836
72801d,4 SKY BLUE DINNER CANDLES,75,184.7,0,0,3836
72802A,Had been put aside.,54,0,0,0,3836
72802A,ROSE SCENT CANDLE IN JEWELLED BOX,323,1329.91,4,16.12,3836
72802B,OCEAN SCENT CANDLE IN JEWELLED BOX,1028,1993.48,454,662.24,3836
72802C,VANILLA SCENT CANDLE JEWELLED BOX,1395,2688.19,505,579.81,3836
72802C,NA,1,0,0,0,3836
72802a,ROSE SCENT CANDLE IN JEWELLED BOX,7,58.029999999999994,0,0,3836
72802c,VANILLA SCENT CANDLE JEWELLED BOX,1,8.29,0,0,3836
72803A,?,117,0,0,0,3836
72803A,ROSE SCENT CANDLE JEWELLED DRAWER,529,722.47,2,8.5,3836
72803B,NA,1,0,0,0,3836
72803b,OCEAN SCENT CANDLE JEWELLED DRAWER,1,8.47,0,0,3836
72807A,AMAZON,1,0,0,0,3836
72807A,SET/3 ROSE CANDLE IN JEWELLED BOX,393,1845.57,9,38.25,3836
72807B,SET/3 OCEAN SCENT CANDLE JEWEL BOX,395,1822.21,3,12.75,3836
72807C,SET/3 VANILLA SCENTED CANDLE IN BOX,721,3145.05,134,516.7,3836
72807a,SET/3 ROSE CANDLE IN JEWELLED BOX,8,66.32,0,0,3836
72807b,SET/3 OCEAN SCENT CANDLE JEWEL BOX,4,33.16,0,0,3836
72807c,SET/3 VANILLA SCENTED CANDLE IN BOX,5,41.449999999999996,0,0,3836
72811,SMALL ZINC/GLASS CANDLEHOLDER,53,78.92999999999999,0,0,3836
72812,LARGE ZINC GLASS CANDLEHOLDER,34,116.06,0,0,3836
72814,NA,2,0,0,0,3836
72815,3 WICK CHRISTMAS BRIAR CANDLE,3,15.97,4,15,3836
72816,SET/3 CHRISTMAS DECOUPAGE CANDLES,892,1005.3199999999999,24,30,3836
72817,SET OF 2 CHRISTMAS DECOUPAGE CANDLE,1212,1232.27,24,30,3836
72817,dotcomstock,4,0,0,0,3836
72817,NA,39,0,0,0,3836
72818,CHRISTMAS DECOUPAGE CANDLE,1845,821.98,36,25.919999999999998,3836
72818,NA,1,0,0,0,3836
72819,CUPID DESIGN SCENTED CANDLES,225,509.07,0,0,3836
72821,CUPID SCENTED CANDLE IN GLASS,11,18.15,0,0,3836
75011,BLUE DAISY MOBILE,172,138.76,0,0,3836
75013B,"STRING OF 8 BUTTERFLIES,PINK",25,41.24999999999999,0,0,3836
75013B,NA,2,0,0,0,3836
75049L,LARGE CIRCULAR MIRROR MOBILE,7102,6812.98,228,204.2,3836
75131,METAL TUBE CHIME ON BAMBOO,490,529.21,0,0,3836
75172,PAINTED SEA SHELL METAL WINDCHIME,93,85.31,0,0,3836
75178,ASSTD COL BUTTERFLY/CRYSTAL W/CHIME,459,218.87,0,0,3836
77079,DOLPHIN WINDMILL,1,2.12,0,0,3836
77079,NA,4,0,0,0,3836
77101A,UNION FLAG WINDSOCK,387,426.94000000000005,0,0,3836
77101A,NA,4,0,0,0,3836
78033,FLAG OF ST GEORGE CHAIR,38,185.3,3,17.85,3836
78034B,BLUE NETTING STORAGE HANGER,8,15.6,0,0,3836
78124,MAGAZINE RACK GEBRA ASSORTED,198,256.5,0,0,3836
79000,MOROCCAN TEA GLASS,4162,3357.34,9,6.050000000000001,3836
79000,NA,670,0,0,0,3836
79026B,"S/4 ICON COASTER,ELVIS LIVES",25,10.61,0,0,3836
79030D,TUMBLER BAROQUE,525,266.19,1,0.39,3836
79030D,"TUMBLER, BAROQUE",56,84.03999999999999,0,0,3836
79030D,NA,13,0,0,0,3836
79030G,TUMBLER NEW ENGLAND,1261,551.1899999999999,0,0,3836
79030G,"TUMBLER, NEW ENGLAND",142,182.29999999999998,0,0,3836
79051A,SMOKEY GREY COLOUR D.O.F. GLASS,587,204.79,0,0,3836
79051A,SMOKEY GREY COLOUR GLASS,236,84.75999999999999,0,0,3836
79062D,"RETRO TIN ASHTRAY,REVOLUTIONARY",52,19.4,0,0,3836
79062D,NA,960,0,0,0,3836
79063C,"RETRO PILL BOX KEY CHAIN,THE KING",235,43.65,0,0,3836
79063C,NA,320,0,0,0,3836
79063D,"RETRO PILL BOX , REVOLUTIONARY",189,35.14,0,0,3836
79063D,NA,2560,0,0,0,3836
79066K,RETRO MOD TRAY,783,689.3399999999999,12,10.2,3836
79066k,RETRO MOD TRAY,17,27.77,0,0,3836
79067,CORONA MEXICAN TRAY,172,719.69,0,0,3836
79071B,ENGLISH ROSE METAL WASTE BIN,20,59,0,0,3836
79144B,PAINTED LIGHTBULB STAR+ MOON,180,103.22999999999999,0,0,3836
79144C,PAINTED LIGHTBULB RAINBOW DESIGN,152,98.11999999999999,0,0,3836
79149B,SILICON STAR BULB  BLUE,18,7.5600000000000005,0,0,3836
79151B,"SILICON CUBE 25W, BLUE",11,4.62,0,0,3836
79157B,UBO-LIGHT TRIOBASE BLUE,4,3.4,0,0,3836
79157V,UBO-LIGHT TRIOBASE PURPLE,5,4.25,0,0,3836
79160,HEART SHAPE WIRELESS DOORBELL,444,795.83,8,16.8,3836
79161A,ST GEORGE SET OF 10 PARTY LIGHTS,2,5.9,0,0,3836
79161A,NA,15,0,0,0,3836
79163,BLACK CHAMPAGNE GLASS,1529,626.55,10,5.16,3836
79163,NA,15,0,0,0,3836
79164,BLACK WINE GLASS,1666,697.62,3,4.949999999999999,3836
79164,NA,85,0,0,0,3836
79190A,RETRO PLASTIC 70'S TRAY,384,179.35999999999999,3,1.26,3836
79190B,RETRO PLASTIC POLKA TRAY,707,288.36,16,6.72,3836
79190D,RETRO PLASTIC DAISY TRAY,265,126.97999999999999,0,0,3836
79191B,RETRO PLASTIC POLKA TRAY,159,138.29999999999998,12,10.2,3836
79191C,RETRO PLASTIC ELEPHANT TRAY,1105,812.53,158,134.29999999999998,3836
79191D,RETRO PLASTIC DAISY TRAY,35,37.61,12,10.2,3836
79192A,RETRO PLASTIC 70'S TRAY,3,3.75,0,0,3836
79302M,"ART LIGHTS,FUNK MONKEY",370,1037.54,0,0,3836
79302M,NA,73,0,0,0,3836
79321,CHILLI LIGHTS,10305,54096.36,80,349.7,3836
79321,NA,114,0,0,0,3836
79323B,BLACK CHERRY LIGHTS,8,54,8,54,3836
79323P,PINK CHERRY LIGHTS,4,27,8,54,3836
79329,PINK FLOCK GLASS CANDLEHOLDER,12,12.18,0,0,3836
79331,PINK FLOCK GLASS CANDLEHOLDER,26,17.5,0,0,3836
79336,LIGHT PINK FLOCK GLASS CANDLEHOLDER,36,13.680000000000001,0,0,3836
79336,NA,36,0,0,0,3836
79337,BLUE FLOCK GLASS CANDLEHOLDER,644,259.96,6,2.2800000000000002,3836
79337,NA,1,0,0,0,3836
79403,FROSTED WHITE BASE,95,85.52,0,0,3836
79406,FROSTED WHITE BASE,144,34.12,0,0,3836
81950B,FLOWER BLUE CLOCK WITH SUCKER,116,33.64,0,0,3836
81950V,FLOWER PURPLE CLOCK W/SUCKER,5,4.25,0,0,3836
81950V,FLOWER PURPLE CLOCK WITH SUCKER,15,4.35,0,0,3836
81952B,ROUND BLUE CLOCK WITH SUCKER,200,38,0,0,3836
81952B,NA,11,0,0,0,3836
81952V,ROUND PURPLE CLOCK WITH SUCKER,365,69.35,0,0,3836
81953B,ROUND BLUE CLOCK WITH SUCKER,11,2.09,0,0,3836
81953P,ROUND ARTICULATED PINK CLOCK W/SUCK,28,5.32,0,0,3836
82001S,SILVER RECORD COVER FRAME,287,1067.76,0,0,3836
82001S,VINYL RECORD FRAME SILVER,1295,4682.45,7,25.53,3836
82001s,SILVER RECORD COVER FRAME,78,581.88,0,0,3836
82001s,VINYL RECORD FRAME SILVER,44,328.24,0,0,3836
82011A,"BATHROOM SCALES, TROPICAL BEACH",18,67.5,0,0,3836
82011B,BATHROOM SCALES RUBBER DUCKS,43,146.85,0,0,3836
82011C,BATHROOM SCALES FOOTPRINTS IN SAND,51,172.05,0,0,3836
82095,HEART BUTTONS JEWELLERY BOX,68,356.11,0,0,3836
82482,WOODEN PICTURE FRAME WHITE FINISH,8986,23057.06,233,581.55,3836
82483,WOOD 2 DRAWER CABINET WHITE FINISH,2386,15123.92,203,1225.8500000000001,3836
82483,NA,18,0,0,0,3836
82484,WOOD BLACK BOARD ANT WHITE FINISH,6012,35966.92,24,170.95,3836
82486,3 DRAWER ANTIQUE WHITE WOOD CABINET,734,6457.94,41,336.15000000000003,3836
82486,WOOD S/3 CABINET ANT WHITE FINISH,1402,11885.98,29,249.75,3836
82494L,WOODEN FRAME ANTIQUE WHITE,6735,19599.49,353,910.9499999999999,3836
82494L,NA,167,0,0,0,3836
82494l,WOODEN FRAME ANTIQUE WHITE,264,2211.6,0,0,3836
82551,LAUNDRY 15C METAL SIGN,2918,4542.889999999999,4,5.2,3836
82552,WASHROOM METAL SIGN,3012,4674.83,0,0,3836
82567,"AIRLINE LOUNGE,METAL SIGN",711,1408.07,0,0,3836
82578,KITCHEN METAL SIGN,2058,1217.8500000000001,12,6.6000000000000005,3836
82580,BATHROOM METAL SIGN,5881,3473.21,290,127,3836
82581,TOILET METAL SIGN,3883,2155.8900000000003,21,11.16,3836
82582,AREA PATROLLED METAL SIGN,4365,8858.79,19,39.900000000000006,3836
82583,FBA,160,0,0,0,3836
82583,HOT BATHS METAL SIGN,7258,16946.260000000002,72,133.46,3836
82583,amazon,64,0,0,0,3836
82583,NA,32,0,0,0,3836
82599,FANNY'S REST STOPMETAL SIGN,508,1217.73,0,0,3836
82599,NA,2,0,0,0,3836
82600,N0 SINGING METAL SIGN,1225,2639.42,0,0,3836
82600,NO SINGING METAL SIGN,4788,10193.76,38,73.30000000000001,3836
82600,check,3,0,0,0,3836
82605,OLD DOC RUSSEL METAL SIGN,14,29.400000000000002,0,0,3836
82605,NA,2,0,0,0,3836
82613A,Amazon,1,0,0,0,3836
82613A,"METAL SIGN,CUPCAKE SINGLE HOOK",71,92.38,0,0,3836
82613B,"METAL SIGN,CUPCAKE SINGLE HOOK",583,500.24,20,8.4,3836
82613C,"METAL SIGN,CUPCAKE SINGLE HOOK",537,443.38,20,8.4,3836
82613D,METAL SIGN CUPCAKE SINGLE HOOK,696,534.24,20,8.4,3836
82613a,"METAL SIGN,CUPCAKE SINGLE HOOK",1,2.46,0,0,3836
82613b,"METAL SIGN,CUPCAKE SINGLE HOOK",4,9.94,0,0,3836
82613c,"METAL SIGN,CUPCAKE SINGLE HOOK",5,12.399999999999999,0,0,3836
82615,PINK MARSHMALLOW SCARF KNITTING KIT,36,91.8,0,0,3836
82616B,FRAPPUCINO SCARF KNITTING KIT,343,502.74,9,11.25,3836
82616C,MIDNIGHT GLAMOUR SCARF KNITTING KIT,324,501.44,3,3.75,3836
84006,MAGIC TREE -PAPER FLOWERS,918,848.6999999999999,1,0.85,3836
84012,MAGIC SHEEP WOOL GROWING FROM PAPER,1265,1283.99,120,102,3836
84016,FLAG OF ST GEORGE CAR FLAG,27,12.16,0,0,3836
84029E,RED WOOLLY HOTTIE WHITE HEART.,4734,22025.73,67,256.45,3836
84029E,NA,13,0,0,0,3836
84029G,KNITTED UNION FLAG HOT WATER BOTTLE,3319,16148.04,14,58,3836
84029G,NA,280,0,0,0,3836
84030E,ENGLISH ROSE HOT WATER BOTTLE,1497,6414.69,3,12.75,3836
84030e,ENGLISH ROSE HOT WATER BOTTLE,108,877.76,0,0,3836
84031A,CHARLIE+LOLA RED HOT WATER BOTTLE,430,1959.91,20,39,3836
84031B,CHARLIE LOLA BLUE HOT WATER BOTTLE,303,1435.72,21,40.949999999999996,3836
84031a,CHARLIE+LOLA RED HOT WATER BOTTLE,1,16.63,0,0,3836
84031b,CHARLIE LOLA BLUE HOT WATER BOTTLE,1,16.63,0,0,3836
84032A,CHARLIE+LOLA PINK HOT WATER BOTTLE,1003,3384.98,28,82.60000000000001,3836
84032B,CHARLIE + LOLA RED HOT WATER BOTTLE,936,2421.59,66,133.5,3836
84033,FLAG OF ST GEORGE,23,37.949999999999996,0,0,3836
84050,PINK HEART SHAPE EGG FRYING PAN,3229,4753.53,14,22.699999999999996,3836
84050,check,14,0,0,0,3836
84051,ASS COLOUR GLOWING TIARAS,281,215.21,0,0,3836
84077,WORLD WAR 2 GLIDERS ASSTD DESIGNS,54951,13814.009999999998,1200,253.92,3836
84078A,SET/4 WHITE RETRO STORAGE CUBES,415,16363.300000000001,35,1248.25,3836
84086B,YELLOW/BLUE RETRO RADIO,16,47.2,1,2.95,3836
84086C,PINK/PURPLE RETRO RADIO,218,622.27,0,0,3836
84192,ASSORTED COLOUR METAL CAT,111,138.75,0,0,3836
84199,GLOW IN DARK DOLPHINS,138,28.98,0,0,3836
84201B,HAPPY BIRTHDAY CARD STRIPEY TEDDY,13,2.47,0,0,3836
84201C,HAPPY BIRTHDAY CARD TEDDY/CAKE,5,0.95,0,0,3836
84206A,3 BLACK CATS W HEARTS BLANK CARD,24,4.5600000000000005,0,0,3836
84206B,CAT WITH SUNGLASSES BLANK CARD,5,0.95,0,0,3836
84206C,CHAMPAGNE TRAY BLANK CARD,8,1.52,0,0,3836
84212,"ASSORTED FLOWER COLOUR ""LEIS""",10315,4934.87,0,0,3836
84218,BOX/12 CHICK & EGG IN BASKET,123,223.10999999999999,0,0,3836
84226,HEN HOUSE W FAMILY IN BARN & NEST,51,36.21,0,0,3836
84227,HEN HOUSE W CHICK IN NEST,1,0.42,0,0,3836
84227,NA,1,0,0,0,3836
84228,HEN HOUSE W CHICK STANDING,283,118.21,1,0.42,3836
84228,HEN HOUSE WITH CHICK STANDING,14,5.88,0,0,3836
84231,EASTER BUNNY WITH BASKET ON BACK,108,72.63000000000001,0,0,3836
84247C,NA,1,0,0,0,3836
84247E,PACK OF 12 CHRISTMAS FUN CARDS,106,283.79,23,67.85000000000001,3836
84247E,PACK/12 XMAS FUN CARD,34,100.30000000000001,0,0,3836
84247E,NA,47,0,0,0,3836
84247G,"DECOUPAGE,GREETING CARD,",357,158.63,0,0,3836
84247K,"FOLK ART GREETING CARD,pack/12",22,64.9,11,32.45,3836
84247K,NA,47,0,0,0,3836
84247L,FAWN AND MUSHROOM GREETING CARD,128,62.06,0,0,3836
84247L,NA,8,0,0,0,3836
84247N,PACK/12 BLUE FOLKART CARDS,22,64.9,0,0,3836
84249A,"GREETING CARD,SQUARE, DOUGHNUTS",174,80.46,0,0,3836
84251B,"GREETING CARD, STICKY GORDON",245,70.78,12,2.2800000000000002,3836
84251C,"GREETING CARD, TWO SISTERS.",127,53.88,0,0,3836
84251G,"GREETING CARD, OVERCROWDED POOL.",270,74.7,0,0,3836
84270,ASSTD DESIGN BUBBLE GUM RING,17,3.57,0,0,3836
84270,NA,7,0,0,0,3836
84279B,CHERRY BLOSSOM DECORATIVE FLASK,192,774.7,7,26.25,3836
84279B,NA,192,0,0,0,3836
84279P,CHERRY BLOSSOM  DECORATIVE FLASK,377,1565.71,16,60,3836
84279P,found,84,0,0,0,3836
84306,S/3 PINK SQUARE PLANTERS ROSES,10,88.22,0,0,3836
84306,NA,3,0,0,0,3836
84313B,BLUE TV TRAY TABLE,127,518.61,0,0,3836
84313C,ORANGE TV TRAY TABLE,504,1165.9099999999999,0,0,3836
84313C,NA,6,0,0,0,3836
84341B,SMALL PINK MAGIC CHRISTMAS TREE,645,282.38,0,0,3836
84347,ROTATING SILVER ANGELS T-LIGHT HLDR,9461,26425.579999999998,9376,321.6,3836
84352,SILVER CHRISTMAS TREE BAUBLE STAND,34,577.35,4,67.8,3836
84356,POMPOM CURTAIN,424,2124.15,0,0,3836
84358,FLOOR LAMP SHADE WOOD BASE,33,312.7,0,0,3836
84360,TABLE LAMP WHITE SHADE WOOD BASE,78,434.12,0,0,3836
84375,SET OF 20 KIDS COOKIE CUTTERS,4312,9383.150000000001,13,27.300000000000004,3836
84378,SET OF 3 HEART COOKIE CUTTERS,6332,8518.4,72,90,3836
84380,SET OF 3 BUTTERFLY COOKIE CUTTERS,5799,8153.5599999999995,75,98.75,3836
84387A,BIRD ON BRANCH CANVAS SCREEN,11,21.45,0,0,3836
84387A,NA,11,0,0,0,3836
84388,WISE MAN STAR SHAPE EGG PAN,24,13.14,0,0,3836
84388,NA,6,0,0,0,3836
84402B,PURPLE DRESS JEWELLERY STAND,61,48.19,0,0,3836
84402B,NA,1,0,0,0,3836
84406B,CREAM CUPID HEARTS COAT HANGER,2015,7653.17,42,162.5,3836
84415A,PINK FLOCK SUEDE CUSHION COVER,12,15,0,0,3836
84415B,BLUE FLOCK CUSHION COVER,8,20,0,0,3836
84422,PINK/BLUE DISC/MIRROR STRING,566,244.17000000000002,48,18.72,3836
84429A,MEDIUM PINK BUDDHA HEAD,54,182.50000000000003,0,0,3836
84452,METAL RABBIT LADDER EASTER,74,62.9,4,3.4,3836
84452,NA,65,0,0,0,3836
84457,SET/3 RABBITS FLOWER SKIPPPING ROPE,126,112.56,0,0,3836
84459A,PINK METAL CHICKEN HEART,716,1058.18,60,89.39999999999999,3836
84459B,YELLOW METAL CHICKEN HEART,721,1079.67,0,0,3836
84459B,NA,17,0,0,0,3836
84461,12 PINK HEN+CHICKS IN BASKET,41,104.55,6,15.299999999999999,3836
84462,3 PINK HEN+CHICKS IN BASKET,12,15,0,0,3836
84465,15 PINK FLUFFY CHICKS IN BOX,10,29.5,0,0,3836
84466,TOP SECRET PEN SET,46,57.5,0,0,3836
84497,BUTTONS AND STRIPES NOTEBOOK,13,48.75,0,0,3836
84497,NA,79,0,0,0,3836
84499,BLACK FLOWER CANDLE PLATE,7,5.949999999999999,0,0,3836
84507B,STRIPES DESIGN MONKEY DOLL,39,118.72999999999999,0,0,3836
84507B,NA,20,0,0,0,3836
84507C,BLUE CIRCLES DESIGN MONKEY DOLL,66,175.73,7,17.849999999999998,3836
84507C,adjustment,4,0,0,0,3836
84508A,CAMOUFLAGE DESIGN TEDDY,1631,3448.05,1,2.55,3836
84508B,STRIPES DESIGN TEDDY,56,142.79999999999998,6,15.299999999999999,3836
84508C,BLUE CIRCLES DESIGN TEDDY,56,154.95,0,0,3836
84509A,SET OF 4 ENGLISH ROSE PLACEMATS,896,3417.28,9,33.75,3836
84509B,SET OF 4 FAIRY CAKE PLACEMATS,217,806.04,0,0,3836
84509C,SET OF 4 POLKADOT PLACEMATS,130,498.94,0,0,3836
84509E,SET OF 4 CAROUSEL PLACEMATS,91,183.45,0,0,3836
84509G,SET OF 4 FAIRY CAKE PLACEMATS,517,950.49,0,0,3836
84509a,SET OF 4 ENGLISH ROSE PLACEMATS,104,775.84,0,0,3836
84509b,SET OF 4 FAIRY CAKE PLACEMATS,5,37.3,0,0,3836
84509c,SET OF 4 POLKADOT PLACEMATS,43,322.22,0,0,3836
84509g,SET OF 4 FAIRY CAKE PLACEMATS,2,14.92,0,0,3836
84510A,SET OF 4 ENGLISH ROSE COASTERS,1196,1630.32,1,1.25,3836
84510C,SET OF 4 POLKADOT COASTERS,132,211.32999999999998,0,0,3836
84510E,SET OF 4 GREEN CAROUSEL COASTERS,34,48.29,0,0,3836
84510a,SET OF 4 ENGLISH ROSE COASTERS,53,130.48,0,0,3836
84510c,SET OF 4 POLKADOT COASTERS,40,98.7,0,0,3836
84510e,SET OF 4 GREEN CAROUSEL COASTERS,1,2.46,0,0,3836
84519A,TOMATO CHARLIE+LOLA COASTER SET,512,905.55,0,0,3836
84519B,CARROT CHARLIE+LOLA COASTER SET,471,773.3,0,0,3836
84520B,PACK 20 ENGLISH ROSE PAPER NAPKINS,554,508.36999999999995,0,0,3836
84522,PINK PARTY SUNGLASSES,20,36.76,0,0,3836
84527,FLAMES SUNGLASSES PINK LENSES,52,95.1,0,0,3836
84531A,PINK KNITTED EGG COSY,147,76.69,0,0,3836
84531A,returned,2,0,0,0,3836
84531B,BLUE KNITTED EGG COSY,155,85.61,0,0,3836
84531B,returned,2,0,0,0,3836
84534B,FAIRY CAKE NOTEBOOK A5 SIZE,53,50.72,0,0,3836
84534B,NA,13,0,0,0,3836
84534b,FAIRY CAKE NOTEBOOK A5 SIZE,2,3.32,0,0,3836
84535A,ENGLISH ROSE NOTEBOOK A6 SIZE,399,186.56,0,0,3836
84535A,NA,464,0,0,0,3836
84535B,FAIRY CAKES NOTEBOOK A6 SIZE,1348,850.2,95,61.75,3836
84536A,ENGLISH ROSE NOTEBOOK A7 SIZE,3138,1409.8999999999999,32,13.44,3836
84536B,FAIRY CAKES NOTEBOOK A7 SIZE,2102,888.14,48,20.16,3836
84536a,ENGLISH ROSE NOTEBOOK A7 SIZE,14,11.060000000000002,0,0,3836
84536b,FAIRY CAKES NOTEBOOK A7 SIZE,5,4.050000000000001,0,0,3836
84539,KNITTED RABBIT DOLL,26,42.9,0,0,3836
84539,NA,6,0,0,0,3836
84548,CROCHET BEAR RED/BLUE  KEYRING,22,36.3,0,0,3836
84548,NA,12,0,0,0,3836
84549,CROCHET WHITE RABBIT KEYRING,38,69.38,0,0,3836
84550,CROCHET LILAC/RED BEAR KEYRING,1,1.65,0,0,3836
84551,CROCHET DOG KEYRING,13,21.449999999999996,0,0,3836
84558A,3D DOG PICTURE PLAYING CARDS,333,987.4100000000001,0,0,3836
84558a,3D DOG PICTURE PLAYING CARDS,5,29.310000000000002,0,0,3836
84559A,3D SHEET OF DOG STICKERS,397,375.60999999999996,0,0,3836
84559B,3D SHEET OF CAT STICKERS,237,217.29,4,3.4,3836
84559a,3D SHEET OF DOG STICKERS,29,48.379999999999995,0,0,3836
84559b,3D SHEET OF CAT STICKERS,23,38.33,0,0,3836
84562A,PINK/WHITE RIBBED MELAMINE JUG,3,23.85,0,0,3836
84562A,NA,1,0,0,0,3836
84563A,PINK & WHITE BREAKFAST TRAY,96,369.84000000000003,0,0,3836
84563B,BLUE & WHITE BREAKFAST TRAY,94,346.3,0,0,3836
84568,GIRLS ALPHABET IRON ON PATCHES,12442,2678.33,0,0,3836
84569A,PACK 3 IRON ON DOG PATCHES,294,355.84,0,0,3836
84569B,PACK 3 FIRE ENGINE/CAR PATCHES,85,118.4,0,0,3836
84569C,PACK 4 FLOWER/BUTTERFLY PATCHES,1,1.25,0,0,3836
84569D,PACK 6 HEART/ICE-CREAM PATCHES,467,560.62,0,0,3836
84575A,PINK DOG CANNISTER,14,39.3,1,5.95,3836
84576,BLUE CAT BISCUIT BARREL PINK HEART,66,148.32,0,0,3836
84580,MOUSE TOY WITH PINK T-SHIRT,389,1482.43,0,0,3836
84581,DOG TOY WITH PINK CROCHET SKIRT,187,709.71,0,0,3836
84584,PINK GINGHAM CAT WITH SCARF,144,314.51,0,0,3836
84592,CROCHET ROSE PURSE WITH SUEDE BACK,76,241.24000000000004,0,0,3836
84593,CROCHET ROSE DES CLOTHES HANGER,5,14.750000000000002,0,0,3836
84595E,LARGE TORTILLA DESIGN RED BOWL,78,154.67999999999998,1,3.29,3836
84595E,NA,10,0,0,0,3836
84596B,SMALL DOLLY MIX DESIGN ORANGE BOWL,5023,2547.42,16,6.72,3836
84596E,SMALL LICORICE DES PINK BOWL,564,411.68,0,0,3836
84596E,NA,5,0,0,0,3836
84596F,SMALL MARSHMALLOWS PINK BOWL,3732,1943.62,16,6.72,3836
84596G,SMALL CHOCOLATES PINK BOWL,1855,949.0799999999999,0,0,3836
84596G,NA,288,0,0,0,3836
84596J,MIXED NUTS LIGHT GREEN BOWL,568,296.45,0,0,3836
84596J,NA,70,0,0,0,3836
84596L,BISCUITS SMALL BOWL LIGHT BLUE,1254,629.38,0,0,3836
84596b,SMALL DOLLY MIX DESIGN ORANGE BOWL,7,17.57,0,0,3836
84596e,SMALL LICORICE DES PINK BOWL,10,25.099999999999998,0,0,3836
84596f,SMALL MARSHMALLOWS PINK BOWL,16,39.36,0,0,3836
84596g,SMALL CHOCOLATES PINK BOWL,3,7.38,0,0,3836
84596l,BISCUITS SMALL BOWL LIGHT BLUE,1,2.46,0,0,3836
84597B,RETRO BROWN BALL ASHTRAY,41,51.25,0,0,3836
84597C,RETRO PINK BALL ASHTRAY,46,57.5,0,0,3836
84598,BOYS ALPHABET IRON ON PATCHES,1975,546.04,288,60.48,3836
84600,NEW BAROQUE JEWELLERY BOX,53,446.89,1,7.95,3836
84609,TALL ROCOCO CANDLE HOLDER,93,770.59,2,17,3836
84611B,NA,1287,0,0,0,3836
84613A,PINK NEW BAROQUE FLOCK CANDLESTICK,6,27.900000000000002,0,0,3836
84613C,BLUE NEW BAROQUE FLOCK CANDLESTICK,1,4.65,0,0,3836
84614A,PINK BAROQUE FLOCK CANDLE HOLDER,2,11.9,0,0,3836
84616,SILVER ROCCOCO CHANDELIER,14,504.32,3,89.85,3836
84617,NEW BAROQUE BLACK BOXES,3,38.25,0,0,3836
84620,BLUE GINGHAM ROSE CUSHION COVER,2,11.9,0,0,3836
84625A,PINK NEW BAROQUECANDLESTICK CANDLE,478,605.48,20,23.3,3836
84625C,BLUE NEW BAROQUE CANDLESTICK CANDLE,449,536.41,49,41.65,3836
84629,WHITE 3 FRAME BIRDS AND TREE,20,150,1,4.95,3836
84631,FRUIT TREE AND BIRDS WALL PLAQUE,40,340.58,3,23.85,3836
84632,DECORATIVE HANGING SHELVING UNIT,6,359.70000000000005,1,59.95,3836
84637,KITCHEN FLOWER POTS WALL PLAQUE,116,619.59,0,0,3836
84638,SMALL KITCHEN FLOWER POTS PLAQUE,50,331.5,0,0,3836
84658,WHITE STITCHED CUSHION COVER,57,412.23,0,0,3836
84659A,WHITE TRAVEL ALARM CLOCK,280,676.27,1,2.55,3836
84659A,check,19,0,0,0,3836
84660A,WHITE STITCHED WALL CLOCK,843,783.45,2,4.54,3836
84660A,NA,15,0,0,0,3836
84660B,BLACK STITCHED WALL CLOCK,707,733.28,0,0,3836
84660C,PINK STITCHED WALL CLOCK,661,693.32,0,0,3836
84660C,NA,1,0,0,0,3836
84660a,WHITE STITCHED WALL CLOCK,4,29.84,0,0,3836
84660b,BLACK STITCHED WALL CLOCK,2,15.08,0,0,3836
84660c,PINK STITCHED WALL CLOCK,18,134.92,0,0,3836
84661A,WHITE SQUARE TABLE CLOCK,104,167.79,0,0,3836
84661B,BLACK SQUARE TABLE CLOCK,115,300.24,0,0,3836
84661C,PINK SQUARE TABLE CLOCK,71,104.84,0,0,3836
84661a,WHITE SQUARE TABLE CLOCK,1,4.96,0,0,3836
84661b,BLACK SQUARE TABLE CLOCK,1,4.96,0,0,3836
84663A,GRASS HOPPER WOODEN WALL CLOCK,272,374.12,5,9.11,3836
84663A,NA,31,0,0,0,3836
84665,SQUARE CHERRY BLOSSOM CABINET,105,624.75,20,119,3836
84666,SQUARE CHERRY BLOSSOM CABINET,24,94.80000000000001,0,0,3836
84670,NA,23,0,0,0,3836
84673A,PINK FLY SWAT,92,63.720000000000006,0,0,3836
84673B,BLUE FLY SWAT,179,156.63,0,0,3836
84674,FLYING PIG WATERING CAN,193,466.95000000000005,4,11.8,3836
84675,FROG KING WATERING CAN,9,26.55,0,0,3836
84675,NA,2,0,0,0,3836
84678,CLASSICAL ROSE SMALL VASE,142,247.04,3,5.05,3836
84679,CLASSICAL ROSE TABLE LAMP,6,55.7,0,0,3836
84683,CLASSICAL ROSE CANDLESTAND,194,162.20000000000002,0,0,3836
84685,BEACH HUT KEY CABINET,34,177.33,1,3.75,3836
84685,NA,14,0,0,0,3836
84686,BEACH HUT MIRROR,49,66.39,0,0,3836
84686,NA,34,0,0,0,3836
84687,BEACH HUT SHELF W 3 DRAWERS,81,504.43,4,23.8,3836
84688,BEACH HUT DESIGN BLACKBOARD,41,203.07,13,55.25,3836
84688,NA,27,0,0,0,3836
84689,S/2 BEACH HUT TREASURE CHESTS,3,9.95,0,0,3836
84689,NA,5,0,0,0,3836
84691,PACK 20 DOLLY PEGS,242,174.49999999999997,0,0,3836
84691,NA,2,0,0,0,3836
84692,BOX OF 24 COCKTAIL PARASOLS,7910,4327.38,31,13.02,3836
84705C,PINK FLOCK PHOTO FRAME,12,15,0,0,3836
84706D,CHERRY BLOSSOM TABLE CLOCK,8,29.599999999999998,0,0,3836
84706F,RED PEONY TABLE CLOCK,16,47.2,0,0,3836
84707A,SILVER JEWELLED MIRROR TRINKET TRAY,95,695.23,0,0,3836
84707B,PINK JEWELLED MIRROR TRINKET TRAY,34,210.54999999999998,0,0,3836
84708B,PINK JEWELLED PHOTO FRAME,62,326.35,0,0,3836
84709B,PINK OVAL JEWELLED MIRROR,20,119,0,0,3836
84709B,NA,6,0,0,0,3836
84711A,SILVER OVAL SHAPE TRINKET BOX,25,221.79999999999998,0,0,3836
84711B,PINK OVAL SHAPE TRINKET BOX,20,186.64,0,0,3836
84712B,PINK JEWELLED PHOTO FRAME,30,231.56,0,0,3836
84715,SET OF 6 ICE CREAM SKITTLES,16,47.2,0,0,3836
84723,CHERRY BLOSSOM CANVAS ART PICTURE,41,97.95,0,0,3836
84725,FREESTYLE CANVAS ART PICTURE,41,39.65,0,0,3836
84731,3 BIRDS CANVAS SCREEN,2,2.04,0,0,3836
84732B,CUTE BIRD CEATURE SCREEN,22,8.58,0,0,3836
84732D,CUTE RABBIT CEATURE SCREEN,11,4.29,0,0,3836
84741C,CITRUS GARLAND FELT FLOWERS,60,117,0,0,3836
84741C,NA,8,0,0,0,3836
84743C,ORANGE FELT VASE + FLOWERS,1,1.25,0,0,3836
84744,S/6 SEW ON CROCHET FLOWERS,110,140.02,0,0,3836
84745A,PINK HANGING GINGHAM EASTER HEN,32,13.44,0,0,3836
84745B,BLUE HANGING GINGHAM EASTER HEN,32,13.44,0,0,3836
84746,PINK EASTER HENS+FLOWER,14,38.31,0,0,3836
84746,NA,67,0,0,0,3836
84748,FOLK FELT HANGING MULTICOL GARLAND,204,570.86,0,0,3836
84750A,PINK SMALL GLASS CAKE STAND,24,46.8,27,52.65,3836
84750B,BLACK SMALL GLASS CAKE STAND,61,54.99,1,0.39,3836
84751B,BLACK MEDIUM GLASS CAKE STAND,17,37.11,1,0.79,3836
84754,S/15 SILVER GLASS BAUBLES IN BAG,558,725.52,144,152.64000000000001,3836
84755,COLOUR GLASS T-LIGHT HOLDER HANGING,16401,10487.050000000001,69,44.85,3836
84760S,SMALL HANGING GLASS+ZINC LANTERN,43,62.349999999999994,0,0,3836
84760S,NA,2,0,0,0,3836
84763,ZINC FINISH 15CM PLANTER POTS,601,748.34,0,0,3836
84766,SILVER ROCOCO CANDLE STICK,146,340.7,15,37.25,3836
84773,RED ROSE AND LACE C/COVER,3,8.850000000000001,0,0,3836
84773,NA,3,0,0,0,3836
84789,ENCHANTED BIRD PLANT CAGE,186,640.72,0,0,3836
84789,NA,1,0,0,0,3836
84792,ENCHANTED BIRD COATHANGER 5 HOOK,833,3974.32,29,114.69,3836
84795B,SUNSET CHECK HAMMOCK,176,1390.64,0,0,3836
84795C,OCEAN STRIPE HAMMOCK,2,15.9,0,0,3836
84795C,NA,3,0,0,0,3836
84795b,SUNSET CHECK HAMMOCK,16,266.78,0,0,3836
84796A,PINK HAWAIIAN PICNIC HAMPER FOR 2,61,568.13,0,0,3836
84796B,BLUE SAVANNAH PICNIC HAMPER FOR 2,256,2393.5899999999997,0,0,3836
84796B,NA,17,0,0,0,3836
84796a,PINK HAWAIIAN PICNIC HAMPER FOR 2,17,141.10999999999999,0,0,3836
84798A,PINK FOXGLOVE ARTIIFCIAL FLOWER,23,58.65,12,30.599999999999998,3836
84798B,PURPLE FOXGLOVE ARTIIFCIAL FLOWER,11,28.049999999999997,4,10.2,3836
84799,SPRIG LAVENDER ARTIFICIAL FLOWER,224,160.48,60,35.16,3836
84800L,LARGE WHITE/PINK ROSE ART FLOWER,360,639.36,24,40.56,3836
84800M,MEDIUM WHITE/PINK ROSE ART FLOWER,127,174.31,3,5.07,3836
84800S,SMALL WHITE/PINK ROSE ART FLOWER,107,120.07000000000001,2,2.5,3836
84801A,PINK HYDRANGEA ART FLOWER,46,96.60000000000001,0,0,3836
84801B,WHITE HYDRANGEA ART FLOWER,22,46.2,0,0,3836
84802A,WHITE ANEMONE ARTIFICIAL FLOWER,2,3.38,0,0,3836
84802A,NA,2,0,0,0,3836
84802B,PURPLE ANEMONE ARTIFICIAL FLOWER,4,6.76,0,0,3836
84803A,PINK ALLIUM  ARTIFICIAL FLOWER,3,5.07,0,0,3836
84803B,WHITE ALLIUM  ARTIFICIAL FLOWER,17,28.73,3,5.07,3836
84804A,CREAM DELPHINIUM ARTIFICIAL FLOWER,70,180.58,0,0,3836
84804B,BLUE DELPHINIUM ARTIFICIAL FLOWER,99,188.37000000000003,0,0,3836
84805A,CREAM CLIMBING HYDRANGA ART FLOWER,32,60,0,0,3836
84805B,BLUE CLIMBING HYDRANGA ART FLOWER,38,52.5,0,0,3836
84806A,PINK CANDYSTUFT ARTIFICIAL FLOWER,137,96.88999999999999,0,0,3836
84806B,WHITE CANDYSTUFT ARTIFICIAL FLOWER,308,411.55999999999995,0,0,3836
84809A,WHITE CHRYSANTHEMUMS ART FLOWER,55,115.50000000000001,2,4.2,3836
84809B,PINK CHRYSANTHEMUMS ART FLOWER,18,37.800000000000004,0,0,3836
84813,SET OF 4 DIAMOND NAPKIN RINGS,166,1393.79,1,3.95,3836
84816,DANISH ROSE BEDSIDE CABINET,13,519.35,6,239.70000000000002,3836
84817,DANISH ROSE DECORATIVE PLATE,951,710.64,37,77.7,3836
84818,DANISH ROSE PHOTO FRAME,1423,1460.81,95,101.45,3836
84819,DANISH ROSE ROUND SEWING BOX,811,951.79,4,17,3836
84820,DANISH ROSE TRINKET TRAYS,259,483.05,4,23.8,3836
84821,DANISH ROSE DELUXE COASTER,935,407.15,12,10.2,3836
84823,DANISH ROSE FOLDING CHAIR,112,890.4,0,0,3836
84823,NA,1,0,0,0,3836
84824,DANISH ROSE UMBRELLA STAND,2,31.9,0,0,3836
84826,ASSTD DESIGN 3D PAPER STICKERS,13702,389.38,60,51,3836
84827,ASS DES PHONE SPONGE CRAFT STICKER,509,153.09,0,0,3836
84828,JUNGLE POPSICLES ICE LOLLY HOLDERS,139,197.49,0,0,3836
84828,JUNGLE POPSICLES ICE LOLLY MOULDS,960,1338.8700000000001,24,30,3836
84832,ZINC WILLIE WINKIE  CANDLE STICK,2934,2712.7,12,10.2,3836
84836,ZINC METAL HEART DECORATION,5937,7418.07,35,43.75,3836
84840,SWEETHEART CARRY-ALL BASKET,6,76.44,2,17,3836
84840,NA,3,0,0,0,3836
84842,HELLO SAILOR BATHROOM SET,14,52.5,0,0,3836
84843,WHITE SOAP RACK WITH 2 BOTTLES,172,969.8000000000001,1,5.95,3836
84846A,SCENTED CANDLE IN DIGITALIS TIN,56,126.04,0,0,3836
84847,FLORAL BATHROOM SET,20,75,0,0,3836
84847,NA,3,0,0,0,3836
84849A,HELLO SAILOR BLUE SOAP HOLDER,180,344.34000000000003,16,27.04,3836
84849B,FAIRY SOAP SOAP HOLDER,266,478.83,1,1.69,3836
84849D,HOT BATHS SOAP HOLDER,494,859,22,37.18,3836
84849D,NA,101,0,0,0,3836
84854,GIRLY PINK TOOL SET,5,24.75,0,0,3836
84856L,LARGE TAHITI BEACH BAG,2,17.82,0,0,3836
84856S,SMALL TAHITI BEACH BAG,4,18.6,1,3.81,3836
84857B,BLUE MONTE CARLO HANDBAG,24,46.8,2,3.9,3836
84857B,NA,24,0,0,0,3836
84857C,PINK MONTE CARLO HANDBAG,98,232.32999999999998,1,1.95,3836
84857C,NA,24,0,0,0,3836
84858C,PINK RIVIERA HANDBAG,186,261.68,0,0,3836
84858C,NA,46,0,0,0,3836
84859A,SILVER DISCO HANDBAG,129,272.99,0,0,3836
84859B,BLUE DISCO HANDBAG,31,64.81,0,0,3836
84859C,PINK DISCO HANDBAG,84,180.51999999999998,0,0,3836
84865,NEW BAROQUE BLACK PHOTO ALBUM,27,146.21,0,0,3836
84870B,BLUE GEISHA GIRL,44,146.07999999999998,1,3.75,3836
84870C,GREEN GEISHA GIRL,46,146.04999999999998,0,0,3836
84872A,TEATIME FUNKY FLOWER BACKPACK FOR 2,43,450.08,0,0,3836
84872a,TEATIME FUNKY FLOWER BACKPACK FOR 2,26,282.15,0,0,3836
84873A,FUNKY FLOWER PICNIC BAG FOR 4,2,33.9,0,0,3836
84873A,NA,5,0,0,0,3836
84874B,BLUE TRAVEL FIRST AID KIT,41,67.51,0,0,3836
84875B,GREEN SQUARE COMPACT MIRROR,131,203.51,0,0,3836
84875D,BLUE SQUARE COMPACT MIRROR,51,63.75,0,0,3836
84875D,found,5,0,0,0,3836
84876B,GREEN HEART COMPACT MIRROR,218,315.81,0,0,3836
84876B,found,66,0,0,0,3836
84876D,BLUE HEART COMPACT MIRROR,128,217.5,0,0,3836
84877A,PINK ROUND COMPACT MIRROR,40,58.160000000000004,0,0,3836
84877B,GREEN ROUND COMPACT MIRROR,144,210.56,0,0,3836
84877D,BLUE ROUND COMPACT MIRROR,96,150.93,0,0,3836
84877D,found,1,0,0,0,3836
84879,ASSORTED COLOUR BIRD ORNAMENT,36362,58927.62,80,135.2,3836
84880,WHITE WIRE EGG HOLDER,312,2012.74,9,55.1,3836
84881,BLUE WIRE SPIRAL CANDLE HOLDER,12,82.57,1,6.35,3836
84882,GREEN WIRE STANDING CANDLE HOLDER,38,157.34,0,0,3836
84884A,ANT WHITE WIRE HEART SPIRAL,301,1201.91,1,3.95,3836
84884a,ANT WHITE WIRE HEART SPIRAL,38,317.71999999999997,0,0,3836
84898F,YELLOW FLOWERS FELT HANDBAG KIT,46,98.63000000000001,0,0,3836
84905,PINK BUTTERFLY CUSHION COVER,35,173.48,0,0,3836
84906,PINK B'FLY C/COVER W BOBBLES,12,78.17,0,0,3836
84906,PINK BUTTERFLY CUSHION COVER,23,44.849999999999994,1,1.95,3836
84906,NA,7,0,0,0,3836
84907,PINK YELLOW PATCH CUSHION COVER,29,180.93,0,0,3836
84910A,PINK PAISLEY CUSHION COVER,26,192.14,0,0,3836
84912A,PINK ROSE WASHBAG,156,560.62,0,0,3836
84912A,NA,72,0,0,0,3836
84912B,GREEN ROSE WASHBAG,323,1132.85,0,0,3836
84913A,SOFT PINK ROSE TOWEL,273,952.83,0,0,3836
84913B,MINT GREEN ROSE TOWEL,196,754.07,0,0,3836
84915,HAND TOWEL PINK FLOWER AND DAISY,217,372.33,0,0,3836
84916,HAND TOWEL PALE BLUE W FLOWERS,223,453.39,0,0,3836
84917,WHITE HAND TOWEL WITH BUTTERFLY,184,466.3,0,0,3836
84917,NA,1,0,0,0,3836
84919,BLUE CUSHION COVER WITH FLOWER,58,381.78000000000003,0,0,3836
84920,PINK FLOWER FABRIC PONY,115,446.23,0,0,3836
84921,CREAM AND PINK FLOWERS PONY,11,41.25,0,0,3836
84921,NA,11,0,0,0,3836
84922,PINK BUTTERFLY WASHBAG,9,42.29,0,0,3836
84923,PINK BUTTERFLY HANDBAG W BOBBLES,162,671.62,0,0,3836
84924A,WAKE UP COCKEREL CALENDAR SIGN,81,348.59,0,0,3836
84924F,PSYCHEDELIC METAL SIGN CALENDAR,10,7.9,0,0,3836
84925D,LA PALMIERA WALL THERMOMETER,15,38.25,0,0,3836
84925F,PSYCHEDELIC WALL THERMOMETER,79,109.92999999999999,0,0,3836
84925F,NA,15,0,0,0,3836
84926A,WAKE UP COCKEREL TILE COASTER,604,210.51999999999998,0,0,3836
84926D,LA PALMIERA TILE COASTER,709,276.53,0,0,3836
84926E,FLOWERS TILE COASTER,968,327.79999999999995,0,0,3836
84926F,PSYCHEDELIC TILE COASTER,430,195.22,24,6.959999999999999,3836
84927A,WAKE UP COCKEREL TILE HOOK,50,70.45,1,0.39,3836
84927D,LA PALMIERA TILE HOOK,47,51.86,2,4.2,3836
84927E,FLOWERS TILE HOOK,59,80.16000000000001,2,4.2,3836
84927F,PSYCHEDELIC TILE HOOK,299,182.95000000000002,5,1.9500000000000002,3836
84929,ASSTD FRUIT+FLOWERS FRIDGE MAGNETS,2412,637.5600000000001,163,89.29,3836
84929,found,600,0,0,0,3836
84931A,PINK SCOTTIE DOG W FLOWER PATTERN,133,317.44,0,0,3836
84931B,BLUE SCOTTIE DOG W FLOWER PATTERN,177,424.08,3,7.6499999999999995,3836
84944,SET OF 6 KASHMIR FOLKART BAUBLES,710,1120.26,58,95.69999999999999,3836
84944,found,37,0,0,0,3836
84944,michel oops,22,0,0,0,3836
84944,NA,180,0,0,0,3836
84945,MULTI COLOUR SILVER T-LIGHT HOLDER,10545,8744.43,103,97.46,3836
84946,ANTIQUE SILVER T-LIGHT GLASS,14664,19381.62,316,349.21000000000004,3836
84946,ANTIQUE SILVER TEA GLASS ETCHED,4545,6461.76,19,23.75,3836
84947,ANTIQUE SILVER TEA GLASS ENGRAVED,8652,10229.77,32,38.29,3836
84949,SILVER HANGING T-LIGHT HOLDER,4789,7622.639999999999,263,412.34999999999997,3836
84950,ASSORTED COLOUR T-LIGHT HOLDER,3619,2297.03,10,6.1000000000000005,3836
84951A,SET OF 4 PISTACHIO LOVEBIRD COASTER,475,553.01,24,18.96,3836
84951B,SET OF 4 BLACK LOVEBIRD COASTERS,451,554.78,0,0,3836
84952A,CLEAR LOVE BIRD T-LIGHT HOLDER,92,264.46999999999997,0,0,3836
84952B,BLACK LOVE BIRD T-LIGHT HOLDER,186,332.14,3,11.25,3836
84952C,MIRROR LOVE BIRD T-LIGHT HOLDER,144,255,0,0,3836
84952C,NA,19,0,0,0,3836
84963A,PINK PAINTED KASHMIRI CHAIR,4,171.8,0,0,3836
84963B,BLUE PAINTED KASHMIRI CHAIR,3,149.85000000000002,0,0,3836
84968A,SET OF 16 VINTAGE ROSE CUTLERY,267,3139.2999999999997,10,127.5,3836
84968B,SET OF 16 VINTAGE IVORY CUTLERY,2,25.5,0,0,3836
84968B,NA,2,0,0,0,3836
84968C,SET OF 16 VINTAGE PISTACHIO CUTLERY,317,3585.99,4,51,3836
84968D,SET OF 16 VINTAGE RED CUTLERY,157,1661.47,1,12.75,3836
84968E,SET OF 16 VINTAGE BLACK CUTLERY,134,1522.53,0,0,3836
84968F,SET OF 16 VINTAGE SKY BLUE CUTLERY,177,1905.6799999999998,0,0,3836
84968a,SET OF 16 VINTAGE ROSE CUTLERY,5,125.33,0,0,3836
84968d,SET OF 16 VINTAGE RED CUTLERY,3,74.88,0,0,3836
84968e,SET OF 16 VINTAGE BLACK CUTLERY,8,200.21,0,0,3836
84968f,SET OF 16 VINTAGE SKY BLUE CUTLERY,1,25.49,0,0,3836
84969,BOX OF 6 ASSORTED COLOUR TEASPOONS,559,2389.52,2,8.5,3836
84970L,SINGLE HEART ZINC T-LIGHT HOLDER,6064,6411.5199999999995,12,11.399999999999999,3836
84970S,HANGING HEART ZINC T-LIGHT HOLDER,8879,7650.3099999999995,25,20.2,3836
84970l,SINGLE HEART ZINC T-LIGHT HOLDER,201,418.98,0,0,3836
84970s,HANGING HEART ZINC T-LIGHT HOLDER,238,496.49,0,0,3836
84971L,NA,2,0,0,0,3836
84971S,SMALL HEART FLOWERS HOOK,1761,1540.4499999999998,1,0.85,3836
84971l,LARGE HEART FLOWERS HOOK,2,4.92,0,0,3836
84974,S/2 ZINC HEART DESIGN PLANTERS,39,388.04999999999995,0,0,3836
84975,HEART SHAPED MIRROR,5,8.45,0,0,3836
84976,RECTANGULAR SHAPED MIRROR,512,446.15000000000003,14,11.06,3836
84977,WIRE FLOWER T-LIGHT HOLDER,1,1.25,0,0,3836
84977,NA,3,0,0,0,3836
84978,HANGING HEART JAR T-LIGHT HOLDER,12493,16453.78,175,206.59,3836
84984A,GREEN PEONY CUSHION COVER,19,88.35000000000001,0,0,3836
84984B,RED PEONY CUSHION COVER,17,79.05000000000001,0,0,3836
84984D,ORIENTAL RED CUSHION COVER,13,60.45,0,0,3836
84985A,SET OF 72 GREEN PAPER DOILIES,41,59.449999999999996,5,7.25,3836
84987,SET OF 36 TEATIME PAPER DOILIES,3051,4471.17,15,21.75,3836
84988,?,3000,0,0,0,3836
84988,SET OF 72 PINK HEART PAPER DOILIES,4311,6671.25,13,18.849999999999998,3836
84989A,75 GREEN FAIRY CAKE CASES,27,14.850000000000001,0,0,3836
84989A,NA,1,0,0,0,3836
84989a,75 GREEN FAIRY CAKE CASES,42,87.51,0,0,3836
84990,60 GOLD AND SILVER FAIRY CAKE CASES,2,1.1,0,0,3836
84990,NA,2,0,0,0,3836
84991,60 TEATIME FAIRY CAKE CASES,18189,9169.970000000001,174,95.7,3836
84992,72 SWEETHEART FAIRY CAKE CASES,13319,6532.780000000001,130,62.14,3836
84993A,75 GREEN PETIT FOUR CASES,343,159.69,0,0,3836
84993B,75 BLACK PETIT FOUR CASES,58,24.36,0,0,3836
84993a,75 GREEN PETIT FOUR CASES,32,26.56,0,0,3836
84997A,CHILDRENS CUTLERY POLKADOT GREEN,1728,6864.42,13,49.95,3836
84997A,GREEN 3 PIECE POLKADOT CUTLERY SET,845,3069.46,0,0,3836
84997B,CHILDRENS CUTLERY RETROSPOT RED,2634,10316.86,6,22.5,3836
84997B,RED 3 PIECE RETROSPOT CUTLERY SET,1580,5729.110000000001,28,105,3836
84997C,BLUE 3 PIECE POLKADOT CUTLERY SET,1201,4346.27,0,0,3836
84997C,CHILDRENS CUTLERY POLKADOT BLUE,2582,10150.76,6,22.9,3836
84997D,CHILDRENS CUTLERY POLKADOT PINK,3666,14493.640000000001,4,15,3836
84997D,PINK 3 PIECE POLKADOT CUTLERY SET,1437,5234.56,25,93.75,3836
84997a,CHILDRENS CUTLERY POLKADOT GREEN,101,837.29,0,0,3836
84997a,GREEN 3 PIECE POLKADOT CUTLERY SET,5,41.449999999999996,0,0,3836
84997b,CHILDRENS CUTLERY RETROSPOT RED,273,2287.37,0,0,3836
84997b,RED 3 PIECE RETROSPOT CUTLERY SET,91,765.5500000000001,0,0,3836
84997c,BLUE 3 PIECE POLKADOT CUTLERY SET,19,158.23,0,0,3836
84997c,CHILDRENS CUTLERY POLKADOT BLUE,265,2216.2099999999996,0,0,3836
84997d,CHILDRENS CUTLERY POLKADOT PINK,285,2372.33,0,0,3836
84997d,PINK 3 PIECE POLKADOT CUTLERY SET,34,285.46,0,0,3836
85006,SET 4 NURSERY DES ROUND BOXES,55,57.25,0,0,3836
85008,SET OF 3 CONEY ISLAND OVAL BOXES,13,66.12,0,0,3836
85008,NA,1,0,0,0,3836
85014A,BLACK/BLUE POLKADOT UMBRELLA,1163,6678.72,6,35.7,3836
85014B,RED RETROSPOT UMBRELLA,1910,10952.2,2,11.9,3836
85014a,BLACK/BLUE POLKADOT UMBRELLA,18,225.32000000000002,0,0,3836
85014b,RED RETROSPOT UMBRELLA,25,313.06,0,0,3836
85015,SET OF 12  VINTAGE POSTCARD SET,2180,1718.5400000000002,0,0,3836
85016,SET OF 6 VINTAGE NOTELETS KIT,563,560.11,0,0,3836
85016,NA,5,0,0,0,3836
85017A,ENVELOPE 50 ROMANTIC IMAGES,16,13.58,0,0,3836
85017B,ENVELOPE 50 BLOSSOM IMAGES,1077,600.29,12,10.2,3836
85017B,NA,11,0,0,0,3836
85017C,ENVELOPE 50 CURIOUS IMAGES,49,26.169999999999998,0,0,3836
85017C,Found,13,0,0,0,3836
85017C,adjustment,1,0,0,0,3836
85018C,NA,3,0,0,0,3836
85018D,YULETIDE IMAGES S/6 PAPER BOXES,12,30.599999999999998,0,0,3836
85019A,ROMANTIC IMAGES NOTEBOOK SET,414,564.35,0,0,3836
85019B,BLOSSOM  IMAGES NOTEBOOK SET,512,682.97,0,0,3836
85019B,check,15,0,0,0,3836
85019C,CURIOUS  IMAGES NOTEBOOK SET,182,270.72,12,51,3836
85020,ROUND PINK HEART MIRROR,85,188.81,0,0,3836
85023B,EAU DE NILE JEWELLED PHOTOFRAME,105,235.35000000000002,73,153.75000000000003,3836
85024B,EAU DE NILE JEWELLED PHOTOFRAME,193,289.65,0,0,3836
85024C,PINK SMALL JEWELLED PHOTOFRAME,12,19.799999999999997,1,1.65,3836
85025B,EAU DE NILE HEART SHAPE PHOTO FRAME,329,555.12,1,1.65,3836
85025C,PINK HEART SHAPE PHOTO FRAME,321,520.91,1,1.65,3836
85025C,NA,144,0,0,0,3836
85026B,EAU DE NILE JEWELLED T-LIGHT HOLDER,79,70.27,0,0,3836
85027L,FRENCH CHATEAU LARGE PLATTER,70,160.5,5,9.75,3836
85027L,NA,8,0,0,0,3836
85028L,FRENCH CHATEAU LARGE FRUIT BOWL,10,19.5,0,0,3836
85028L,NA,12,0,0,0,3836
85028S,FRENCH CHATEAU SMALL FRUITBOWL,24,51.599999999999994,0,0,3836
85028S,NA,24,0,0,0,3836
85030,FRENCH CHATEAU OVAL PLATTER,15,29.25,0,0,3836
85031A,ROMANTIC IMAGES SCRAP BOOK SET,16,45.9,0,0,3836
85031B,BLOSSOM IMAGES SCRAP BOOK SET,1,4.95,0,0,3836
85031C,CURIOUS IMAGES SCRAP BOOK SET,3,14.850000000000001,0,0,3836
85032A,ROMANTIC IMAGES GIFT WRAP SET,789,776.49,0,0,3836
85032B,BLOSSOM IMAGES GIFT WRAP SET,786,739.99,0,0,3836
85032C,CURIOUS IMAGES GIFT WRAP SET,683,718.5400000000001,12,7.800000000000001,3836
85032D,YULETIDE IMAGES GIFT WRAP SET,687,561.34,12,7.800000000000001,3836
85032D,NA,171,0,0,0,3836
85034A,3 GARDENIA MORRIS BOXED CANDLES,498,911.4,7,20.75,3836
85034A,check,24,0,0,0,3836
85034B,3 WHITE CHOC MORRIS BOXED CANDLES,945,1628.78,0,0,3836
85034C,3 ROSE MORRIS BOXED CANDLES,1129,1800,20,73,3836
85034a,3 GARDENIA MORRIS BOXED CANDLES,3,24.869999999999997,0,0,3836
85034b,3 WHITE CHOC MORRIS BOXED CANDLES,1,8.29,0,0,3836
85035A,GARDENIA 3 WICK MORRIS BOXED CANDLE,276,782.3,6,25.5,3836
85035B,CHOCOLATE 3 WICK MORRIS BOX CANDLE,619,1054.1,0,0,3836
85035C,ROSE 3 WICK MORRIS BOX CANDLE,1137,1760.66,0,0,3836
85035a,GARDENIA 3 WICK MORRIS BOXED CANDLE,2,16.94,0,0,3836
85035b,CHOCOLATE 3 WICK MORRIS BOX CANDLE,1,8.47,0,0,3836
85035c,ROSE 3 WICK MORRIS BOX CANDLE,1,8.47,0,0,3836
85036A,GARDENIA 1 WICK MORRIS BOXED CANDLE,211,714.35,1,1.25,3836
85036B,CHOCOLATE 1 WICK MORRIS BOX CANDLE,361,581.43,6,25.5,3836
85036C,ROSE 1 WICK MORRIS BOXED CANDLE,742,1066.8600000000001,193,232.25,3836
85036a,GARDENIA 1 WICK MORRIS BOXED CANDLE,2,16.58,0,0,3836
85036b,CHOCOLATE 1 WICK MORRIS BOX CANDLE,1,8.47,0,0,3836
85038,6 CHOCOLATE LOVE HEART T-LIGHTS,1061,2171.26,0,0,3836
85039A,SET/4 RED MINI ROSE CANDLE IN BOWL,704,1010.6199999999999,1,1.65,3836
85039B,S/4 IVORY MINI ROSE CANDLE IN BOWL,806,1174.6299999999999,0,0,3836
85039C,S/4 BLACK MINI ROSE CANDLE IN BOWL,305,265.77,1,1.65,3836
85039a,SET/4 RED MINI ROSE CANDLE IN BOWL,40,131.81,0,0,3836
85040A,S/4 PINK FLOWER CANDLES IN BOWL,888,1607.32,17,28.049999999999997,3836
85040B,SET/4 BLUE FLOWER CANDLES IN BOWL,137,229.46999999999997,4,6.6,3836
85040a,S/4 PINK FLOWER CANDLES IN BOWL,32,105.28,0,0,3836
85044,NA,1,0,0,0,3836
85045,GREEN CHRISTMAS TREE STRING 20LIGHT,42,191.1,4,19.8,3836
85045,NA,22,0,0,0,3836
85047,WHITE BEADED GARLAND STRING 20LIGHT,3,19.049999999999997,3,18.25,3836
85048,15CM CHRISTMAS GLASS BALL 20 LIGHTS,1359,10910.61,41,307.95,3836
85049A,TRADITIONAL CHRISTMAS RIBBONS,3001,3842.36,12,15,3836
85049B,Amazon,1,0,0,0,3836
85049B,LUSH GREENS RIBBONS,54,67.5,0,0,3836
85049B,NA,4,0,0,0,3836
85049C,ROMANTIC PINKS RIBBONS,1215,1515.69,0,0,3836
85049D,BRIGHT BLUES RIBBONS,547,694.99,0,0,3836
85049D,NA,2,0,0,0,3836
85049E,SCANDINAVIAN REDS RIBBONS,2860,3783.61,15,18.75,3836
85049F,BABY BOOM RIBBONS,378,477.34,0,0,3836
85049G,CHOCOLATE BOX RIBBONS,1608,1999.19,14,17.5,3836
85049H,URBAN BLACK RIBBONS,848,869.1,0,0,3836
85049a,TRADITIONAL CHRISTMAS RIBBONS,244,812.84,0,0,3836
85049b,LUSH GREENS RIBBONS,2,4.92,0,0,3836
85049c,ROMANTIC PINKS RIBBONS,1,2.46,0,0,3836
85049d,BRIGHT BLUES RIBBONS,2,4.92,0,0,3836
85049e,SCANDINAVIAN REDS RIBBONS,109,360.71,0,0,3836
85049g,CHOCOLATE BOX RIBBONS,113,276.42,0,0,3836
85053,FRENCH ENAMEL CANDLEHOLDER,1693,3649.4900000000002,28,57.160000000000004,3836
85054,FRENCH ENAMEL POT W LID,587,1430.63,4,8.4,3836
85054,found,27,0,0,0,3836
85055,FRENCH ENAMEL UTENSIL HOLDER,45,183.71,0,0,3836
85059,FRENCH ENAMEL WATER BASIN,411,1273.11,8,22.5,3836
85061W,WHITE JEWELLED HEART DECORATION,2146,1882.1499999999999,7,5.95,3836
85062,PEARL CRYSTAL PUMPKIN T-LIGHT HLDR,1462,2429.4999999999995,4,6.6,3836
85064,CREAM SWEETHEART LETTER RACK,216,976.25,2,9.3,3836
85066,CREAM SWEETHEART MINI CHEST,1784,22594.2,41,448.05,3836
85067,CREAM SWEETHEART WALL CABINET,7,126.64999999999999,0,0,3836
85071A,BLUE CHARLIE+LOLA PERSONAL DOORSIGN,1041,583.23,152,448.4,3836
85071B,RED CHARLIE+LOLA PERSONAL DOORSIGN,1290,684.62,2,5.9,3836
85071C,"CHARLIE+LOLA""EXTREMELY BUSY"" SIGN",683,428,0,0,3836
85071D,CHARLIE+LOLA MY ROOM DOOR SIGN,403,249.48999999999998,0,0,3836
85078,SCANDINAVIAN 3 HEARTS NAPKIN RING,1932,696.8,0,0,3836
85084,HOLLY TOP CHRISTMAS STOCKING,20,17,0,0,3836
85084,NA,25,0,0,0,3836
85086A,CANDY SPOT HEART DECORATION,146,122.08,0,0,3836
85086A,NA,6,0,0,0,3836
85087,CANDY SPOT CUSHION COVER,339,1129.99,1,2.95,3836
85088,CANDY SPOT HAND BAG,259,534.83,2,4.2,3836
85089,CANDY SPOT BUNNY,13,38.35,0,0,3836
85092,CANDY SPOT TEA COSY,27,40.05,0,0,3836
85093,CANDY SPOT EGG WARMER HARE,708,475.18,0,0,3836
85094,CANDY SPOT EGG WARMER RABBIT,640,242.13,0,0,3836
85095,THREE CANVAS LUGGAGE TAGS,150,243.49,0,0,3836
85096,HILDA CANDY SPOT RABBIT,25,109.23,0,0,3836
85096,NA,48,0,0,0,3836
85099B,JUMBO BAG RED RETROSPOT,48375,94159.81,1115,1984.02,3836
85099C,JUMBO  BAG BAROQUE BLACK WHITE,13900,28047.74,281,510.88,3836
85099F,JUMBO BAG STRAWBERRY,17240,32495.59,250,448.49,3836
85099F,NA,101,0,0,0,3836
85099f,JUMBO BAG STRAWBERRY,46,232.05999999999997,0,0,3836
85103,SILVER T-LIGHT SETTING,143,924.29,37,220.15,3836
85104,SILVER GLASS T-LIGHT SET,201,525.75,3,8.850000000000001,3836
85106,CUT GLASS HEXAGON T-LIGHT HOLDER,649,1142.31,0,0,3836
85106,NA,20,0,0,0,3836
85107,CUT GLASS T-LIGHT HOLDER OCTAGON,249,541.39,0,0,3836
85107,check?,374,0,0,0,3836
85107,NA,65,0,0,0,3836
85109,PINK BOUDOIR T-LIGHT HOLDER,12,10.2,0,0,3836
85111,SILVER GLITTER FLOWER VOTIVE HOLDER,1409,437.59,0,0,3836
85114A,BLACK ENCHANTED FOREST PLACEMAT,649,1105.21,0,0,3836
85114B,IVORY ENCHANTED FOREST PLACEMAT,477,902.49,2,3.3,3836
85114C,RED ENCHANTED FOREST PLACEMAT,516,920.2199999999999,0,0,3836
85114a,BLACK ENCHANTED FOREST PLACEMAT,49,161.70000000000002,0,0,3836
85114b,IVORY ENCHANTED FOREST PLACEMAT,36,118.86,0,0,3836
85114c,RED ENCHANTED FOREST PLACEMAT,162,534.66,0,0,3836
85115B,S/4 BLACK DISCO PARTITION PANEL,3,24.869999999999997,0,0,3836
85116,BLACK CANDELABRA T-LIGHT HOLDER,941,1106.88,30,63.00000000000001,3836
85118,HEART T-LIGHT HOLDER,146,144.52,13,16.25,3836
85119,WATERING CAN SINGLE HOOK PISTACHIO,1,3.36,0,0,3836
85123A,?,4000,0,0,0,3836
85123A,CREAM HANGING HEART T-LIGHT HOLDER,61,178.51,0,0,3836
85123A,WHITE HANGING HEART T-LIGHT HOLDER,37584,104284.24,2578,6624.3,3836
85123a,WHITE HANGING HEART T-LIGHT HOLDER,292,1952.4799999999998,0,0,3836
85124B,BLUE JUICY FRUIT PHOTO FRAME,93,264.06,6,15.299999999999999,3836
85124C,GREEN JUICY FRUIT PHOTO FRAME,94,261.89,0,0,3836
85125,SMALL ROUND CUT GLASS CANDLESTICK,161,760.39,0,0,3836
85125,NA,3,0,0,0,3836
85126,LARGE ROUND CUTGLASS CANDLESTICK,2,27.14,1,6.75,3836
85127,SMALL SQUARE CUT GLASS CANDLESTICK,187,1106.54,5,24.75,3836
85127,found,6,0,0,0,3836
85129B,BEADED CRYSTAL HEART GREEN SMALL,119,168.59,0,0,3836
85129C,BEADED CRYSTAL HEART BLUE SMALL,80,107.31,0,0,3836
85129D,BEADED CRYSTAL HEART PINK SMALL,207,342.74,0,0,3836
85130A,BEADED PEARL HEART WHITE LARGE,77,127.04999999999998,0,0,3836
85130B,BEADED CRYSTAL HEART GREEN LARGE,834,760.4300000000001,0,0,3836
85130C,BEADED CRYSTAL HEART BLUE  LARGE,482,437.22,0,0,3836
85130D,BEADED CRYSTAL HEART PINK LARGE,565,569.29,0,0,3836
85131A,BEADED PEARL HEART WHITE ON STICK,996,901.48,13,11.27,3836
85131B,BEADED CRYSTAL HEART GREEN ON STICK,623,521.11,0,0,3836
85131C,BEADED CRYSTAL HEART BLUE ON STICK,193,178.85,0,0,3836
85131D,BEADED CRYSTAL HEART PINK ON STICK,850,725.26,0,0,3836
85132A,CHARLIE + LOLA BISCUITS TINS,545,1561.77,2,3.9,3836
85132B,CHARLIE AND LOLA TABLE TINS,529,1156.1699999999998,0,0,3836
85132C,CHARLIE AND LOLA FIGURES TINS,1520,3562.3199999999997,5,9.75,3836
85132a,CHARLIE + LOLA BISCUITS TINS,8,92.19999999999999,0,0,3836
85132b,CHARLIE AND LOLA TABLE TINS,9,74.60999999999999,0,0,3836
85132c,CHARLIE AND LOLA FIGURES TINS,3,24.869999999999997,0,0,3836
85135A,YELLOW DRAGONFLY HELICOPTER,19,151.05,0,0,3836
85135A,NA,16,0,0,0,3836
85135B,BLUE DRAGONFLY HELICOPTER,65,524.5500000000001,1,7.95,3836
85135B,Found,53,0,0,0,3836
85135B,check,3,0,0,0,3836
85135B,NA,2,0,0,0,3836
85135C,RED DRAGONFLY HELICOPTER,106,856.38,1,7.95,3836
85135C,found,36,0,0,0,3836
85136A,YELLOW SHARK HELICOPTER,71,572.41,0,0,3836
85136B,BLUE SHARK HELICOPTER,2,15.9,0,0,3836
85136C,RED SHARK HELICOPTER,52,421.18,0,0,3836
85141,JARDIN ETCHED GLASS FRUITBOWL,120,619.94,9,40.55,3836
85141,NA,3,0,0,0,3836
85144,JARDIN ETCHED GLASS BUTTER DISH,1,7.25,0,0,3836
85144,JARDIN ETCHED GLASS CHEESE DISH,219,575.4499999999999,0,0,3836
85145,JARDIN ETCHED GLASS LARGE BELL JAR,37,163.75,0,0,3836
85145,NA,9,0,0,0,3836
85146,JARDIN ETCHED GLASS SMALL BELL JAR,45,171.11,0,0,3836
85146,NA,8,0,0,0,3836
85150,LADIES & GENTLEMEN METAL SIGN,4037,9383.43,5,12.299999999999999,3836
85150,NA,118,0,0,0,3836
85152,HAND OVER THE CHOCOLATE   SIGN,8246,15928.730000000001,74,135.22,3836
85152,NA,2,0,0,0,3836
85159A,"BLACK TEA,COFFEE,SUGAR JARS",453,783.35,40,82.39999999999999,3836
85159B,"WHITE TEA,COFFEE,SUGAR JARS",622,1134.5,38,86.54,3836
85160A,WHITE BIRD GARDEN DESIGN MUG,6,7.5,0,0,3836
85160B,BLACK BIRD GARDEN DESIGN MUG,106,62.239999999999995,2,0.78,3836
85160a,WHITE BIRD GARDEN DESIGN MUG,1,16.13,0,0,3836
85161,ACRYLIC GEOMETRIC LAMP,35,568.65,0,0,3836
85163A,WHITE BAROQUE WALL CLOCK,66,559,0,0,3836
85163B,BLACK BAROQUE WALL CLOCK,84,783.68,1,12.75,3836
85167B,BLACK GRAND BAROQUE PHOTO FRAME,50,109.94,0,0,3836
85168B,BLACK BAROQUE CARRIAGE CLOCK,51,432.78999999999996,0,0,3836
85169A,IVORY LOVE BIRD CANDLE,812,813.02,12,15,3836
85169B,BLACK LOVE BIRD CANDLE,329,356.06,0,0,3836
85169C,EAU DE NIL LOVE BIRD CANDLE,429,452.86,12,15,3836
85169D,PINK LOVE BIRD CANDLE,351,356.08,1,1.25,3836
85170A,SET/6 IVORY BIRD T-LIGHT CANDLES,1,2.1,0,0,3836
85170A,NA,1,0,0,0,3836
85170B,SET/6 BLACK BIRD T-LIGHT CANDLES,215,316.75,1,2.1,3836
85170C,SET/6 EAU DE NIL BIRD T-LIGHTS,335,608.53,0,0,3836
85170D,SET/6 PINK BIRD T-LIGHT CANDLES,451,796.99,5,8,3836
85172,HYACINTH BULB T-LIGHT CANDLES,1314,569.68,81,34.02,3836
85173,SET/6 FROG PRINCE T-LIGHT CANDLES,479,795.02,5,12.75,3836
85174,S/4 CACTI CANDLES,613,2927.08,3,14.15,3836
85175,CACTI T-LIGHT CANDLES,5321,2278.9,98,41.160000000000004,3836
85175,NA,20,0,0,0,3836
85176,SEWING SUSAN 21 NEEDLE SET,918,880.4699999999999,1,0.85,3836
85177,BASKET OF FLOWERS SEWING KIT,812,644.2099999999999,1,0.85,3836
85178,VICTORIAN SEWING KIT,2518,2822.58,289,322.85,3836
85179A,GREEN BITTY LIGHT CHAIN,193,380.79,0,0,3836
85179C,PINK BITTY LIGHT CHAIN,106,201.31,0,0,3836
85179a,GREEN BITTY LIGHT CHAIN,1,2.46,0,0,3836
85180A,RED HEARTS LIGHT CHAIN,503,1042.66,6,27.900000000000002,3836
85180B,PINK HEARTS LIGHT CHAIN,271,587.2,0,0,3836
85183A,CHARLIE & LOLA WASTEPAPER BIN BLUE,667,852.04,2,2.5,3836
85183B,CHARLIE & LOLA WASTEPAPER BIN FLORA,996,1323.37,0,0,3836
85184C,S/4 VALENTINE DECOUPAGE HEART BOX,1483,2440.09,0,0,3836
85184C,SET 4 VALENTINE DECOUPAGE HEART BOX,169,545.75,0,0,3836
85184c,SET 4 VALENTINE DECOUPAGE HEART BOX,2,11.58,0,0,3836
85185B,Found in w/hse,50,0,0,0,3836
85185B,PINK HORSE SOCK PUPPET,255,776.4900000000001,0,0,3836
85185B,PINK HORSE SOCK PUPPET KIT,42,123.9,1,2.95,3836
85185B,NA,180,0,0,0,3836
85185D,FROG SOCK PUPPET,15,44.25000000000001,0,0,3836
85185D,NA,2,0,0,0,3836
85186A,EASTER BUNNY GARLAND OF FLOWERS,567,273.64,0,0,3836
85186C,BUNNY EGG GARLAND,528,269.17,20,8.4,3836
85187,S/12 MINI RABBIT EASTER,337,556.53,0,0,3836
85188A,GREEN METAL SWINGING BUNNY,319,278.16999999999996,3,2.55,3836
85188B,PINK METAL SWINGING BUNNY,78,68.69999999999999,0,0,3836
85189,HANGING BUTTERFLY  EGG,9,7.6499999999999995,0,0,3836
85194L,HANGING SPRING FLOWER EGG LARGE,947,822.89,28,23.799999999999997,3836
85194S,HANGING SPRING FLOWER EGG SMALL,1197,489.17,29,18.39,3836
85195,HANGING HEART BASKET,11,23.1,0,0,3836
85197,SET OF 12 MINI BUNNIES IN A BUCKET,34,71.4,0,0,3836
85197,NA,29,0,0,0,3836
85198,ASSORTED FARMYARD ANIMALS IN BUCKET,90,74.58,0,0,3836
85199L,LARGE HANGING IVORY & RED WOOD BIRD,977,663.4300000000001,13,8.450000000000001,3836
85199S,SMALL HANGING IVORY/RED WOOD BIRD,2660,1302.31,24,10.08,3836
85200,BUNNY EGG BOX,183,228.75,0,0,3836
85200,NA,6,0,0,0,3836
85202,HANGING WOOD AND FELT HEART,672,313.13,0,0,3836
85203,HANGING WOOD AND FELT BUTTERFLY,895,408.99,0,0,3836
85204,HANGING WOOD AND FELT FLOWER,2050,325.36,1,0.12,3836
85205B,PINK FELT EASTER RABBIT GARLAND,122,323.15,0,0,3836
85206A,CREAM FELT EASTER EGG BASKET,974,1568.9299999999998,0,0,3836
85206A,NA,4,0,0,0,3836
85206B,PINK FELT EASTER EGG BASKET,14,23.099999999999998,0,0,3836
85208,SET/12 FUNKY FELT FLOWER PEG IN BAG,223,416.91,0,0,3836
85211,S/4 GROOVY CAT MAGNETS,149,175.16,2,1.58,3836
85211,NA,3,0,0,0,3836
85212,MINI PAINTED GARDEN DECORATION,2451,740.15,0,0,3836
85213,MINI  ZINC GARDEN DECORATIONS,829,330.54999999999995,1,0.85,3836
85213,NA,102,0,0,0,3836
85214,TUB 24 PINK FLOWER PEGS,164,271.03999999999996,0,0,3836
85214,NA,70,0,0,0,3836
85215,ASSORTED CHEESE FRIDGE MAGNETS,223,180.71,0,0,3836
85215,NA,120,0,0,0,3836
85216,ASSORTED CAKES FRIDGE MAGNETS,55,35.75,0,0,3836
85224,ASSORTED COLOUR SILK GLASSES CASE,3,6.300000000000001,0,0,3836
85225,BLING KEY RING STAND,6,6.25,0,0,3836
85226A,NA,1,0,0,0,3836
85227,SET OF 6 3D KIT CARDS FOR KIDS,1477,1359.3999999999999,0,0,3836
85230A,OPIUM SCENTED VOTIVE CANDLE,840,203.27999999999997,0,0,3836
85230B,CINNAMON SCENTED VOTIVE CANDLE,1288,333.2,0,0,3836
85230E,STRAWBRY SCENTED VOTIVE CANDLE,1101,267.45,0,0,3836
85230F,JASMINE VOTIVE CANDLE,338,90.33999999999999,0,0,3836
85230G,ORANGE VOTIVE CANDLE,1032,257.03999999999996,48,13.919999999999998,3836
85231B,CINAMMON SET OF 9 T-LIGHTS,868,777.5799999999999,11,9.35,3836
85231G,ORANGE SCENTED SET/9 T-LIGHTS,594,501.27,10,8.5,3836
85231G,amazon,1,0,0,0,3836
85231b,CINAMMON SET OF 9 T-LIGHTS,3,4.92,0,0,3836
85231g,ORANGE SCENTED SET/9 T-LIGHTS,6,9.78,0,0,3836
85232A,SET/3 POLKADOT STACKING TINS,78,389.55,3,14.850000000000001,3836
85232B,SET OF 3 BABUSHKA STACKING TINS,274,1356.3,255,1258.05,3836
85232B,NA,6,0,0,0,3836
85232D,SET/3 DECOUPAGE STACKING TINS,193,992.5200000000001,3,14.850000000000001,3836
85232D,NA,144,0,0,0,3836
90000A,RASPBERRY ANT COPPER FLOWER NECKLAC,13,77.91,0,0,3836
90000B,MIDNIGHT BLUE COPPER FLOWER NECKLAC,11,67.83,0,0,3836
90000D,COPPER/OLIVE GREEN FLOWER NECKLACE,21,129.85,0,0,3836
90001A,ANTIQUE RASPBERRY FLOWER EARRINGS,5,20.950000000000003,0,0,3836
90001B,ANTIQUE MID BLUE FLOWER EARRINGS,5,21.15,0,0,3836
90001C,ANTIQUE OPAL WHITE FLOWER EARRINGS,5,21.130000000000003,0,0,3836
90001D,ANTIQUE OLIVE GREEN FLOWER EARRINGS,7,29.73,0,0,3836
90002D,FLOWER BURST SILVER RING CRYSTAL,13,48.71,0,0,3836
90002D,NA,9,0,0,0,3836
90003B,ROSE COLOUR PAIR HEART HAIR SLIDES,15,56.31,4,15,3836
90003C,MIDNIGHT BLUE PAIR HEART HAIR SLIDE,32,119.84,4,15,3836
90003D,CRYSTAL PAIR HEART HAIR SLIDES,30,112.26,4,15,3836
90003E,GREEN PAIR HEART HAIR SLIDES,23,86.11,4,15,3836
90005A,JADE GREEN ENAMEL HAIR COMB,14,28.02,0,0,3836
90005A,NA,3,0,0,0,3836
90010A,MIDNIGHT BLUE GLASS/SILVER BRACELET,18,167.3,0,0,3836
90010A,NA,25,0,0,0,3836
90010B,BLACK/WHITE GLASS/SILVER BRACELET,11,100.08999999999999,0,0,3836
90010E,AMBER GLASS/SILVER BRACELET,25,227.89,0,0,3836
90011A,MIDNIGHT BLUE CRYSTAL DROP EARRINGS,6,17.509999999999998,0,0,3836
90011B,BLACK CRYSTAL DROP EARRINGS,12,35.27,0,0,3836
90011C,GREEN CRYSTAL DROP EARRINGS,2,5.8,0,0,3836
90011D,PURPLE CRYSTAL DROP EARRINGS,3,8.76,0,0,3836
90011E,AMBER CRYSTAL DROP EARRINGS,3,8.76,0,0,3836
90012A,MIDNIGHT BLUE DROP CRYSTAL NECKLACE,11,53.760000000000005,0,0,3836
90012B,BLACK DROP CRYSTAL NECKLACE,13,45.35000000000001,0,0,3836
90013A,MIDNIGHT BLUE VINTAGE EARRINGS,52,195.32,8,30,3836
90013B,BLACK VINTAGE EARRINGS,36,149.41000000000003,0,0,3836
90013C,GREEN VINTAGE EARRINGS,39,158.08,0,0,3836
90013D,PURPLE VINTAGE EARRINGS,6,25.17,0,0,3836
90014A,SILVER M.O.P. ORBIT NECKLACE,11,54.800000000000004,0,0,3836
90014A,SILVER/MOP ORBIT NECKLACE,16,162.79,0,0,3836
90014B,GOLD M PEARL  ORBIT NECKLACE,15,152.84,0,0,3836
90014B,GOLD M.O.P. ORBIT NECKLACE,2,5.9,0,0,3836
90014C,SILVER AND BLACK ORBIT NECKLACE,2,13.350000000000001,0,0,3836
90014C,SILVER/BLACK ORBIT NECKLACE,3,29.849999999999998,0,0,3836
90016A,SILVER/M.O.P PENDANT ORBIT NECKLACE,17,105.71000000000001,0,0,3836
90016B,GOLD/M.O.P PENDANT ORBIT NECKLACE,22,184.66,0,0,3836
90016C,SILVER/BLACK PENDANT ORBIT NECKLACE,3,24.96,0,0,3836
90018A,SILVER M.O.P ORBIT DROP EARRINGS,46,193.33,1,4.25,3836
90018B,GOLD M.O.P ORBIT DROP EARRINGS,22,92.28,0,0,3836
90018C,SILVER BLACK ORBIT DROP EARRINGS,12,50.400000000000006,1,4.25,3836
90019A,SILVER M.O.P ORBIT BRACELET,38,197.09,0,0,3836
90019B,GOLD M.O.P ORBIT BRACELET,18,96.52000000000001,0,0,3836
90019C,SILVER BLACK ORBIT BRACELET,13,68.73,0,0,3836
90020,FILIGREE DIAMANTE CHAIN,1,12.48,0,0,3836
90021,LASER CUT MULTI STRAND NECKLACE,1,11.95,0,0,3836
90022,EDWARDIAN DROP EARRINGS JET BLACK,24,90.2,4,15,3836
90023,FILIGREE DIAMANTE EARRINGS,13,55.02,0,0,3836
90024B,NEW BAROQUE B'FLY NECKLACE RED,8,67.28,2,17,3836
90024C,NEW BAROQUE B'FLY NECKLACE GREEN,4,33.81,0,0,3836
90024D,NEW BAROQUE B'FLY NECKLACE PINK,2,16.82,0,0,3836
90024E,NEW BAROQUE B'FLY NECKLACE MONTANA,2,16.810000000000002,0,0,3836
90024F,NEW BAROQUE B'FLY NECKLACE CRYSTAL,5,42.13,0,0,3836
90025A,BAROQUE BUTTERFLY EARRINGS BLACK,2,7.5,0,0,3836
90025B,BAROQUE BUTTERFLY EARRINGS RED,1,3.73,0,0,3836
90025D,BAROQUE BUTTERFLY EARRINGS PINK,3,11.19,0,0,3836
90025E,BAROQUE BUTTERFLY EARRINGS MONTANA,1,3.73,0,0,3836
90025F,BAROQUE BUTTERFLY EARRINGS CRYSTAL,4,14.96,0,0,3836
90026A,GLASS BEAD HOOP NECKLACE BLACK,2,17,0,0,3836
90026B,GLASS BEAD HOOP NECKLACE MONTANA,3,25.32,0,0,3836
90026C,GLASS BEAD HOOP NECKLACE GREEN,4,33.82,0,0,3836
90026D,GLASS BEAD HOOP NECKLACE AMETHYST,3,25.5,0,0,3836
90027A,GLASS BEAD HOOP EARRINGS BLACK,6,17.66,0,0,3836
90027B,GLASS BEAD HOOP EARRINGS MONTANA,3,8.76,0,0,3836
90027C,GLASS BEAD HOOP EARRINGS GREEN,5,14.5,0,0,3836
90027D,GLASS BEAD HOOP EARRINGS AMETHYST,9,28.4,0,0,3836
90028,NEW BAROQUE LARGE NECKLACE BLK/WHIT,16,134.16,0,0,3836
90029,NEW BAROQUE SMALL NECKLACE BLACK,5,42.14,0,0,3836
90030A,SPOTTED WHITE NATURAL SEED NECKLACE,72,72,0,0,3836
90030B,RED KUKUI COCONUT SEED NECKLACE,122,190.73000000000002,0,0,3836
90030C,BROWN KUKUI COCONUT SEED NECKLACE,77,91.7,0,0,3836
90031,BILI NUT AND WOOD NECKLACE,50,59.89,0,0,3836
90032,IVORY SHELL HEART NECKLACE,21,103.13,0,0,3836
90033,IVORY SHELL HEART EARRINGS,10,25.07,0,0,3836
90034,WHITE SILVER NECKLACE SHELL GLASS,2,20.17,0,0,3836
90035A,"PEARL & SHELL 42""NECKL. GREEN",5,53.62,0,0,3836
90035C,"PEARL & SHELL 42""NECKL. IVORY",2,21.5,0,0,3836
90036A,FLOWER GARLAND NECKLACE RED,6,47.7,0,0,3836
90036B,"FLOWER GLASS GARLAND NECKL.36""GREEN",4,31.8,0,0,3836
90036C,"FLOWER GLASS GARLAND NECKL.36""BLUE",9,71.4,0,0,3836
90036D,"FLOWER GLASS GARLAND NECKL.36""BLACK",12,95.35000000000001,0,0,3836
90036E,"FLOWER GLASS GARLD NECKL36""AMETHYST",14,110.95,0,0,3836
90036F,"FLOWER GLASS GARLD NECKL36""TURQUOIS",8,64.08,0,0,3836
90037A,TINY CRYSTAL BRACELET RED,1,2.48,0,0,3836
90037B,TINY CRYSTAL BRACELET GREEN,10,25.279999999999998,0,0,3836
90037C,TINY CRYSTAL BRACELET BLUE,5,12.52,0,0,3836
90038A,GLASS AND PAINTED BEADS BRACELET TO,15,56.15,0,0,3836
90038B,GLASS AND PAINTED BEADS BRACELET OL,13,48.77,0,0,3836
90038C,GLASS AND BEADS BRACELET IVORY,9,33.69,0,0,3836
90039A,FIRE POLISHED GLASS BRACELET RED,8,29.96,0,0,3836
90039B,FIRE POLISHED GLASS BRACELET MONTAN,11,41.31,0,0,3836
90039C,FIRE POLISHED GLASS BRACELET BLACK,6,22.48,0,0,3836
90039D,FIRE POLISHED GLASS BRACELET GREEN,21,78.69,0,0,3836
90040A,MURANO STYLE GLASS BRACELET RED,14,54.290000000000006,0,0,3836
90040B,MURANO STYLE GLASS BRACELET BLACK,18,66.7,0,0,3836
90040C,MURANO STYLE GLASS BRACELET GOLD,15,54.42,0,0,3836
90041,PEARL AND CHERRY QUARTZ BRACLET,5,18.27,0,0,3836
90042A,FRESHWATER PEARL BRACELET GOLD,3,7.6499999999999995,0,0,3836
90042B,NA,1,0,0,0,3836
90042C,FRESHWATER PEARL BRACELET IVORY,5,12.7,0,0,3836
90042C,NA,10,0,0,0,3836
90043,COPPER AND BRASS BAG CHARM,4,24.810000000000002,0,0,3836
90046,WHITE WITH METAL BAG CHARM,3,14.850000000000001,0,0,3836
90048,GREEN WITH METAL BAG CHARM,3,14.850000000000001,0,0,3836
90049,IVORY GOLD METAL BAG CHARM,5,34.77,0,0,3836
90050,CRACKED GLAZE NECKLACE IVORY,8,55.720000000000006,2,13.9,3836
90051,CRACKED GLAZE NECKLACE RED,10,70.16,0,0,3836
90052,CRACKED GLAZE NECKLACE BROWN,2,14.14,0,0,3836
90053,CRACKED GLAZE EARRINGS IVORY,4,9.99,0,0,3836
90054,CRACKED GLAZE EARRINGS RED,9,22.58,0,0,3836
90055,CRACKED GLAZE EARRINGS BROWN,5,12.53,0,0,3836
90056,CHUNKY CRACKED GLAZE NECKLACE IVORY,4,43.510000000000005,0,0,3836
90057,DIAMANTE RING ASSORTED IN BOX.,1008,1311.36,0,0,3836
90058A,CRYSTAL STUD EARRINGS CLEAR DISPLAY,324,123.12,36,13.68,3836
90058B,CRYSTAL STUD EARRINGS ASSORTED COL,612,232.56,36,13.68,3836
90059A,DIAMANTE HAIR GRIP PACK/2 CRYSTAL,45,74.53,6,9.899999999999999,3836
90059B,DIAMANTE HAIR GRIP PACK/2 BLACK DIA,16,26.519999999999996,6,9.899999999999999,3836
90059C,DIAMANTE HAIR GRIP PACK/2 MONTANA,15,24.79,6,9.899999999999999,3836
90059D,DIAMANTE HAIR GRIP PACK/2 PERIDOT,25,41.449999999999996,6,9.899999999999999,3836
90059E,DIAMANTE HAIR GRIP PACK/2 RUBY,25,41.37,6,9.899999999999999,3836
90059F,DIAMANTE HAIR GRIP PACK/2 LT ROSE,21,34.69,6,9.899999999999999,3836
90060B,FIRE POLISHED GLASS NECKL GOLD,1,5.95,0,0,3836
90060D,FIRE POLISHED GLASS NECKL BRONZE,3,17.85,0,0,3836
90060F,FIRE POLISHED GLASS NECKL GREEN,6,35.160000000000004,0,0,3836
90062,CARNIVAL BRACELET,44,558.03,1,12.75,3836
90063A,WHITE VINT ART DECO CRYSTAL NECKLAC,12,102,0,0,3836
90063B,BLACK VINT ART DEC CRYSTAL NECKLACE,9,76.32,0,0,3836
90064A,WHITE VINTAGE CRYSTAL EARRINGS,10,38.7,0,0,3836
90064B,BLACK VINTAGE  CRYSTAL EARRINGS,12,45,1,3.75,3836
90065A,WHITE VINTAGE CRYSTAL BRACELET,7,47.25,0,0,3836
90065B,BLACK VINT ART DEC CRYSTAL BRACELET,2,13.5,0,0,3836
90067A,PINK VINTAGE VICTORIAN EARRINGS,14,41.150000000000006,0,0,3836
90067B,BROWN VINTAGE VICTORIAN EARRINGS,2,5.8,0,0,3836
90068,"RUBY GLASS NECKLACE 42""",1,7.5,0,0,3836
90069,RUBY GLASS CLUSTER NECKLACE,2,15,0,0,3836
90070,RUBY GLASS CLUSTER BRACELET,20,122.64,3,17.85,3836
90071,RUBY GLASS CLUSTER EARRINGS,44,54.62,0,0,3836
90072,RUBY DROP CHANDELIER EARRINGS,21,83.42,0,0,3836
90073,VINTAGE ENAMEL & CRYSTAL EARRINGS,27,134.70000000000002,0,0,3836
90074,BLACK DIAMOND CLUSTER NECKLACE,4,37.239999999999995,0,0,3836
90075,MONTANA DIAMOND CLUSTER NECKLACE,4,37.66,0,0,3836
90076,MONTANA DIAMOND CLUSTER EARRINGS,9,24.119999999999997,1,2.55,3836
90077,BLACK DIAMOND CLUSTER EARRINGS,3,8.82,0,0,3836
90078,PINK/WHITE GLASS DEMI CHOKER,2,15,0,0,3836
90079,VINTAGE ENAMEL & CRYSTAL NECKLACE,10,49.760000000000005,0,0,3836
90081A,LILY BROOCH AMETHYST COLOUR,15,74.25,0,0,3836
90081B,LILY BROOCH WHITE/SILVER COLOUR,1,4.95,0,0,3836
90081C,LILY BROOCH OLIVE COLOUR,20,99.60000000000001,0,0,3836
90082A,DIAMANTE BOW BROOCH GREEN COLOUR,30,193.2,0,0,3836
90082B,DIAMANTE BOW BROOCH RED COLOUR,25,158.75,0,0,3836
90082B,NA,3,0,0,0,3836
90082D,DIAMANTE BOW BROOCH BLACK COLOUR,9,58.03,0,0,3836
90083,CRYSTAL CZECH CROSS PHONE CHARM,25,23.47,0,0,3836
90084,PINK CRYSTAL GUITAR PHONE CHARM,1,0.85,0,0,3836
90084,NA,1,0,0,0,3836
90085,CRYSTAL STILETTO PHONE CHARM,34,36.76,0,0,3836
90086,CRYSTAL FROG PHONE CHARM,102,77.78999999999999,0,0,3836
90087,CRYSTAL SEA HORSE PHONE CHARM,107,61.46,0,0,3836
90089,PINK CRYSTAL SKULL PHONE CHARM,20,13.94,0,0,3836
90092,BLUE CRYSTAL BOOT PHONE CHARM,1,1.66,0,0,3836
90093,CLEAR CRYSTAL STAR PHONE CHARM,52,28.57,0,0,3836
90094,NECKLACE+BRACELET SET FRUIT SALAD,14,35.699999999999996,0,0,3836
90096,NECKLACE+BRACELET SET BLUE BLOSSOM,45,112.21,0,0,3836
90098,NECKLACE+BRACELET PINK BUTTERFLY,29,73.94999999999999,6,15.299999999999999,3836
90099,NECKLACE+BRACELET SET BLUE HIBISCUS,27,76.38,0,0,3836
90100,NECKLACE+BRACELET SET PINK DAISY,1,2.55,0,0,3836
90101,WHITE FRANGIPANI NECKLACE,39,98.07,6,15.299999999999999,3836
90102,WHITE FRANGIPANI HAIR CLIP,10,8.5,0,0,3836
90103,PURPLE FRANGIPANI NECKLACE,29,72.66,0,0,3836
90104,PURPLE FRANGIPANI HAIRCLIP,28,23.16,0,0,3836
90104,NA,3,0,0,0,3836
90108,BLUE BLOSSOM HAIR CLIP,70,81.96000000000001,10,10.5,3836
90112,PINK DOLLY HAIR CLIPS,2,2.1,0,0,3836
90112,NA,2,0,0,0,3836
90114,SUMMER DAISIES BAG CHARM,167,417.96,0,0,3836
90115,SUMMER BUTTERFLIES BAG CHARM,54,134.53,0,0,3836
90116,FRUIT SALAD BAG CHARM,64,145.52,0,0,3836
90118,PINK DAISY BAG CHARM,30,74.64,6,15.299999999999999,3836
90119,METALIC LEAVES BAG CHARMS,83,205.06,0,0,3836
90120A,PINK MURANO TWIST BRACELET,7,29.73,0,0,3836
90120B,BLUE MURANO TWIST BRACELET,39,164.12,0,0,3836
90120C,GREEN MURANO TWIST BRACELET,51,215.20000000000002,0,0,3836
90120D,WHITE MURANO TWIST BRACELET,10,41.790000000000006,0,0,3836
90122A,PINK CRYSTAL+GLASS BRACELET,21,104.53,0,0,3836
90122B,JADE CRYSTAL+GLASS BRACELET,6,29.93,0,0,3836
90122C,TURQUOISE CRYSTAL+GLASS BRACELET,24,119.23,0,0,3836
90123A,PINK HEART OF GLASS BRACELET,15,89.12,0,0,3836
90123B,TURQUOISE HEART OF GLASS BRACELET,9,53.42,0,0,3836
90123C,GREEN HEART OF GLASS BRACELET,14,83.29,0,0,3836
90123D,WHITE HEART OF GLASS BRACELET,6,35.31,0,0,3836
90124A,PINK MURANO TWIST NECKLACE,8,79.66,0,0,3836
90124B,BLUE MURANO TWIST NECKLACE,12,119.89,0,0,3836
90124C,GREEN MURANO TWIST NECKLACE,11,109.53999999999999,0,0,3836
90125A,PINK BERTIE GLASS BEAD BAG CHARM,115,106.24,0,0,3836
90125B,AQUA BERTIE GLASS BEAD BAG CHARM,30,48.06,0,0,3836
90125C,TURQUOISE BERTIE GLASS BEAD CHARM,77,69.85,0,0,3836
90125D,PURPLE BERTIE GLASS BEAD BAG CHARM,95,110.03,0,0,3836
90125E,AMBER BERTIE GLASS BEAD BAG CHARM,11,21.05,0,0,3836
90126A,PINK BERTIE MOBILE PHONE CHARM,1,3.36,0,0,3836
90126C,AMBER BERTIE MOBILE PHONE CHARM,2,6.58,0,0,3836
90127A,PINK BEADS+HAND PHONE CHARM,2,4.92,0,0,3836
90128A,PINK LEAVES AND BEADS PHONE CHARM,3,7.43,0,0,3836
90128B,BLUE LEAVES AND BEADS PHONE CHARM,2,3.76,0,0,3836
90128C,GREEN LEAVES AND BEADS PHONE CHARM,2,4.97,0,0,3836
90128D,PURPLE LEAVES AND BEADS PHONE CHAR,2,4.97,0,0,3836
90129A,PINK GLASS TASSLE BAG CHARM,45,82.98,0,0,3836
90129B,TURQUOISE GLASS TASSLE BAG CHARM,57,121.38000000000001,0,0,3836
90129C,GREEN GLASS TASSLE BAG CHARM,35,79.76,0,0,3836
90129D,AMBER GLASS TASSLE BAG CHARM,14,33.440000000000005,0,0,3836
90129E,PURPLE GLASS TASSLE BAG CHARM,42,77.03999999999999,0,0,3836
90129F,RED GLASS TASSLE BAG CHARM,40,88.03,0,0,3836
90130A,WHITE STONE/CRYSTAL EARRINGS,6,17.5,0,0,3836
90130B,TURQ STONE/CRYSTAL EARRINGS,39,113.97,0,0,3836
90130C,GREEN STONE/CRYSTAL EARRINGS,14,40.95,0,0,3836
90130D,RED STONE/CRYSTAL EARRINGS,3,8.7,0,0,3836
90131,PINK/AMETHYST/GOLD NECKLACE,5,34.870000000000005,0,0,3836
90132,LIGHT TOPAZ TEAL/AQUA COL NECKLACE,3,15.16,0,0,3836
90133,TEAL/FUSCHIA COL BEAD NECKLACE,19,94.43,0,0,3836
90134,OLD ROSE COMBO BEAD NECKLACE,54,157.5,0,0,3836
90135,ORANGE/WHT/FUSCHIA STONES NECKLACE,8,39.660000000000004,0,0,3836
90135A,ORANGE/FUSCHIA STONES NECKLACE,1,4.98,0,0,3836
90136,PALE PINK/AMETHYST STONE NECKLACE,3,29.849999999999998,0,0,3836
90137,PINK COMBO MINI CRYSTALS NECKLACE,3,16.310000000000002,0,0,3836
90138,WHITE/PINK MINI CRYSTALS NECKLACE,10,52.42,0,0,3836
90140,PINK SWEETIE NECKLACE,2,15.120000000000001,0,0,3836
90141A,GREEN PENDANT TRIPLE SHELL NECKLACE,12,63.11000000000001,0,0,3836
90141B,IVORY PENDANT TRIPLE SHELL NECKLACE,9,44.86,0,0,3836
90141C,TURQ PENDANT TRIPLE SHELL NECKLACE,10,52.31,0,0,3836
90141D,ROSE PENDANT TRIPLE SHELL NECKLACE,4,20.36,0,0,3836
90141E,ORANGE PENDANT TRIPLE SHELL NECKLAC,5,24.75,0,0,3836
90142A,GREEN PENDANT SHELL NECKLACE,1,5.09,0,0,3836
90142D,MOP PENDANT SHELL NECKLACE,10,49.64,0,0,3836
90143,SILVER BRACELET W PASTEL FLOWER,32,244.68,1,7.5,3836
90144,SILVER DROP EARRINGS WITH FLOWER,18,67.36,0,0,3836
90145,SILVER HOOP EARRINGS WITH FLOWER,28,168,0,0,3836
90146,FINE SILVER NECKLACE W PASTEL FLOWE,17,95.35,0,0,3836
90147,CHUNKY SILVER NECKLACE PASTEL FLOWE,32,324.01,2,19.9,3836
90148,LONG SILVER NECKLACE PASTEL FLOWER,8,101.73,1,12.75,3836
90149,SILVER FLOWR PINK SHELL NECKLACE,53,342.76000000000005,0,0,3836
90151,SILVER/NATURAL SHELL NECKLACE,8,68,0,0,3836
90152A,SILVER/NAT SHELL NECKLACE W PENDANT,5,28.76,0,0,3836
90152B,BLUE/GREEN SHELL NECKLACE W PENDANT,2,11.46,0,0,3836
90152C,BLUE/NAT SHELL NECKLACE W PENDANT,1,5.95,0,0,3836
90154,LAZER CUT NECKLACE W PASTEL BEADS,57,421.75,0,0,3836
90155,RESIN NECKLACE W PASTEL BEADS,9,67.62,0,0,3836
90156,RESIN BRACELET W PASTEL BEADS,4,19.8,0,0,3836
90157,RIVIERA NECKLACE,10,49.59,0,0,3836
90158,ST TROPEZ NECKLACE,45,224.12,0,0,3836
90159,COTE D'AZURE NECKLACE,6,29.790000000000003,0,0,3836
90160A,PURPLE BOUDICCA LARGE BRACELET,38,264.94,7,48.65,3836
90160B,RED BOUDICCA LARGE BRACELET,30,209.73000000000002,0,0,3836
90160C,TURQ+RED BOUDICCA LARGE BRACELET,54,377.04,0,0,3836
90160D,PINK BOUDICCA LARGE BRACELET,38,264.7,0,0,3836
90161A,ANT COPPER RED BOUDICCA BRACELET,24,119.91000000000001,0,0,3836
90161B,ANT COPPER TURQ BOUDICCA BRACELET,76,377.88,0,0,3836
90161C,ANT COPPER LIME BOUDICCA BRACELET,83,412.74,0,0,3836
90161D,ANT COPPER PINK BOUDICCA BRACELET,64,318.89000000000004,0,0,3836
90162A,ANT SILVER TURQUOISE BOUDICCA RING,6,17.700000000000003,0,0,3836
90162B,ANT SILVER LIME GREEN BOUDICCA RING,27,79.65,1,2.95,3836
90162C,ANT SILVER FUSCHIA BOUDICCA RING,14,41.300000000000004,0,0,3836
90162D,ANT SILVER PURPLE BOUDICCA RING,10,29.500000000000004,0,0,3836
90163A,PINK ROSEBUD & PEARL NECKLACE,12,90.32000000000001,0,0,3836
90163B,WHITE ROSEBUD & PEARL NECKLACE,7,52.72,0,0,3836
90164A,PINK ROSEBUD PEARL BRACELET,27,130.67,0,0,3836
90164B,WHITE  ROSEBUD PEARL BRACELET,38,140.98,0,0,3836
90165A,PINK ROSEBUD PEARL EARRINGS,16,39.98,0,0,3836
90165B,WHITE ROSEBUD  PEARL EARRINGS,19,47.43,0,0,3836
90166,PINK & WHITE ROSEBUD RING,21,88.04,0,0,3836
90167,BEADED LOVE HEART JEWELLERY SET,10,8.5,0,0,3836
90167,NA,10,0,0,0,3836
90168,2 DAISIES HAIR COMB,18,52.56,6,17.700000000000003,3836
90169,DAISY HAIR COMB,19,47.839999999999996,6,15.299999999999999,3836
90170,DAISY HAIR BAND,85,140.32999999999998,12,19.799999999999997,3836
90173,PAIR BUTTERFLY HAIR CLIPS,32,120.34,0,0,3836
90174,BUTTERFLY HAIR BAND,38,95.42,12,30.599999999999998,3836
90175A,WHITE GLASS CHUNKY CHARM BRACELET,27,245.63,0,0,3836
90175B,PINK GLASS CHUNKY CHARM BRACELET,10,91.68,0,0,3836
90175C,BLUE GLASS CHUNKY CHARM BRACELET,9,80.55,0,0,3836
90175D,TIGRIS EYE CHUNKY CHARM BRACELET,23,210.04000000000002,0,0,3836
90176A,CLASSIC DIAMANTE NECKLACE JET,3,22.48,1,7.5,3836
90176B,DIAMANTE NECKLACE BLACK,4,30.12,0,0,3836
90176C,DIAMANTE NECKLACE,3,23.32,0,0,3836
90176D,DIAMANTE NECKLACE PURPLE,7,52.5,1,7.5,3836
90176E,DIAMANTE NECKLACE GREEN,4,29.98,0,0,3836
90177A,CLASSIC DIAMANTE EARRINGS JET,14,40.900000000000006,6,17.700000000000003,3836
90177B,DROP DIAMANTE EARRINGS BLACK DIAMON,14,41.010000000000005,0,0,3836
90177C,DROP DIAMANTE EARRINGS CRYSTAL,26,76.23,6,17.700000000000003,3836
90177D,DROP DIAMANTE EARRINGS PURPLE,25,73.53,6,17.700000000000003,3836
90177E,DROP DIAMANTE EARRINGS GREEN,14,41.080000000000005,6,17.700000000000003,3836
90178A,AMBER CHUNKY GLASS+BEAD NECKLACE,8,95.25,0,0,3836
90178B,PURPLE CHUNKY GLASS+BEAD NECKLACE,1,11.95,0,0,3836
90179A,AMBER FINE BEAD NECKLACE W TASSEL,6,35.31,0,0,3836
90179B,PURPLE FINE BEAD NECKLACE W TASSEL,3,17.59,0,0,3836
90179C,BLACK FINE BEAD NECKLACE W TASSEL,6,35.44,0,0,3836
90180A,BLACK+WHITE NECKLACE W TASSEL,17,127.24,0,0,3836
90180B,PURPLE AMETHYST NECKLACE W TASSEL,5,49.81,0,0,3836
90181A,AMBER GLASS/SHELL/PEARL NECKLACE,7,64.04,0,0,3836
90181B,AMETHYST GLASS/SHELL/PEARL NECKLACE,15,137.63,0,0,3836
90181C,BLACK GLASS/SHELL/PEARL NECKLACE,1,9.15,0,0,3836
90182A,AMBER 3 BEAD DROP EARRINGS,8,23.2,0,0,3836
90182B,AMETHYST 3 BEAD DROP EARRINGS,5,14.5,0,0,3836
90182C,BLACK 3 BEAD DROP EARRINGS,14,40.96,6,17.700000000000003,3836
90183A,AMBER DROP EARRINGS W LONG BEADS,40,117.24000000000001,6,17.700000000000003,3836
90183B,AMETHYST DROP EARRINGS W LONG BEADS,21,61.08,0,0,3836
90183C,BLACK DROP EARRINGS W LONG BEADS,9,26.15,0,0,3836
90183c,BLACK DROP EARRINGS W LONG BEADS,1,2.9,0,0,3836
90184A,AMBER CHUNKY BEAD BRACELET W STRAP,13,117.73,0,0,3836
90184B,AMETHYST CHUNKY BEAD BRACELET W STR,33,297.94,0,0,3836
90184C,BLACK CHUNKY BEAD BRACELET W STRAP,21,190.51999999999998,0,0,3836
90184c,BLACK CHUNKY BEAD BRACELET W STRAP,1,9.15,0,0,3836
90185A,AMBER DIAMANTE EXPANDABLE RING,31,131.03,6,25.5,3836
90185B,AMETHYST DIAMANTE EXPANDABLE RING,23,97.02000000000001,9,38.25,3836
90185C,BLACK DIAMANTE EXPANDABLE RING,26,110.09,16,68,3836
90185D,CRYSTAL DIAMANTE EXPANDABLE RING,35,148.63,0,0,3836
90186A,AMETHYST HOOP EARRING FLORAL LEAF,11,32.16,0,0,3836
90186B,CRYSTAL HOOP EARRING FLORAL LEAF,22,64.58,0,0,3836
90187A,BLUE DROP EARRINGS W BEAD CLUSTER,1,3.32,0,0,3836
90187B,GREEN DROP EARRINGS W BEAD CLUSTER,12,40.03,0,0,3836
90188,DROP EARRINGS W FLOWER & LEAF,9,22.58,0,0,3836
90189A,SILVER 2 STRAND NECKLACE-LEAF CHARM,2,15,0,0,3836
90190A,SILVER/CRYSTAL DROP EARRINGS W LEAF,16,46.760000000000005,0,0,3836
90190B,GOLD/AMBER DROP EARRINGS W LEAF,13,38.18,0,0,3836
90190C,SILVER/AMETHYST DROP EARRINGS LEAF,20,58.43,0,0,3836
90191,SILVER LARIAT 40CM,26,163.82,0,0,3836
90192,JADE DROP EARRINGS W FILIGREE,42,209.10000000000002,2,9.9,3836
90194,SILVER LARIAT BLACK STONE EARRINGS,16,67.87,0,0,3836
90195A,PURPLE GEMSTONE BRACELET,19,122.84,0,0,3836
90195B,BLACK GEMSTONE BRACELET,4,29.98,0,0,3836
90196A,PURPLE GEMSTONE NECKLACE 45CM,8,102,0,0,3836
90196B,BLACK GEMSTONE NECKLACE 45CM,5,63.480000000000004,0,0,3836
90197B,BLACK GLASS BRACELET W HEART CHARMS,35,174.73000000000002,0,0,3836
90198A,VINTAGE ROSE BEAD BRACELET RASPBERR,75,315.73,0,0,3836
90198B,VINTAGE ROSE BEAD BRACELET BLACK,36,152.4,0,0,3836
90199A,5 STRAND GLASS NECKLACE BLACK,11,69.63,0,0,3836
90199B,5 STRAND GLASS NECKLACE AMETHYST,9,56.59,0,0,3836
90199C,5 STRAND GLASS NECKLACE CRYSTAL,19,120.28999999999999,1,6.35,3836
90199D,5 STRAND GLASS NECKLACE AMBER,6,37.620000000000005,0,0,3836
90200A,PURPLE SWEETHEART BRACELET,78,328.44,0,0,3836
90200B,BLACK SWEETHEART BRACELET,93,392.83,1,4.25,3836
90200C,BLUE SWEETHEART BRACELET,50,211.43,0,0,3836
90200C,NA,4,0,0,0,3836
90200D,PINK SWEETHEART BRACELET,175,725.32,0,0,3836
90200E,GREEN SWEETHEART BRACELET,103,423.41,0,0,3836
90201A,PURPLE ENAMEL FLOWER RING,69,202.51000000000002,4,11.8,3836
90201B,BLACK ENAMEL FLOWER RING,86,252.90000000000003,7,20.650000000000002,3836
90201C,RED ENAMEL FLOWER RING,63,185.42000000000002,6,17.700000000000003,3836
90201D,GREEN ENAMEL FLOWER RING,77,225.84,0,0,3836
90202A,PURPLE ENAMEL FLOWER HAIR TIE,22,64.28,6,17.700000000000003,3836
90202B,WHITE ENAMEL FLOWER HAIR TIE,17,49.650000000000006,6,17.700000000000003,3836
90202C,GREEN ENAMEL FLOWER HAIR TIE,20,58.71,6,17.700000000000003,3836
90202D,PINK ENAMEL FLOWER HAIR TIE,22,64.46000000000001,6,17.700000000000003,3836
90204,PAIR OF ENAMEL BUTTERFLY HAIRCLIP,29,96.86,4,13.4,3836
90205A,LARGE MINT DIAMANTE HAIRSLIDE,31,51.51,0,0,3836
90205C,LARGE CRYSTAL DIAMANTE HAIRSLIDE,29,48.21,0,0,3836
90206A,GOLD DIAMANTE STAR BROOCH,12,59.800000000000004,0,0,3836
90206C,CRYSTAL DIAMANTE STAR BROOCH,45,224.73000000000002,0,0,3836
90208,PAIR OF PINK FLOWER CLUSTER SLIDE,53,132.7,6,15.299999999999999,3836
90209A,PURPLE ENAMEL+GLASS HAIR COMB,84,163.8,6,12.600000000000001,3836
90209B,GREEN ENAMEL+GLASS HAIR COMB,184,355.64,0,0,3836
90209B,NA,1,0,0,0,3836
90209C,PINK ENAMEL+GLASS HAIR COMB,263,480.5,3,6.300000000000001,3836
90209C,NA,4,0,0,0,3836
90210A,GREY ACRYLIC FACETED BANGLE,34,57.55,0,0,3836
90210B,CLEAR ACRYLIC FACETED BANGLE,41,61.56,0,0,3836
90210C,RED   ACRYLIC FACETED BANGLE,99,130.51,0,0,3836
90210D,PURPLE ACRYLIC FACETED BANGLE,107,132.05,0,0,3836
90211A,DIAMOND LAS VEGAS NECKLACE 45CM,12,70.97,0,0,3836
90211B,JET BLACK LAS VEGAS NECKLACE 45CM,9,53.260000000000005,2,11.9,3836
90212B,JET BLACK LAS VEGAS BRACELET ROUND,10,37.62,0,0,3836
90212C,PURPLE LAS VEGAS BRACELET ROUND,7,26.25,0,0,3836
90214A,"LETTER ""A"" BLING KEY RING",130,111.66,0,0,3836
90214B,"LETTER ""B"" BLING KEY RING",37,24.77,0,0,3836
90214C,"LETTER ""C"" BLING KEY RING",91,72.77,0,0,3836
90214D,"LETTER ""D"" BLING KEY RING",68,49.9,0,0,3836
90214E,"LETTER ""E"" BLING KEY RING",72,53.199999999999996,0,0,3836
90214F,"LETTER ""F"" BLING KEY RING",27,15.43,0,0,3836
90214G,"LETTER ""G"" BLING KEY RING",60,40.199999999999996,0,0,3836
90214H,"LETTER ""H"" BLING KEY RING",48,36.76,0,0,3836
90214I,"LETTER ""I"" BLING KEY RING",38,29.619999999999997,0,0,3836
90214J,"LETTER ""J"" BLING KEY RING",71,57.209999999999994,0,0,3836
90214K,"LETTER ""K"" BLING KEY RING",78,60.699999999999996,0,0,3836
90214L,"LETTER ""L"" BLING KEY RING",94,65.03999999999999,0,0,3836
90214M,"LETTER ""M"" BLING KEY RING",60,49.82,0,0,3836
90214N,"LETTER ""N"" BLING KEY RING",41,29.23,0,0,3836
90214O,"LETTER ""O"" BLING KEY RING",16,6.819999999999999,0,0,3836
90214P,"LETTER ""P"" BLING KEY RING",39,20.23,0,0,3836
90214R,"LETTER ""R"" BLING KEY RING",41,28.009999999999998,0,0,3836
90214S,"LETTER ""S"" BLING KEY RING",94,71,0,0,3836
90214T,"LETTER ""T"" BLING KEY RING",24,13.459999999999999,0,0,3836
90214U,"LETTER ""U"" BLING KEY RING",12,3.4799999999999995,0,0,3836
90214V,"LETTER ""V"" BLING KEY RING",26,15.979999999999999,0,0,3836
90214W,"LETTER ""W"" BLING KEY RING",16,6.819999999999999,0,0,3836
90214Y,"LETTER ""Y"" BLING KEY RING",66,22.839999999999996,0,0,3836
90214Z,"LETTER ""Z"" BLING KEY RING",22,11.84,0,0,3836
AMAZONFEE,AMAZON FEE,2,13761.09,32,235281.59,3836
B,Adjust bad debt,3,-11062.06,0,0,3836
BANK CHARGES,Bank Charges,12,165.001,25,7340.64,3836
C2,CARRIAGE,142,7051,2,65,3836
C2,NA,150,0,0,0,3836
DCGS0003,BOXED GLASS ASHTRAY,4,9.94,0,0,3836
DCGS0004,HAYNES CAMPER SHOULDER BAG,1,16.63,0,0,3836
DCGS0069,OOH LA LA DOGS COLLAR,1,15.79,0,0,3836
DCGS0070,CAMOUFLAGE DOG COLLAR,1,12.72,0,0,3836
DCGS0076,SUNJAR LED NIGHT NIGHT LIGHT,3,48.39,0,0,3836
DCGSSBOY,BOYS PARTY BAG,47,150.55,0,0,3836
DCGSSGIRL,GIRLS PARTY BAG,47,144.43,0,0,3836
DOT,DOTCOM POSTAGE,708,206248.77,1,3.29,3836
DOT,NA,1000,0,0,0,3836
M,Manual,6990,77750.27,4066,146784.46,3836
PADS,PADS TO MATCH ALL CUSHIONS,4,0.003,0,0,3836
POST,POSTAGE,3150,78101.88,147,11871.24,3836
POST,NA,3350,0,0,0,3836
S,SAMPLES,2,63.05,60,3102.7,3836
gift_0001_10,Dotcomgiftshop Gift Voucher £10.00,9,74.97,0,0,3836
gift_0001_10,NA,30,0,0,0,3836
gift_0001_20,Dotcomgiftshop Gift Voucher £20.00,10,167.05,0,0,3836
gift_0001_20,to push order througha s stock was,10,0,0,0,3836
gift_0001_30,Dotcomgiftshop Gift Voucher £30.00,7,175.53,0,0,3836
gift_0001_30,NA,30,0,0,0,3836
gift_0001_40,Dotcomgiftshop Gift Voucher £40.00,3,100.69999999999999,0,0,3836
gift_0001_50,Dotcomgiftshop Gift Voucher £50.00,4,167.56,0,0,3836
m,Manual,1,2.55,0,0,3836
